code,lang,date,title,ref_no,is_rdg,direction,bps,rate_level,n_sections,n_words,flags,url
77105,id,2005-07-05,"BI Rate Triwulan III-2005 Ditetapkan Sebesar 8,5%",7/71/PSHM,True,initial,,,6,858,no_decision_parsed|no_rate_level,https://www.bi.go.id/id/publikasi/ruang-media/news-release/Pages/sp 77105.aspx
bi_rate_090805-1,id,2005-08-09,"BI Rate Meningkat 25 Basis Poin Menjadi 8,75%",,True,hike,25.0,8.75,2,666,few_sections,https://www.bi.go.id/id/publikasi/ruang-media/news-release/Pages/bi rate 090805-1.aspx
78705,id,2005-08-30,Langkah-Langkah Lanjutan Kebijakan Di Bidang Moneter Untuk Meredam Gejolak Nilai Tukar,7/87/PSHM,True,hike,75.0,9.5,6,394,,https://www.bi.go.id/id/publikasi/ruang-media/news-release/Pages/sp 78705.aspx
it_60905_bi_rate-1,id,2005-09-06,"BI Rate Meningkat 50 Basis Poin Menjadi 10,0%",,True,hike,50.0,10.0,2,776,few_sections,https://www.bi.go.id/id/publikasi/ruang-media/news-release/Pages/it 60905 bi rate-1.aspx
79405,id,2005-10-04,Statement Kebijakan Moneter Oleh Gubernur Bank Indonesia,7/94/PSHM,True,hike,100.0,11.0,2,556,few_sections,https://www.bi.go.id/id/publikasi/ruang-media/news-release/Pages/sp 79405.aspx
SP079805,id,2005-11-01,Statement Kebijakan Moneter Oleh Gubernur Bank Indonesia,7/98/PSHM,True,hike,125.0,12.25,4,677,,https://www.bi.go.id/id/publikasi/ruang-media/news-release/Pages/SP079805.aspx
710405,id,2005-12-06,"Statement Kebijakan Moneter Gubernur Bank Indonesia Mengenai Evaluasi Perkembangan Ekonomi 2005, Prospek, Dan Arah Kebijakan Bank Indonesia",7/104/PSHM,True,hike,50.0,12.75,5,820,,https://www.bi.go.id/id/publikasi/ruang-media/news-release/Pages/sp 710405.aspx
8106,id,2006-01-09,"STATEMENT KEBIJAKAN MONETER GUBERNUR BANK INDONESIA : Kebijakan Moneter Cenderung Ketat Dipertahankan : BI Rate Tetap 12,75%",8/1/PSHM,True,hold,0.0,12.75,3,164,few_sections|short_body,https://www.bi.go.id/id/publikasi/ruang-media/news-release/Pages/sp 8106.aspx
8706,id,2006-02-07,"STATEMENT GUBERNUR BANK INDONESIA : BI Melanjutkan Kebijakan Moneter Cenderung Ketat : BI Rate 12,75%",8/7/PSHM,True,hold,0.0,12.75,5,325,,https://www.bi.go.id/id/publikasi/ruang-media/news-release/Pages/sp 8706.aspx
Rilis08122006,id,2006-03-07,"STATEMENT GUBERNUR BANK INDONESIA :BI Melanjutkan Kebijakan Moneter Ketat : BI Rate 12,75%",8/12/PSHM,True,hold,0.0,12.75,5,303,,https://www.bi.go.id/id/publikasi/ruang-media/news-release/Pages/Rilis08122006.aspx
81906,id,2006-04-05,"Statement Gubernur Bank Indonesia : &quot;Kebijakan Moneter Masih Cenderung Ketat, BI Rate Dipertahankan Pada Level 12,75%&quot;",8/19/PSHM,True,hold,0.0,12.75,10,898,,https://www.bi.go.id/id/publikasi/ruang-media/news-release/Pages/sp 81906.aspx
82306,id,2006-05-09,"STATEMENT GUBERNUR BANK INDONESIA : Bank Indonesia Menurunkan BI Rate Menjadi 12,50%",8/23/PSHM,True,cut,25.0,12.5,4,260,,https://www.bi.go.id/id/publikasi/ruang-media/news-release/Pages/sp_82306.aspx
83206,id,2006-06-06,"Statement Gubernur Bank Indonesia : BI Rate Tetap Pada Level 12,50%",8/32/PSHM,True,hold,0.0,12.5,4,399,,https://www.bi.go.id/id/publikasi/ruang-media/news-release/Pages/sp_83206.aspx
83706,id,2006-07-06,STATEMENT GUBERNUR BANK INDONESIA : Bank Indonesia Turunkan BI Rate 25bps,8/37/PSHM,True,cut,25.0,12.25,6,845,,https://www.bi.go.id/id/publikasi/ruang-media/news-release/Pages/sp_83706.aspx
SP8422006,id,2006-08-08,"Statement Gubernur Bank Indonesia :BI Rate Turun 50 bps Menjadi 11,75%",8/42/PSHM,True,cut,50.0,11.75,5,679,,https://www.bi.go.id/id/publikasi/ruang-media/news-release/Pages/SP8422006.aspx
084806,id,2006-09-05,"Statemen Gubernur Bank Indonesia : Bank Indonesia Menurunkan BI Rate Sebesar 50 bps Menjadi 11,25%",8/48/PSHM,True,cut,50.0,11.25,5,679,,https://www.bi.go.id/id/publikasi/ruang-media/news-release/Pages/sp_084806.aspx
85306,id,2006-10-05,"Statemen Gubernur Bank Indonesia : BI Rate Turun 50 bps Menjadi 10,75%",8/53/PSHM,True,cut,50.0,10.75,1,914,few_sections,https://www.bi.go.id/id/publikasi/ruang-media/news-release/Pages/sp_85306.aspx
85706,id,2006-11-07,Pernyataan Gubernur Bank Indonesia : Bank Indonesia Menurunkan BI Rate Sebesar 50 bps Menjadi 10.25%,8/57/PSHM,True,cut,50.0,10.25,1,626,few_sections,https://www.bi.go.id/id/publikasi/ruang-media/news-release/Pages/sp_85706.aspx
86106,id,2006-12-07,"Pernyataan Gubernur Bank Indonesia : BI Rate Turun Menjadi 9,75%",8/61/PSHM,True,cut,50.0,9.75,9,619,,https://www.bi.go.id/id/publikasi/ruang-media/news-release/Pages/sp_86106.aspx
090107,en,2007-01-04,Statement By The Governor Of Bank Indonesia : Opportunity For Reinvigorated Economy In 2007,9/1/PSHM,True,cut,25.0,9.5,5,1003,,https://www.bi.go.id/en/publikasi/ruang-media/news-release/Pages/sp_090107.aspx
090107,id,2007-01-04,Statement Gubernur Bank Indonesia : Peluang Kebangkitan Perekonomian Di Tahun 2007,9/1/PSHM,True,cut,25.0,9.5,11,964,,https://www.bi.go.id/id/publikasi/ruang-media/news-release/Pages/sp_090107.aspx
090807,id,2007-02-06,"Pernyataan Gubernur Bank Indonesia BI Rate Turun Sebesar 25 bps Menjadi 9,25%",9/8/PSHM,True,cut,25.0,9.25,10,857,,https://www.bi.go.id/id/publikasi/ruang-media/news-release/Pages/sp_090807.aspx
091207,en,2007-03-06,Statement by the Governor of Bank Indonesia : BI Rate Lowered 25 bps to 9.00%,9/12/PSHM,True,cut,25.0,9.0,6,1001,,https://www.bi.go.id/en/publikasi/ruang-media/news-release/Pages/sp_091207.aspx
091207,id,2007-03-06,"Pernyataan Gubernur Bank Indonesia : BI Rate Turun Sebesar 25 bps Menjadi 9,00 %",9/12/PSHM,True,cut,25.0,9.0,6,914,,https://www.bi.go.id/id/publikasi/ruang-media/news-release/Pages/sp_091207.aspx
091607,en,2007-04-05,"Statement by the Governor of Bank Indonesia: Macroeconomic Stability on Track, Rising Growth Optimism, BI Rate Stays at 9%",9/16/PSHM,True,hold,0.0,9.0,13,1187,,https://www.bi.go.id/en/publikasi/ruang-media/news-release/Pages/sp_091607.aspx
091607,id,2007-04-05,"Pernyataan Gubernur Bank Indonesia: Stabilitas Makroekonomi Terus Berlanjut, Optimisme Pertumbuhan Ekonomi Meningkat, BI Rate Tetap 9%",9/16/PSHM,True,hold,0.0,9.0,13,1120,no_rate_level,https://www.bi.go.id/id/publikasi/ruang-media/news-release/Pages/sp_091607.aspx
091807,en,2007-05-08,Statement by the Governor of Bank Indonesia: Bank Indonesia Lowers BI Rate 25 bps to 8.75%,9/18/PSHM,True,cut,25.0,8.75,7,818,,https://www.bi.go.id/en/publikasi/ruang-media/news-release/Pages/sp_091807.aspx
091807,id,2007-05-08,"Pernyataan Gubernur Bank Indonesia : Bank Indonesia Menurunkan BI Rate 25 bps Menjadi 8,75%",9/18/PSHM,True,cut,25.0,8.75,7,790,,https://www.bi.go.id/id/publikasi/ruang-media/news-release/Pages/sp_091807.aspx
92107,id,2007-06-07,"Pernyataan Gubernur Bank Indonesia: Bank Indonesia Menurunkan BI Rate 25 bps Menjadi 8,50%",9/21/PSHM,True,cut,25.0,8.5,8,754,,https://www.bi.go.id/id/publikasi/ruang-media/news-release/Pages/sp_92107.aspx
092407,en,2007-07-05,"Economy Consolidating, Macroeconomic Stability Firm, BI Rate Lowered 25 bps to 8.25%",9/24/PSHM,True,cut,25.0,8.25,10,854,,https://www.bi.go.id/en/publikasi/ruang-media/news-release/Pages/sp_092407.aspx
092407,id,2007-07-05,"Perekonomian Semakin Terkonsolidasi, Stabilitas Makroekonomi Tetap Terjaga BI Rate turun 25 bps menjadi 8,25%",9/24/PSHM,True,cut,25.0,8.25,10,792,,https://www.bi.go.id/id/publikasi/ruang-media/news-release/Pages/sp_092407.aspx
093007,id,2007-08-07,"Pernyataan Gubernur Bank Indonesia : Bank Indonesia Mempertahankan BI Rate Pada Level 8,25%",9/30/PSHM,True,hold,0.0,8.25,13,887,,https://www.bi.go.id/id/publikasi/ruang-media/news-release/Pages/sp_093007.aspx
093207,id,2007-09-06,"Stabilitas Ekonomi Makro dan Sistem Keuangan Tetap Terjaga : Bank Indonesia Mempertahankan BI Rate Pada Level 8,25%",9/32/PSHM,True,hold,0.0,8.25,10,732,,https://www.bi.go.id/id/publikasi/ruang-media/news-release/Pages/sp_093207.aspx
093607,en,2007-10-08,Statement by the Governor of Bank Indonesia : BI Keeps BI Rate at 8.25%,9/36/PSHM,True,hold,0.0,8.25,10,868,,https://www.bi.go.id/en/publikasi/ruang-media/news-release/Pages/sp_093607.aspx
093607,id,2007-10-08,"Pernyataan Gubernur Bank Indonesia: BI Mempertahankan BI Rate di 8,25%",9/36/PSHM,True,hold,0.0,8.25,10,801,,https://www.bi.go.id/id/publikasi/ruang-media/news-release/Pages/sp_093607.aspx
093807,en,2007-11-06,Macroeconomic and Financial System Stability Firm : BI Rate Unchanged at 8.25%,9/38/PSHM,True,hold,0.0,8.25,11,857,,https://www.bi.go.id/en/publikasi/ruang-media/news-release/Pages/sp_093807.aspx
093807,id,2007-11-06,"Stabilitas Ekonomi Makro dan Sistem Keuangan Tetap Terjaga : BI Rate Tetap 8,25%",9/38/PSHM,True,hold,0.0,8.25,11,818,,https://www.bi.go.id/id/publikasi/ruang-media/news-release/Pages/sp_093807.aspx
093907,en,2007-12-06,BI Rate Cut to 8%,9/39/PSHM,True,cut,25.0,8.0,1,842,few_sections,https://www.bi.go.id/en/publikasi/ruang-media/news-release/Pages/sp_093907.aspx
093907,id,2007-12-06,BI Rate Turun Menjadi 8%,9/39/PSHM,True,cut,25.0,8.0,1,821,few_sections,https://www.bi.go.id/id/publikasi/ruang-media/news-release/Pages/sp_093907.aspx
100308,en,2008-01-08,Statement by the Governor of Bank Indonesia: BI Rate Unchanged at 8.0%,10/3/PSHM,True,hold,0.0,8.0,10,910,,https://www.bi.go.id/en/publikasi/ruang-media/news-release/Pages/sp_100308.aspx
100308,id,2008-01-08,"Pernyataan Gubernur Bank Indonesia : BI Rate Tetap 8,0%",10/3/PSHM,True,hold,0.0,8.0,10,894,,https://www.bi.go.id/id/publikasi/ruang-media/news-release/Pages/sp_100308.aspx
100808,en,2008-02-06,Statement by the Governor of Bank Indonesia: BI Rate Held at 8.0%,10/8/PSHM,True,hold,0.0,8.0,2,773,few_sections,https://www.bi.go.id/en/publikasi/ruang-media/news-release/Pages/sp_100808.aspx
100808,id,2008-02-06,"Pernyataan Gubernur Bank Indonesia : BI Rate Tetap 8,0%",10/8/PSHM,True,hold,0.0,8.0,3,740,few_sections,https://www.bi.go.id/id/publikasi/ruang-media/news-release/Pages/sp_100808.aspx
101208,en,2008-03-06,Statement by the Governor of Bank Indonesia: BI Rate Held at 8%,10/12/PSHM,True,hold,0.0,8.0,8,609,,https://www.bi.go.id/en/publikasi/ruang-media/news-release/Pages/sp_101208.aspx
101208,id,2008-03-06,Pernyataan Gubernur Bank Indonesia : BI Rate Tetap 8%,10/12/PSHM,True,hold,0.0,8.0,9,554,,https://www.bi.go.id/id/publikasi/ruang-media/news-release/Pages/sp_101208.aspx
101908,en,2008-04-03,Statement by the Governor of Bank Indonesia: BI Rate Unchanged at 8.0%,10/19/PSHM,True,hold,0.0,8.0,6,483,,https://www.bi.go.id/en/publikasi/ruang-media/news-release/Pages/sp_101908.aspx
101908,id,2008-04-03,"Pernyataan Gubernur Bank Indonesia : BI Rate Tetap 8,0%",10/19/PSHM,True,hold,0.0,8.0,5,456,,https://www.bi.go.id/id/publikasi/ruang-media/news-release/Pages/sp_101908.aspx
102308,en,2008-05-06,Statement by the Board of Governors of Bank Indonesia: BI Rate Raised 0.25% to 8.25%,10/23/PSHM,True,hike,25.0,8.25,9,596,,https://www.bi.go.id/en/publikasi/ruang-media/news-release/Pages/sp_102308.aspx
102308,id,2008-05-06,"Pernyataan Dewan Gubernur Bank Indonesia : BI Rate Naik 0,25% Menjadi 8,25%",10/23/PSHM,True,hike,25.0,8.25,9,564,,https://www.bi.go.id/id/publikasi/ruang-media/news-release/Pages/sp_102308.aspx
100608-1,id,2008-06-05,"Pernyataan Dewan Gubernur Bank Indonesia : BI Rate Naik 25 BPS Menjadi 8,5%",10/26/PSHM,True,hike,25.0,8.5,11,775,,https://www.bi.go.id/id/publikasi/ruang-media/news-release/Pages/sp_100608-1.aspx
103208,en,2008-07-03,BI Rate Raised 25 bps to 8.75%,10/32/PSHM,True,hike,25.0,8.75,2,401,few_sections,https://www.bi.go.id/en/publikasi/ruang-media/news-release/Pages/sp_103208.aspx
103208,id,2008-07-03,"BI Rate Naik 25 bps Menjadi 8,75%",10/32/PSHM,True,hike,25.0,8.75,2,370,few_sections,https://www.bi.go.id/id/publikasi/ruang-media/news-release/Pages/sp_103208.aspx
103808,en,2008-08-05,BI Rate Increased 25 bps to 9%,10/38/PSHM,True,hike,25.0,9.0,2,455,few_sections,https://www.bi.go.id/en/publikasi/ruang-media/news-release/Pages/sp_103808.aspx
103808,id,2008-08-05,BI Rate Naik 25 bps Menjadi 9%,10/38/PSHM,True,hike,25.0,9.0,2,395,few_sections,https://www.bi.go.id/id/publikasi/ruang-media/news-release/Pages/sp_103808.aspx
104008,en,2008-09-04,BI Rate Raised 25 bps to 9.25%,10/40/PSHM,True,hike,25.0,9.25,2,320,few_sections,https://www.bi.go.id/en/publikasi/ruang-media/news-release/Pages/sp_104008.aspx
104008,id,2008-09-04,"BI Rate Naik 25 bps Menjadi 9,25%",10/40/PSHM,True,hike,25.0,9.25,2,290,few_sections,https://www.bi.go.id/id/publikasi/ruang-media/news-release/Pages/sp_104008.aspx
104508,en,2008-10-07,Bank Indonesia Raisis BI Rate 25 bps to 9.50%,10/45/PSHM,True,hike,25.0,9.5,1,235,few_sections|short_body,https://www.bi.go.id/en/publikasi/ruang-media/news-release/Pages/sp_104508.aspx
104508,id,2008-10-07,Bank Indonesia Naikkan BI Rate 25 bps Menjadi 9.50%,10/45/PSHM,True,hike,25.0,9.5,5,214,short_body,https://www.bi.go.id/id/publikasi/ruang-media/news-release/Pages/sp_104508.aspx
105408,en,2008-11-06,BI Retains BI Rate at 9.5%,10/54/PSHM,True,hold,0.0,9.5,2,293,few_sections,https://www.bi.go.id/en/publikasi/ruang-media/news-release/Pages/sp_105408.aspx
105408,id,2008-11-06,"BI Mempertahankan BI Rate Pada Tingkat 9,5%",10/54/PSHM,True,hold,0.0,9.5,1,286,few_sections,https://www.bi.go.id/id/publikasi/ruang-media/news-release/Pages/sp_105408.aspx
106208,en,2008-12-04,BI Rate Lowered 25 bps to 9.25%,10/62/PSHM,True,cut,25.0,9.25,2,425,few_sections,https://www.bi.go.id/en/publikasi/ruang-media/news-release/Pages/sp_106208.aspx
106208,id,2008-12-04,"BI Rate Turun 25 bps menjadi 9,25%",10/62/PSHM,True,cut,25.0,9.25,2,365,few_sections,https://www.bi.go.id/id/publikasi/ruang-media/news-release/Pages/sp_106208.aspx
110109,en,2009-01-07,BI Rate Lowered 50 bps to 8.75%,11/1/PSHM,True,cut,50.0,8.75,2,454,few_sections,https://www.bi.go.id/en/publikasi/ruang-media/news-release/Pages/sp_110109.aspx
110109,id,2009-01-07,"BI Rate Turun 50 bps Menjadi 8,75%",11/01/PSHM,True,cut,50.0,8.75,2,437,few_sections,https://www.bi.go.id/id/publikasi/ruang-media/news-release/Pages/sp_110109.aspx
Release_040209,id,2009-02-04,"BI Rate Turun 50 bps Menjadi 8,25 %",11/3/PSHM,True,cut,50.0,8.25,1,264,few_sections,https://www.bi.go.id/id/publikasi/ruang-media/news-release/Pages/Release_040209.aspx
110709,en,2009-03-04,BI Rate Falls 50 Bps,11/7/PSHM,True,cut,50.0,7.75,1,521,few_sections,https://www.bi.go.id/en/publikasi/ruang-media/news-release/Pages/sp_110709.aspx
110709,id,2009-03-04,BI Rate turun 50 bps,11/7/PSHM,True,cut,50.0,7.75,2,492,few_sections,https://www.bi.go.id/id/publikasi/ruang-media/news-release/Pages/sp_110709.aspx
111309,en,2009-04-03,Board of Governors Meeting Q1/2009 : BI Rate trimmed 25 bps,11/13/PSHM,True,cut,25.0,7.5,1,428,few_sections,https://www.bi.go.id/en/publikasi/ruang-media/news-release/Pages/sp_111309.aspx
111309,id,2009-04-03,RDG Triwulan I-2009 : BI Rate turun 25 bps,11/13/PSHM,True,cut,25.0,7.5,1,392,few_sections,https://www.bi.go.id/id/publikasi/ruang-media/news-release/Pages/sp_111309.aspx
05052009,en,2009-05-05,"Board of Governors' Meeting, May 2009: BI Rate Eases 25 bps",11/14/PSHM,True,cut,25.0,7.25,1,283,few_sections,https://www.bi.go.id/en/publikasi/ruang-media/news-release/Pages/SP_05052009.aspx
05052009,id,2009-05-05,RDG Bulanan Mei 2009: BI Rate turun 25 bps,11/14/PSHM,True,cut,25.0,7.25,1,263,few_sections,https://www.bi.go.id/id/publikasi/ruang-media/news-release/Pages/SP_05052009.aspx
111709,en,2009-06-03,Bank Indonesia Cuts BI Rate 25 bps to 7.00%,11/17/PSHM,True,cut,25.0,7.0,1,403,few_sections,https://www.bi.go.id/en/publikasi/ruang-media/news-release/Pages/sp_111709.aspx
111709,id,2009-06-03,"Bank Indonesia menurunkan BI Rate 25 bps, menjadi 7,00%",11/17/PSHM,True,cut,25.0,7.0,1,379,few_sections,https://www.bi.go.id/id/publikasi/ruang-media/news-release/Pages/sp_111709.aspx
111809,en,2009-07-03,Bank Indonesia Lowers BI Rate 25 bps to 6.75%,11/18/PSHM,True,cut,25.0,6.75,8,656,,https://www.bi.go.id/en/publikasi/ruang-media/news-release/Pages/sp_111809.aspx
111809,id,2009-07-03,"BI menurunkan BI Rate 25 bps, menjadi 6,75 %",11/18/PSHM,True,cut,25.0,6.75,8,607,,https://www.bi.go.id/id/publikasi/ruang-media/news-release/Pages/sp_111809.aspx
112209,en,2009-08-05,BI Rate Eases 25 bps to 6.50%,11/22/PSHM,True,cut,25.0,6.5,5,387,,https://www.bi.go.id/en/publikasi/ruang-media/news-release/Pages/sp_112209.aspx
112209,id,2009-08-05,"BI Rate turun 25 bps menjadi 6,50%",,True,cut,25.0,6.5,4,344,,https://www.bi.go.id/id/publikasi/ruang-media/news-release/Pages/sp_112209.aspx
112609,en,2009-09-03,BI Keeps BI Rate at 6.50%,11/26/PSHM,True,hold,0.0,6.5,4,478,,https://www.bi.go.id/en/publikasi/ruang-media/news-release/Pages/sp_112609.aspx
112609,id,2009-09-03,"BI mempertahankan BI Rate pada level 6,50%",11/26/PSHM,True,hold,0.0,6.5,4,439,,https://www.bi.go.id/id/publikasi/ruang-media/news-release/Pages/sp_112609.aspx
112909,en,2009-10-05,Bank Indonesia leaves BI Rate at 6.5%,11/29/PSHM,True,hold,0.0,6.5,5,515,,https://www.bi.go.id/en/publikasi/ruang-media/news-release/Pages/SP_112909.aspx
112909,id,2009-10-05,"Bank Indonesia Mempertahankan BI Rate pada level 6,5%",11/29/PSHM,True,hold,0.0,6.5,5,458,,https://www.bi.go.id/id/publikasi/ruang-media/news-release/Pages/SP_112909.aspx
113209,en,2009-11-04,BI Keeps the BI Rate at 6.5%,11/32/PSHM,True,hold,0.0,6.5,4,484,,https://www.bi.go.id/en/publikasi/ruang-media/news-release/Pages/sp_113209.aspx
113209,id,2009-11-04,"Bank Indonesia mempertahankan BI Rate pada level 6,5%",11/32/PSHM,True,hold,0.0,6.5,5,420,,https://www.bi.go.id/id/publikasi/ruang-media/news-release/Pages/sp_113209.aspx
031209,id,2009-12-03,"BI Rate Tetap 6,5%",11/35/PSHM,True,hold,0.0,6.5,5,476,,https://www.bi.go.id/id/publikasi/ruang-media/news-release/Pages/SP_031209.aspx
060110,id,2010-01-06,"BI Rate Diputuskan Tetap Pada Level 6,5%",12/1/PSHM,True,hold,0.0,6.5,2,575,few_sections,https://www.bi.go.id/id/publikasi/ruang-media/news-release/Pages/SP_060110.aspx
120510,id,2010-02-04,"Bank Indonesia mempertahankan BI Rate pada Level 6,5%",12/5/PSHM,True,hold,0.0,6.5,4,500,,https://www.bi.go.id/id/publikasi/ruang-media/news-release/Pages/sp_120510.aspx
121110,id,2010-03-04,BI Rate tetap 6.5%,12/11/PSHM,True,hold,0.0,6.5,5,439,,https://www.bi.go.id/id/publikasi/ruang-media/news-release/Pages/sp_121110.aspx
121710,en,2010-04-06,BI Rate unchanged at 6.5%,12/17/PSHM,True,hold,0.0,6.5,8,1062,,https://www.bi.go.id/en/publikasi/ruang-media/news-release/Pages/sp_121710.aspx
121710,id,2010-04-06,"BI Rate Tetap Sebesar 6,5%",12/17/PSHM,True,hold,0.0,6.5,8,983,,https://www.bi.go.id/id/publikasi/ruang-media/news-release/Pages/sp_121710.aspx
122310,en,2010-05-05,BI Rate Level Stays at 6.5%,12/23/PSHM,True,hold,0.0,6.5,6,623,,https://www.bi.go.id/en/publikasi/ruang-media/news-release/Pages/sp_122310.aspx
122310,id,2010-05-05,"BI Rate Tetap Pada Level 6,5%",12/23/PSHM,True,hold,0.0,6.5,6,604,,https://www.bi.go.id/id/publikasi/ruang-media/news-release/Pages/sp_122310.aspx
122510,en,2010-06-03,BI Rate Steady at 6.50%,12/25/PSHM,True,hold,0.0,6.5,6,709,,https://www.bi.go.id/en/publikasi/ruang-media/news-release/Pages/sp_122510.aspx
122510,id,2010-06-03,"BI Rate Tetap Pada Level 6,50%",12/25/PSHM,True,hold,0.0,6.5,6,655,,https://www.bi.go.id/id/publikasi/ruang-media/news-release/Pages/sp_122510.aspx
123110,en,2010-07-05,BI Leaves BI Rate Unchanged at 6.50%,12/31/PSHM,True,hold,0.0,6.5,6,904,,https://www.bi.go.id/en/publikasi/ruang-media/news-release/Pages/sp_123110.aspx
123110,id,2010-07-05,"BI mempertahankan BI Rate pada Level 6,50%",12/31/PSHM,True,hold,0.0,6.5,7,910,,https://www.bi.go.id/id/publikasi/ruang-media/news-release/Pages/sp_123110.aspx
123910,en,2010-08-04,BI Rate Steady at 6.5%,12/39/PSHM,True,hold,0.0,6.5,1,753,few_sections,https://www.bi.go.id/en/publikasi/ruang-media/news-release/Pages/sp_123910.aspx
123910,id,2010-08-04,"BI Rate Tetap Pada Level 6,5%",12/39/PSHM,True,hold,0.0,6.5,8,696,,https://www.bi.go.id/id/publikasi/ruang-media/news-release/Pages/sp_123910.aspx
124210,id,2010-09-03,"BI Rate Tetap Sebesar 6,50%",12/42/PSHM,True,hold,0.0,6.5,6,707,,https://www.bi.go.id/id/publikasi/ruang-media/news-release/Pages/sp_124210.aspx
124310,id,2010-10-05,"BI Rate Tetap Pada Level 6,50%",12/43/PSHM,True,hold,0.0,6.5,6,821,,https://www.bi.go.id/id/publikasi/ruang-media/news-release/Pages/sp_124310.aspx
124810,en,2010-11-04,BI Rate Unchanged at 6.5%,12/48/PSHM,True,hold,0.0,6.5,9,857,,https://www.bi.go.id/en/publikasi/ruang-media/news-release/Pages/sp_124810.aspx
124810,id,2010-11-04,"BI Rate Tetap Pada Level 6,5%",12/48/PSHM,True,hold,0.0,6.5,6,810,,https://www.bi.go.id/id/publikasi/ruang-media/news-release/Pages/sp_124810.aspx
125410,en,2010-12-03,Bank Indonesia Holds BI Rate at 6.5%,12/54/PSHM,True,hold,0.0,6.5,6,963,,https://www.bi.go.id/en/publikasi/ruang-media/news-release/Pages/sp_125410.aspx
125410,id,2010-12-03,"Bank Indonesia menetapkan BI Rate Sebesar 6,5%",12/54/PSHM,True,hold,0.0,6.5,7,887,,https://www.bi.go.id/id/publikasi/ruang-media/news-release/Pages/sp_125410.aspx
130111,en,2011-01-05,Bank Indonesia Alerted to Heightened Inflation Risk,13/01/PSHM,True,hold,0.0,6.5,7,1153,,https://www.bi.go.id/en/publikasi/ruang-media/news-release/Pages/sp_130111.aspx
130111,id,2011-01-05,Bank Indonesia Mewaspadai Tingginya Risiko Tekanan Inflasi,13/01/PSHM,True,hold,0.0,6.5,7,1093,,https://www.bi.go.id/id/publikasi/ruang-media/news-release/Pages/sp_130111.aspx
130311,id,2011-02-04,"BI Rate ditetapkan naik 25 bps menjadi 6,75%",13/3/PSHM,True,hike,25.0,6.75,7,710,,https://www.bi.go.id/id/publikasi/ruang-media/news-release/Pages/sp_130311.aspx
04032011,id,2011-03-04,"BI Rate Untuk Sementara Ini Tetap 6,75%",13/7/PSHM,True,hold,0.0,6.75,6,921,,https://www.bi.go.id/id/publikasi/ruang-media/news-release/Pages/SP_04032011.aspx
131111,en,2011-04-12,BI Rate Remains at 6.75%,13/11/PSHM,True,hold,0.0,6.75,10,888,,https://www.bi.go.id/en/publikasi/ruang-media/news-release/Pages/sp_131111.aspx
131111,id,2011-04-12,"BI Rate Tetap 6,75%",13/11/PSHM,True,hold,0.0,6.75,7,871,,https://www.bi.go.id/id/publikasi/ruang-media/news-release/Pages/sp_131111.aspx
131711,en,2011-05-12,"BI Rate Maintained 6,75%",13/17/PSHM,True,hold,0.0,6.75,7,793,,https://www.bi.go.id/en/publikasi/ruang-media/news-release/Pages/sp_131711.aspx
131711,id,2011-05-12,"BI Rate Tetap Pada 6,75%",13/17/PSHM,True,hold,0.0,6.75,6,740,,https://www.bi.go.id/id/publikasi/ruang-media/news-release/Pages/sp_131711.aspx
132011,en,2011-06-09,"BI Rate Maintained at 6,75%",13/20/PSHM,True,hold,0.0,6.75,6,787,,https://www.bi.go.id/en/publikasi/ruang-media/news-release/Pages/sp_132011.aspx
132011,id,2011-06-09,"BI Rate Tetap 6,75%",13/20/PSHM,True,hold,0.0,6.75,6,750,,https://www.bi.go.id/id/publikasi/ruang-media/news-release/Pages/sp_132011.aspx
132111,en,2011-07-12,"BI Rate Maintained at 6,75%",13/21/PSHM,True,hold,0.0,6.75,8,939,,https://www.bi.go.id/en/publikasi/ruang-media/news-release/Pages/sp_132111.aspx
132111,id,2011-07-12,"BI Rate Tetap 6,75%",13/21/PSHM,True,hold,0.0,6.75,8,883,,https://www.bi.go.id/id/publikasi/ruang-media/news-release/Pages/sp_132111.aspx
132711,en,2011-08-09,"BI Rate Maintained at 6,75%",13/27/PSHM,True,hold,0.0,6.75,6,656,,https://www.bi.go.id/en/publikasi/ruang-media/news-release/Pages/sp_132711.aspx
132711,id,2011-08-09,"BI Rate Tetap 6,75%",13/27/PSHM,True,hold,0.0,6.75,6,561,,https://www.bi.go.id/id/publikasi/ruang-media/news-release/Pages/sp_132711.aspx
133011,en,2011-09-08,"BI Rate Maintained at 6,75%, Lower Band of Interest Rate Corridor for Monetary Operation Widened to 150 Bps",13/30/PSHM,True,hold,0.0,6.75,8,1081,,https://www.bi.go.id/en/publikasi/ruang-media/news-release/Pages/sp_133011.aspx
133011,id,2011-09-08,"BI Rate Tetap 6,75%, Batas Bawah Koridor Suku Bunga Operasi Moneter Diperlebar Menjadi 150 bps",13/30/PSHM,True,hold,0.0,6.75,8,928,,https://www.bi.go.id/id/publikasi/ruang-media/news-release/Pages/sp_133011.aspx
133311,en,2011-10-11,"BI Rate Decreased 25 BPS To 6,50%​​",13/33/PSHM,True,cut,25.0,6.5,1,1002,few_sections,https://www.bi.go.id/en/publikasi/ruang-media/news-release/Pages/SP_133311.aspx
133311,id,2011-10-11,"BI Rate Turun 25 BPS Menjadi 6,50%",13/33/PSHM,True,cut,25.0,6.5,1,939,few_sections,https://www.bi.go.id/id/publikasi/ruang-media/news-release/Pages/SP_133311.aspx
133711,en,2011-11-10,"Board of Governor Decreased BI Rate to 6,00%",13/37/PSHM,True,cut,50.0,6.0,8,959,,https://www.bi.go.id/en/publikasi/ruang-media/news-release/Pages/sp_133711.aspx
133711,id,2011-11-10,"Dewan Gubernur memutuskan BI Rate turun menjadi 6,00%",13/37/PSHM,True,cut,50.0,6.0,7,897,,https://www.bi.go.id/id/publikasi/ruang-media/news-release/Pages/sp_133711.aspx
134311,en,2011-12-08,"BI Rate Maintained at 6,0%",13/43/PSHM,True,hold,0.0,6.0,7,1014,,https://www.bi.go.id/en/publikasi/ruang-media/news-release/Pages/sp_134311.aspx
134311,id,2011-12-08,"BI Rate Tetap 6,00%",13/43/PSHM,True,hold,0.0,6.0,8,929,,https://www.bi.go.id/id/publikasi/ruang-media/news-release/Pages/sp_134311.aspx
140112,en,2012-01-12,"BI Rate Maintained 6,0%",14/1/PSHM,True,hold,0.0,6.0,9,1087,,https://www.bi.go.id/en/publikasi/ruang-media/news-release/Pages/sp_140112.aspx
140112,id,2012-01-12,"BI Rate Tetap 6,0%",14/1/PSHM,True,hold,0.0,6.0,9,1041,,https://www.bi.go.id/id/publikasi/ruang-media/news-release/Pages/sp_140112.aspx
14312,id,2012-02-09,"BI Rate Turun 25 bps Menjadi 5,75%",14/3/PSHM,True,cut,25.0,5.75,9,915,,https://www.bi.go.id/id/publikasi/ruang-media/news-release/Pages/sp_14312.aspx
140512,en,2012-03-08,"BI Rate Maintained 5,75%",14/5/PSHM,True,hold,0.0,5.75,8,996,,https://www.bi.go.id/en/publikasi/ruang-media/news-release/Pages/sp_140512.aspx
140512,id,2012-03-08,"BI Rate Tetap 5,75%",14/5/PSHM,True,hold,0.0,5.75,8,957,,https://www.bi.go.id/id/publikasi/ruang-media/news-release/Pages/sp_140512.aspx
140712,en,2012-04-12,"BI Rate Maintained 5,75%",14/7/PSHM,True,hold,0.0,5.75,8,1078,,https://www.bi.go.id/en/publikasi/ruang-media/news-release/Pages/sp_140712.aspx
140712,id,2012-04-12,"BI Rate Tetap 5,75%",14/7/PSHM,True,hold,0.0,5.75,8,1070,,https://www.bi.go.id/id/publikasi/ruang-media/news-release/Pages/sp_140712.aspx
141112,en,2012-05-10,"BI Rate Mantained 5,75%",14/11/DSPHM,True,hold,0.0,5.75,5,973,,https://www.bi.go.id/en/publikasi/ruang-media/news-release/Pages/sp_141112.aspx
141112,id,2012-05-10,"BI Rate Tetap 5,75%",14/11/PSHM,True,hold,0.0,5.75,7,950,,https://www.bi.go.id/id/publikasi/ruang-media/news-release/Pages/sp_141112.aspx
12062012,en,2012-06-12,BI Rate Maintained at 5.75%,14/16/PSHM,True,hold,0.0,5.75,7,909,,https://www.bi.go.id/en/publikasi/ruang-media/news-release/Pages/sp_141612.aspx
12062012,id,2012-06-12,"BI Rate Tetap 5,75%",14/16/PSHM,True,hold,0.0,5.75,7,859,,https://www.bi.go.id/id/publikasi/ruang-media/news-release/Pages/SP_12062012.aspx
142412,en,2012-07-12,BI Rate Maintained at 5.75%,14/24/PSHM,True,hold,0.0,5.75,8,982,,https://www.bi.go.id/en/publikasi/ruang-media/news-release/Pages/sp_142412.aspx
142412,id,2012-07-12,"BI Rate Tetap 5,75%",14/24/PSHM,True,hold,0.0,5.75,9,927,,https://www.bi.go.id/id/publikasi/ruang-media/news-release/Pages/sp_142412.aspx
142612-1,en,2012-08-09,BI Rate Maintained at 5.75%,14/27/PSHM,True,hold,0.0,5.75,7,953,,https://www.bi.go.id/en/publikasi/ruang-media/news-release/Pages/sp_142712.aspx
142612-1,id,2012-08-09,"BI Rate Tetap 5,75%",14/27/PSHM,True,hold,0.0,5.75,8,956,,https://www.bi.go.id/id/publikasi/ruang-media/news-release/Pages/sp_142612-1.aspx
143212,en,2012-09-13,BI Rate Maintained at 5.75%,14/32/PSHM,True,hold,0.0,5.75,7,852,,https://www.bi.go.id/en/publikasi/ruang-media/news-release/Pages/sp_143212.aspx
143212,id,2012-09-13,"BI Rate Tetap 5,75%",14/32/PSHM,True,hold,0.0,5.75,8,805,,https://www.bi.go.id/id/publikasi/ruang-media/news-release/Pages/sp_143212.aspx
143312,en,2012-10-11,BI Rate Maintained at 5.75%,14/33/PSHM,True,hold,0.0,5.75,8,984,,https://www.bi.go.id/en/publikasi/ruang-media/news-release/Pages/sp_143312.aspx
143312,id,2012-10-11,"BI Rate Tetap 5,75%",14/33/PSHM,True,hold,0.0,5.75,9,910,,https://www.bi.go.id/id/publikasi/ruang-media/news-release/Pages/sp_143312.aspx
143512,en,2012-11-08,BI Rate Maintained at 5.75%,14/35/PSHM,True,hold,0.0,5.75,6,833,,https://www.bi.go.id/en/publikasi/ruang-media/news-release/Pages/sp_143512.aspx
143512,id,2012-11-08,"BI Rate Tetap 5,75%",14/35/PSHM,True,hold,0.0,5.75,7,796,,https://www.bi.go.id/id/publikasi/ruang-media/news-release/Pages/sp_143512.aspx
144512,en,2012-12-11,BI Rate Maintained at 5.75%,14/45/DPSHM,True,hold,0.0,5.75,7,965,,https://www.bi.go.id/en/publikasi/ruang-media/news-release/Pages/sp_144512.aspx
144512,id,2012-12-11,"BI Rate Tetap 5,75%",14/45/DPSHM,True,hold,0.0,5.75,8,893,,https://www.bi.go.id/id/publikasi/ruang-media/news-release/Pages/sp_144512.aspx
150113,en,2013-01-10,BI Rate Maintained at 5.75%,15/1/PSHM,True,hold,0.0,5.75,9,1316,,https://www.bi.go.id/en/publikasi/ruang-media/news-release/Pages/sp_150113.aspx
150113,id,2013-01-10,"BI Rate Tetap 5,75%",15/1/PSHM,True,hold,0.0,5.75,9,1158,,https://www.bi.go.id/id/publikasi/ruang-media/news-release/Pages/sp_150113.aspx
150313,id,2013-02-12,"BI Rate Tetap 5,75%",,True,hold,0.0,5.75,6,723,,https://www.bi.go.id/id/publikasi/ruang-media/news-release/Pages/sp_150313.aspx
150613,id,2013-03-07,"BI Rate Tetap 5,75%",15/6/PSHM,True,hold,0.0,5.75,7,710,,https://www.bi.go.id/id/publikasi/ruang-media/news-release/Pages/sp_150613.aspx
15913,en,2013-04-11,"BI Rate Maintained 5,75%",15/9/PSHM,True,hold,0.0,5.75,7,924,,https://www.bi.go.id/en/publikasi/ruang-media/news-release/Pages/sp_15913.aspx
15913,id,2013-04-11,"BI Rate Tetap 5,75%",15/9/PSHM,True,hold,0.0,5.75,7,890,,https://www.bi.go.id/id/publikasi/ruang-media/news-release/Pages/sp_15913.aspx
151813-2,en,2013-05-14,"BI Rate Maintained at 5,75%",15/18/PSHM,True,hold,0.0,5.75,6,933,,https://www.bi.go.id/en/publikasi/ruang-media/news-release/Pages/sp_151813-2.aspx
151813-2,id,2013-05-14,"BI Rate Tetap 5,75%",15/18/PSHM,True,hold,0.0,5.75,7,864,,https://www.bi.go.id/id/publikasi/ruang-media/news-release/Pages/sp_151813-2.aspx
150913,en,2013-06-13,BI Rate Raised by 25 bps to 6.00%,,True,hike,25.0,6.0,6,819,,https://www.bi.go.id/en/publikasi/ruang-media/news-release/Pages/sp_150913_dkom.aspx
150913,id,2013-06-13,"BI Rate Naik 25 bps Menjadi 6,00%",,True,hike,25.0,6.0,6,762,,https://www.bi.go.id/id/publikasi/ruang-media/news-release/Pages/sp_150913_dkom.aspx
151413,id,2013-07-11,"BI Rate naik 50 bps menjadi 6,50%",,True,hike,50.0,6.5,7,966,,https://www.bi.go.id/id/publikasi/ruang-media/news-release/Pages/sp_151413_dkom.aspx
152113,en,2013-08-15,"BI Rate Maintained at 6,50%",15/21/DKom,True,hold,0.0,6.5,7,1138,,https://www.bi.go.id/en/publikasi/ruang-media/news-release/Pages/SP_152113_dkom.aspx
152113,id,2013-08-15,"BI Rate Tetap 6,50%",15/21/DKom,True,hold,0.0,6.5,7,1044,,https://www.bi.go.id/id/publikasi/ruang-media/news-release/Pages/SP_152113_dkom.aspx
152613,en,2013-08-29,"Bank Indonesia to Continue Measures in Strengthening the Policy Mix to Curb Inflation, Stabilize Rupiah Exchange Rate, and Cut Current Account Deficit",,True,hike,50.0,7.0,1,1871,few_sections,https://www.bi.go.id/en/publikasi/ruang-media/news-release/Pages/sp_152613_dkom.aspx
152613,id,2013-08-29,"Langkah-Langkah Lanjutan Penguatan Bauran Kebijakan Bank Indonesia untuk Pengendalian Inflasi, Stabilisasi Nilai Tukar Rupiah, dan Penurunan Defisit Transaksi Berjalan",,True,hike,50.0,7.0,2,1642,few_sections,https://www.bi.go.id/id/publikasi/ruang-media/news-release/Pages/sp_152613_dkom.aspx
153013,id,2013-09-12,"BI Rate Naik 25 bps menjadi 7,25%",,True,hike,25.0,7.25,8,920,,https://www.bi.go.id/id/publikasi/ruang-media/news-release/Pages/sp_153013_dkom.aspx
153613,en,2013-10-08,BI Rate held at 7.25%,15/36/DKom,True,hold,0.0,7.25,8,1081,,https://www.bi.go.id/en/publikasi/ruang-media/news-release/Pages/sp_153613_dkom.aspx
153613,id,2013-10-08,"BI Rate Tetap 7,25%",15/36/DKom,True,hold,0.0,7.25,8,1002,,https://www.bi.go.id/id/publikasi/ruang-media/news-release/Pages/sp_153613_dkom.aspx
154413,en,2013-11-12,BI Rate raised 25 bps to 7.50%,15/44/DKom,True,hike,25.0,7.5,8,999,,https://www.bi.go.id/en/publikasi/ruang-media/news-release/Pages/sp_154413_dkom.aspx
154413,id,2013-11-12,"BI Rate Naik 25 bps menjadi 7,50%",15/44/DKom,True,hike,25.0,7.5,8,927,,https://www.bi.go.id/id/publikasi/ruang-media/news-release/Pages/sp_154413_dkom.aspx
155013,en,2013-12-12,BI Rate held at 7.50%,15/50/DKom,True,hold,0.0,7.5,8,958,,https://www.bi.go.id/en/publikasi/ruang-media/news-release/Pages/SP_155013_DKom.aspx
155013,id,2013-12-12,"BI Rate tetap 7,50%",15/50/DKom,True,hold,0.0,7.5,8,827,,https://www.bi.go.id/id/publikasi/ruang-media/news-release/Pages/SP_155013_DKom.aspx
160214,en,2014-01-09,BI Rate held at 7.50% Bank Indonesia Policy Mix Strengthened,16/2/DKom,True,hold,0.0,7.5,8,1331,,https://www.bi.go.id/en/publikasi/ruang-media/news-release/Pages/SP_160214.aspx
160214,id,2014-01-09,"BI Rate tetap 7,50%: Bauran Kebijakan Bank Indonesia Diperkuat",16/2/DKom,True,hold,0.0,7.5,8,1197,,https://www.bi.go.id/id/publikasi/ruang-media/news-release/Pages/SP_160214.aspx
160813,en,2014-02-13,​BI Rate held at 7.50%,16/8/DKom,True,hold,0.0,7.5,7,1193,,https://www.bi.go.id/en/publikasi/ruang-media/news-release/Pages/SP_160814.aspx
160813,id,2014-02-13,"BI Rate Tetap 7,50%",16/8/DKom,True,hold,0.0,7.5,7,1037,,https://www.bi.go.id/id/publikasi/ruang-media/news-release/Pages/sp_160813.aspx
161814,en,2014-03-13,​BI Rate maintained at 7.50%,16/18/DKom,True,hold,0.0,7.5,7,1086,,https://www.bi.go.id/en/publikasi/ruang-media/news-release/Pages/sp_161814.aspx
161814,id,2014-03-13,"BI Rate Tetap 7,50%",16/18/DKom,True,hold,0.0,7.5,7,960,,https://www.bi.go.id/id/publikasi/ruang-media/news-release/Pages/sp_161814.aspx
162214,id,2014-04-08,"BI Rate Tetap 7,50%",16/22/DKom,True,hold,0.0,7.5,6,1069,,https://www.bi.go.id/id/publikasi/ruang-media/news-release/Pages/sp_162214.aspx
163014,id,2014-05-08,"BI Rate Tetap 7,50%",16/30/DKom,True,hold,0.0,7.5,8,1348,,https://www.bi.go.id/id/publikasi/ruang-media/news-release/Pages/sp_163014.aspx
163914,en,2014-06-12,BI Rate held at 7.50%,16/39/DKom,True,hold,0.0,7.5,7,1155,,https://www.bi.go.id/en/publikasi/ruang-media/news-release/Pages/sp_163914.aspx
163914,id,2014-06-12,"BI Rate Tetap 7,50%",16/39/DKom,True,hold,0.0,7.5,7,996,,https://www.bi.go.id/id/publikasi/ruang-media/news-release/Pages/sp_163914.aspx
16452014,en,2014-07-10,BI Rate held at 7.50%,16/45/DKom,True,hold,0.0,7.5,7,1066,,https://www.bi.go.id/en/publikasi/ruang-media/news-release/Pages/SP_16452014.aspx
16452014,id,2014-07-10,"BI Rate Tetap 7,50%",16/45/DKom,True,hold,0.0,7.5,7,1020,,https://www.bi.go.id/id/publikasi/ruang-media/news-release/Pages/SP_16452014.aspx
165614,en,2014-08-14,BI Rate Maintained at 7.50%,16/56/DKom,True,hold,0.0,7.5,7,1451,,https://www.bi.go.id/en/publikasi/ruang-media/news-release/Pages/sp_165614.aspx
165614,id,2014-08-14,"BI Rate Tetap 7,50%",16/56/DKom,True,hold,0.0,7.5,7,1321,,https://www.bi.go.id/id/publikasi/ruang-media/news-release/Pages/sp_165614.aspx
166414,en,2014-09-11,BI Rate Maintained at 7.50%,16/64/DKom,True,hold,0.0,7.5,7,1157,,https://www.bi.go.id/en/publikasi/ruang-media/news-release/Pages/sp_166414.aspx
166414,id,2014-09-11,"BI Rate Tetap 7,50%",16/64/DKom,True,hold,0.0,7.5,7,1097,,https://www.bi.go.id/id/publikasi/ruang-media/news-release/Pages/sp_166414.aspx
167314,en,2014-10-07,BI Rate Maintained at 7.50%,16/73/DKom,True,hold,0.0,7.5,7,1158,,https://www.bi.go.id/en/publikasi/ruang-media/news-release/Pages/sp_167314.aspx
167314,id,2014-10-07,"BI Rate Tetap 7,50%",16/73/DKom,True,hold,0.0,7.5,7,1065,,https://www.bi.go.id/id/publikasi/ruang-media/news-release/Pages/sp_167314.aspx
168914,en,2014-11-13,BI Rate Maintained at 7.50%,16/89/DKom,True,hold,0.0,7.5,7,1251,,https://www.bi.go.id/en/publikasi/ruang-media/news-release/Pages/sp_168914.aspx
168914,id,2014-11-13,"BI Rate Tetap 7,50%",16/89/DKom,True,hold,0.0,7.5,7,1109,,https://www.bi.go.id/id/publikasi/ruang-media/news-release/Pages/sp_168914.aspx
169214,en,2014-11-18,Bank Indonesia’s Policy Mix responds to Government Fuel Subsidy Reform Policy,16/92/DKom,True,hike,25.0,7.75,1,566,few_sections,https://www.bi.go.id/en/publikasi/ruang-media/news-release/Pages/sp_169214.aspx
169214,id,2014-11-18,Bauran Kebijakan Bank Indonesia Merespon Kebijakan Reformasi Subsidi BBM Pemerintah,16/92/DKom,True,hike,25.0,7.75,2,517,few_sections,https://www.bi.go.id/id/publikasi/ruang-media/news-release/Pages/sp_169214.aspx
1610114,en,2014-12-11,BI Rate Maintained at 7.75%,16/101/DKom,True,hold,0.0,7.75,7,1216,,https://www.bi.go.id/en/publikasi/ruang-media/news-release/Pages/sp_1610114.aspx
1610114,id,2014-12-11,"​BI Rate Tetap 7,75%​",16/101/DKom,True,hold,0.0,7.75,7,1117,,https://www.bi.go.id/id/publikasi/ruang-media/news-release/Pages/sp_1610114.aspx
170515,en,2015-01-15,BI Rate Maintained at 7.75%,17/5/DKom,True,hold,0.0,7.75,8,1521,,https://www.bi.go.id/en/publikasi/ruang-media/news-release/Pages/sp_170515.aspx
170515,id,2015-01-15,"BI Rate Tetap 7,75%",17/5/DKom,True,hold,0.0,7.75,8,1446,,https://www.bi.go.id/id/publikasi/ruang-media/news-release/Pages/sp_170515.aspx
171215,en,2015-02-17,BI Rate Lowered by 25 bps to 7.50%,17/12/DKom,True,cut,25.0,7.5,7,1185,,https://www.bi.go.id/en/publikasi/ruang-media/news-release/Pages/sp_171215.aspx
171215,id,2015-02-17,"BI Rate Turun 25 Bps Menjadi 7,50%",17/12/DKom,True,cut,25.0,7.5,7,1122,,https://www.bi.go.id/id/publikasi/ruang-media/news-release/Pages/sp_171215.aspx
171715,en,2015-03-17,"BI Rate Unchanged at 7,50%",17/17/DKom,True,hold,0.0,7.5,7,1122,,https://www.bi.go.id/en/publikasi/ruang-media/news-release/Pages/sp_171715.aspx
171715,id,2015-03-17,"BI Rate Tetap 7,50%",17/17/DKom,True,hold,0.0,7.5,7,964,,https://www.bi.go.id/id/publikasi/ruang-media/news-release/Pages/sp_171715.aspx
172915,en,2015-04-14,​BI Rate Maintained at 7.50%,17/29/DKom,True,hold,0.0,7.5,7,1225,,https://www.bi.go.id/en/publikasi/ruang-media/news-release/Pages/sp_172915.aspx
172915,id,2015-04-14,"BI Rate Tetap 7,50%",17/29/DKom,True,hold,0.0,7.5,7,1215,,https://www.bi.go.id/id/publikasi/ruang-media/news-release/Pages/sp_172915.aspx
173815,en,2015-05-19,BI Rate Held at 7.50% Macroprudential Policy Loosened,17/38/DKom,True,hold,0.0,7.5,7,1151,,https://www.bi.go.id/en/publikasi/ruang-media/news-release/Pages/sp_173815.aspx
173815,id,2015-05-19,"BI Rate Tetap 7,50% Kebijakan Makroprudensial Dilonggarkan",17/38/DKom,True,hold,0.0,7.5,7,1175,,https://www.bi.go.id/id/publikasi/ruang-media/news-release/Pages/sp_173815.aspx
174915,en,2015-06-18,BI Rate Held at 7.50%​,17/49/DKom,True,hold,0.0,7.5,7,1070,,https://www.bi.go.id/en/publikasi/ruang-media/news-release/Pages/sp_174915.aspx
174915,id,2015-06-18,"BI Rate Tetap 7,50%",17/49/DKom,True,hold,0.0,7.5,7,1114,,https://www.bi.go.id/id/publikasi/ruang-media/news-release/Pages/sp_174915.aspx
175615,en,2015-07-08,BI Rate Held at 7.50%,17/56/DKom,True,hold,0.0,7.5,7,857,lang_mismatch:date,https://www.bi.go.id/en/publikasi/ruang-media/news-release/Pages/sp_175615.aspx
175615,id,2015-07-14,"BI Rate Tetap 7,50%",17/56/DKom,True,hold,0.0,7.5,7,881,lang_mismatch:date,https://www.bi.go.id/id/publikasi/ruang-media/news-release/Pages/sp_175615.aspx
176315b,en,2015-08-18,BI Rate Held at 7.50%,17/63/DKom,True,hold,0.0,7.5,7,1102,,https://www.bi.go.id/en/publikasi/ruang-media/news-release/Pages/sp_176315b.aspx
176315b,id,2015-08-18,"BI Rate Tetap 7,50%",17/63/DKom,True,hold,0.0,7.5,7,1148,,https://www.bi.go.id/id/publikasi/ruang-media/news-release/Pages/sp_176315b.aspx
177015,en,2015-09-17,BI Rate Held at 7.50%,17/70/DKom,True,hold,0.0,7.5,7,1058,,https://www.bi.go.id/en/publikasi/ruang-media/news-release/Pages/sp_177015.aspx
177015,id,2015-09-17,"BI Rate Tetap 7,50%",17/70/DKom,True,hold,0.0,7.5,7,1097,,https://www.bi.go.id/id/publikasi/ruang-media/news-release/Pages/sp_177015.aspx
177515,en,2015-10-15,BI Rate Held at 7.50%,17/75/DKom,True,hold,0.0,7.5,7,1165,,https://www.bi.go.id/en/publikasi/ruang-media/news-release/Pages/sp_177515.aspx
177515,id,2015-10-15,"​BI Rate Tetap 7,50%",17/75/DKom,True,hold,0.0,7.5,7,1137,,https://www.bi.go.id/id/publikasi/ruang-media/news-release/Pages/sp_177515.aspx
178615,en,2015-11-17,"BI Rate Held at 7.50%, Primary Reserves in Rupiah Lowered by 0.50%",17/86/DKom,True,hold,0.0,7.5,7,1207,,https://www.bi.go.id/en/publikasi/ruang-media/news-release/Pages/sp_178615.aspx
178615,id,2015-11-17,"BI Rate Tetap 7,50%, GWM Primer dalam Rupiah Turun 0,50%",17/86/DKom,True,hold,0.0,7.5,7,1178,,https://www.bi.go.id/id/publikasi/ruang-media/news-release/Pages/sp_178615.aspx
179515,en,2015-12-17,BI Rate Held at 7.50%,17/95/DKom,True,hold,0.0,7.5,0,1119,few_sections,https://www.bi.go.id/en/publikasi/ruang-media/news-release/Pages/sp_179515.aspx
179515,id,2015-12-17,"BI Rate Tetap 7,50%",17/95/DKom,True,hold,0.0,7.5,7,1090,,https://www.bi.go.id/id/publikasi/ruang-media/news-release/Pages/sp_179515.aspx
180316,en,2016-01-14,BI Rate Lowered 25 bps to 7.25%,18/3/DKom,True,cut,25.0,7.25,8,1039,,https://www.bi.go.id/en/publikasi/ruang-media/news-release/Pages/sp_180316.aspx
180316,id,2016-01-14,"BI Rate Turun 25 bps Menjadi 7,25%",18/3/DKom,True,cut,25.0,7.25,8,1050,,https://www.bi.go.id/id/publikasi/ruang-media/news-release/Pages/sp_180316.aspx
181416,en,2016-02-18,BI Rate and Primary Reserve Requirement Lowered Again,,True,cut,25.0,7.0,8,1128,,https://www.bi.go.id/en/publikasi/ruang-media/news-release/Pages/sp_181416.aspx
181416,id,2016-02-18,BI Turunkan Lagi BI Rate dan GWM Primer​,18/14/DKom,True,cut,25.0,7.0,8,1147,,https://www.bi.go.id/id/publikasi/ruang-media/news-release/Pages/sp_181416.aspx
182316,en,2016-03-17,BI Rate Lowered 25bps to 6.75%,18/23/DKom,True,cut,25.0,6.75,7,1180,,https://www.bi.go.id/en/publikasi/ruang-media/news-release/Pages/sp_182316.aspx
182316,id,2016-03-17,"​BI Rate Turun 25 bps menjadi 6,75%",18/23/DKom,True,cut,25.0,6.75,7,1183,,https://www.bi.go.id/id/publikasi/ruang-media/news-release/Pages/sp_182316.aspx
182916,en,2016-04-15,Governor of Bank Indonesia: BI Sets the 7-day Repo Rate as a New Policy Rate,18/29/DKom,True,initial,,,0,409,few_sections|no_decision_parsed|no_rate_level,https://www.bi.go.id/en/publikasi/ruang-media/news-release/Pages/sp_182916.aspx
182916,id,2016-04-15,Gubernur BI: Bank Indonesia Menetapkan 7-day Repo Rate Sebagai Suku Bunga Kebijakan Baru,18/29/DKom,True,initial,,,0,402,few_sections|no_decision_parsed|no_rate_level,https://www.bi.go.id/id/publikasi/ruang-media/news-release/Pages/sp_182916.aspx
183116,en,2016-04-21,BI Rate held at 6.75%,18/31/DKom,True,hold,0.0,6.75,7,1076,,https://www.bi.go.id/en/publikasi/ruang-media/news-release/Pages/sp_183116.aspx
183116,id,2016-04-21,"BI Rate Tetap 6,75%",18/31/DKom,True,hold,0.0,6.75,7,1065,,https://www.bi.go.id/id/publikasi/ruang-media/news-release/Pages/sp_183116.aspx
183816,en,2016-05-19,"BI Rate Held at 6.75%, BI 7-day (Reverse) Repo Rate Held at 5.50%",18/38/DKom,True,hold,0.0,6.75,7,1154,,https://www.bi.go.id/en/publikasi/ruang-media/news-release/Pages/sp_183816.aspx
183816,id,2016-05-19,"BI Rate Tetap 6,75%, BI 7-day (Reverse) Repo Rate Tetap 5,50%",18/38/DKom,True,hold,0.0,6.75,7,1117,,https://www.bi.go.id/id/publikasi/ruang-media/news-release/Pages/sp_183816.aspx
185016,en,2016-06-16,"Macroeconomic Stability Maintained, BI Rate Lowered 25bps to 6.50%, BI 7-Day (Reverse) Repo Rate also reduced 25bps to 5.25%",18/50/DKom,True,cut,25.0,6.5,6,1191,,https://www.bi.go.id/en/publikasi/ruang-media/news-release/Pages/sp_185016.aspx
185016,id,2016-06-16,"Stabilitas Makroekonomi Tetap Terjaga, BI Rate Turun 25 bps menjadi 6,50%, BI 7-day (Reverse) Repo Rate Turun 25 bps menjadi 5,25%",18/50/DKom,True,cut,25.0,6.5,6,1209,,https://www.bi.go.id/id/publikasi/ruang-media/news-release/Pages/sp_185016.aspx
185616,en,2016-07-21,"BI Rate Held at 6.50%, BI 7-day (Reverse) Repo Rate Held at 5.25%",18/56/DKom,True,hold,0.0,6.5,7,1180,,https://www.bi.go.id/en/publikasi/ruang-media/news-release/Pages/sp_185616.aspx
185616,id,2016-07-21,"BI Rate Tetap 6,50%, BI 7-day (Reverse) Repo Rate Tetap 5,25%",18/56/DKom,True,hold,0.0,6.5,7,1177,,https://www.bi.go.id/id/publikasi/ruang-media/news-release/Pages/sp_185616.aspx
186716,en,2016-08-19,"BI 7-day Reverse Repo Rate held at 5,25%",18/67/DKom,True,hold,0.0,5.25,7,1310,,https://www.bi.go.id/en/publikasi/ruang-media/news-release/Pages/sp_186716.aspx
186716,id,2016-08-19,"BI 7-Day Reverse Repo Rate Tetap 5,25%",18/67/DKom,True,hold,0.0,5.25,7,1301,,https://www.bi.go.id/id/publikasi/ruang-media/news-release/Pages/sp_186716.aspx
187816,en,2016-09-22,BI Continues to Ease Its Monetary Policy by Lowering BI 7-Day Reverse Repo Rate 25 bps,18/78/DKom,True,cut,25.0,5.0,7,1036,,https://www.bi.go.id/en/publikasi/ruang-media/news-release/Pages/sp_187816.aspx
187816,id,2016-09-22,BI Kembali Melonggarkan Kebijakan Moneter dengan Menurunkan BI 7-Day Reverse Repo Rate Sebesar 25 bps,18/78/DKom,True,cut,25.0,5.0,7,1042,,https://www.bi.go.id/id/publikasi/ruang-media/news-release/Pages/sp_187816.aspx
188416,en,2016-10-20,"Macroeconomic Stability Maintained, BI Cuts 7-Day (Reverse) Repo Rate from 5.00% to 4.75%",18/84/DKom,True,cut,25.0,4.75,7,914,,https://www.bi.go.id/en/publikasi/ruang-media/news-release/Pages/sp_188416.aspx
188416,id,2016-10-20,"Stabilitas Makroekonomi Terjaga, BI Kembali Menurunkan BI 7-Day (Reverse) Repo Rate dari 5,00% Menjadi 4,75%",18/84/DKom,True,cut,25.0,4.75,7,940,,https://www.bi.go.id/id/publikasi/ruang-media/news-release/Pages/sp_188416.aspx
189416,en,2016-11-17,BI 7-day Reverse Repo Rate Held at 4.75% BI Responds to External Uncertainty against a Stable Domestic Backdrop,18/94/DKom,True,hold,0.0,4.75,8,1185,,https://www.bi.go.id/en/publikasi/ruang-media/news-release/Pages/sp_189416.aspx
189416,id,2016-11-17,"BI 7-day Reverse Repo Rate Tetap 4,75% BI Merespons Ketidakpastian Eksternal di tengah Ekonomi Domestik yang Stabil",18/94/DKom,True,hold,0.0,4.75,8,1213,,https://www.bi.go.id/id/publikasi/ruang-media/news-release/Pages/sp_189416.aspx
1810216,en,2016-12-15,BI 7-Day Reverse Repo Rate Held at 4.75% Maintaining Balance Between Macroeconomic Stability and Domestic Economic Recovery,18/102/DKom,True,hold,0.0,4.75,7,1201,,https://www.bi.go.id/en/publikasi/ruang-media/news-release/Pages/sp_1810216.aspx
1810216,id,2016-12-15,"BI 7-Day Reverse Repo Rate Tetap 4,75% Menjaga Keseimbangan Stabilitas Makroekonomi dan Pemulihan Ekonomi Domestik",18/102/DKom,True,hold,0.0,4.75,7,1206,,https://www.bi.go.id/id/publikasi/ruang-media/news-release/Pages/sp_1810216.aspx
190617,en,2017-01-19,"BI 7-Day Reverse Repo Rate Held at 4.75% Maintaining Stability, Supporting Economic Recovery Amid Global Uncertainty",19/6/DKom,True,hold,0.0,4.75,7,1021,,https://www.bi.go.id/en/publikasi/ruang-media/news-release/Pages/sp_190617.aspx
190617,id,2017-01-19,"BI 7-Day Reverse Repo Rate Tetap 4,75% Menjaga Stabilitas dan Mendukung Pemulihan Ekonomi di tengah Ketidakpastian Global",19/6/DKom,True,hold,0.0,4.75,7,1038,,https://www.bi.go.id/id/publikasi/ruang-media/news-release/Pages/sp_190617.aspx
191417,en,2017-02-16,BI 7-day Reverse Repo Rate Held at 4.75% Stability Maintained and Economic Growth Improved,19/14/DKom,True,hold,0.0,4.75,9,1176,,https://www.bi.go.id/en/publikasi/ruang-media/news-release/Pages/sp_191417.aspx
191417,id,2017-02-16,"BI 7-Day Reverse Repo Rate Tetap 4,75% Stabilitas Terjaga dan Ekonomi Tumbuh Membaik",19/14/DKom,True,hold,0.0,4.75,9,1182,,https://www.bi.go.id/id/publikasi/ruang-media/news-release/Pages/sp_191417.aspx
192217,en,2017-03-16,"BI 7-day Reverse Repo Rate Held at 4.75% Maintaining Stability, Keeping Economic Growth Momentum Amidst Escalating Global Risk",19/22/DKom,True,hold,0.0,4.75,7,965,,https://www.bi.go.id/en/publikasi/ruang-media/news-release/Pages/sp_192217.aspx
192217,id,2017-03-16,"BI 7-Day Reverse Repo Rate Tetap 4,75% Menjaga Stabilitas, Memelihara Momentum Pertumbuhan Ekonomi di Tengah Peningkatan Risiko Global",19/22/DKom,True,hold,0.0,4.75,7,1012,,https://www.bi.go.id/id/publikasi/ruang-media/news-release/Pages/sp_192217.aspx
192917,en,2017-04-20,"BI 7-Day Reverse Repo Rate Held at 4,75% Maintaining Stability and Promoting Sustainable Economic Recovery",19/29/DKom,True,hold,0.0,4.75,7,1100,,https://www.bi.go.id/en/publikasi/ruang-media/news-release/Pages/sp_192917.aspx
192917,id,2017-04-20,"BI 7-Day Reverse Repo Rate Tetap 4,75% Menjaga Stabilitas dan Mendorong Keberlanjutan Pemulihan Ekonomi",19/29/DKom,True,hold,0.0,4.75,8,1066,,https://www.bi.go.id/id/publikasi/ruang-media/news-release/Pages/sp_192917.aspx
194017,en,2017-05-18,"​BI 7-Day Reverse Repo Rate Held at 4,75% Stability Maintained, Economy Improved",19/40/DKom,True,hold,0.0,4.75,7,1151,,https://www.bi.go.id/en/publikasi/ruang-media/news-release/Pages/sp_194017.aspx
194017,id,2017-05-18,"BI 7-Day Reverse Repo Rate Tetap 4,75% Stabilitas Terjaga, Perekonomian Membaik",19/40/DKom,True,hold,0.0,4.75,7,1118,,https://www.bi.go.id/id/publikasi/ruang-media/news-release/Pages/sp_194017.aspx
19462017,en,2017-06-15,"BI 7-Day Reverse Repo Rate Held at 4.75% Maintaining Stability, Promoting Economic Recovery",19/46/DKom,True,hold,0.0,4.75,7,1079,,https://www.bi.go.id/en/publikasi/ruang-media/news-release/Pages/sp_19462017.aspx
19462017,id,2017-06-15,"BI 7-Day Reverse Repo Rate Tetap 4,75% Menjaga Stabilitas, Mendorong Pemulihan Ekonomi",19/46/DKom,True,hold,0.0,4.75,7,1050,,https://www.bi.go.id/id/publikasi/ruang-media/news-release/Pages/sp_19462017.aspx
195317,en,2017-07-20,BI 7-Day Reverse Repo Rate Held at 4.75% Maintaining Stability and Promoting National Economic Recovery Momentum,19/53/DKom,True,hold,0.0,4.75,8,1124,,https://www.bi.go.id/en/publikasi/ruang-media/news-release/Pages/sp_195317.aspx
195317,id,2017-07-20,"BI 7-Day Reverse Repo Rate Tetap 4,75% Menjaga Stabilitas dan Mendorong Momentum Pemulihan Ekonomi Nasional",19/53/DKom,True,hold,0.0,4.75,8,1032,,https://www.bi.go.id/id/publikasi/ruang-media/news-release/Pages/sp_195317.aspx
196417,en,2017-08-22,"BI Lowers Policy Rate Stability Maintained, Supporting Economic Recovery",19/64/DKom,True,cut,25.0,4.5,7,1087,,https://www.bi.go.id/en/publikasi/ruang-media/news-release/Pages/sp_196417.aspx
196417,id,2017-08-22,"BI Menurunkan Suku Bunga Kebijakan: Terjaganya Stabilitas, Mendukung Pemulihan Ekonomi",19/64/DKom,True,cut,25.0,4.5,7,1066,,https://www.bi.go.id/id/publikasi/ruang-media/news-release/Pages/sp_196417.aspx
197317,en,2017-09-22,"Bank Indonesia Cuts Policy Rate: Macroeconomic Stability Maintained, Strengthening Recovery Momentum",19/73/DKom,True,cut,25.0,4.25,7,979,,https://www.bi.go.id/en/publikasi/ruang-media/news-release/Pages/sp_197317.aspx
197317,id,2017-09-22,"Bank Indonesia Menurunkan Suku Bunga Kebijakan: Makroekonomi Terjaga, Memperkuat Momentum Pemulihan",19/73/DKom,True,cut,25.0,4.25,7,992,,https://www.bi.go.id/id/publikasi/ruang-media/news-release/Pages/sp_197317.aspx
197917,en,2017-10-19,"Bank Indonesia Holds Policy Rate: Global Economy Improves, Domestic Economic Recovery Continues",19/79/DKom,True,hold,0.0,4.25,7,998,,https://www.bi.go.id/en/publikasi/ruang-media/news-release/Pages/sp_197917.aspx
197917,id,2017-10-19,"Bank Indonesia Mempertahankan Suku Bunga Kebijakan: Ekonomi Global Membaik, Pemulihan Ekonomi Domestik Berlanjut",19/79/DKom,True,hold,0.0,4.25,7,997,,https://www.bi.go.id/id/publikasi/ruang-media/news-release/Pages/sp_197917.aspx
198717,en,2017-11-16,"Bank Indonesia Holds Policy Rate: Global Economy Strengthens, Domestic Economic Recovery Continues",19/87/DKom,True,hold,0.0,4.25,7,1178,,https://www.bi.go.id/en/publikasi/ruang-media/news-release/Pages/sp_198717.aspx
198717,id,2017-11-16,"Bank Indonesia Mempertahankan Suku Bunga Kebijakan: Ekonomi Global Menguat, Pemulihan Ekonomi Domestik Berlanjut",19/87/DKom,True,hold,0.0,4.25,6,1101,,https://www.bi.go.id/id/publikasi/ruang-media/news-release/Pages/sp_198717.aspx
199517,en,2017-12-14,Bank Indonesia Holds Policy Rate: Maintaining a Recovery Momentum Amidst the Global Economic Improvement,19/95/DKom,True,hold,0.0,4.25,7,1291,,https://www.bi.go.id/en/publikasi/ruang-media/news-release/Pages/sp_199517.aspx
199517,id,2017-12-14,Bank Indonesia Mempertahankan Suku Bunga Kebijakan: Menjaga Momentum Pemulihan di tengah Perbaikan Ekonomi Global,19/95/DKom,True,hold,0.0,4.25,7,1183,,https://www.bi.go.id/id/publikasi/ruang-media/news-release/Pages/sp_199517.aspx
200618,en,2018-01-18,"Bank Indonesia Holds Policy Rate: Economic Resilience Improves, Recovery Prospect Continues",20/6/DKom,True,hold,0.0,4.25,9,1605,,https://www.bi.go.id/en/publikasi/ruang-media/news-release/Pages/sp_200618.aspx
200618,id,2018-01-18,"Bank Indonesia Mempertahankan Suku Bunga Kebijakan: Resiliensi Ekonomi Membaik, Prospek Pemulihan Berlanjut",20/6/DKom,True,hold,0.0,4.25,9,1540,,https://www.bi.go.id/id/publikasi/ruang-media/news-release/Pages/sp_200618.aspx
201418,en,2018-02-15,"Bank Indonesia Holds Policy Rate: Economic Stability Maintained, Recovery Momentum Continues",20/14/DKom,True,hold,0.0,4.25,7,1441,,https://www.bi.go.id/en/publikasi/ruang-media/news-release/Pages/sp_201418.aspx
201418,id,2018-02-15,"Bank Indonesia Mempertahankan Suku Bunga Kebijakan: Terjaganya Stabilitas Ekonomi, Momentum Pemulihan Berlanjut",20/14/DKom,True,hold,0.0,4.25,7,1402,,https://www.bi.go.id/id/publikasi/ruang-media/news-release/Pages/sp_201418.aspx
202318,en,2018-03-22,BI 7-Day Reverse Repo Rate Held at 4.25%: Maintaining Recovery Momentum Amid Escalating Global Risk,20/23/DKom,True,hold,0.0,4.25,7,1217,,https://www.bi.go.id/en/publikasi/ruang-media/news-release/Pages/sp_202318.aspx
202318,id,2018-03-22,"BI 7-Day Reverse Repo Rate Tetap 4,25%: Menjaga Momentum Pemulihan di Tengah Peningkatan Risiko Global",20/23/DKom,True,hold,0.0,4.25,7,1220,,https://www.bi.go.id/id/publikasi/ruang-media/news-release/Pages/sp_202318.aspx
203218,en,2018-04-19,BI 7-Day Reverse Repo Rate Held at 4.25%: Supporting the Momentum of Recovery Amid High Global Risk,20/32/DKom,True,hold,0.0,4.25,7,1279,,https://www.bi.go.id/en/publikasi/ruang-media/news-release/Pages/sp_203218.aspx
203218,id,2018-04-19,"BI 7-Day Reverse Repo Rate Tetap 4,25%: Mendukung Momentum Pemulihan di Tengah Risiko Global yang Masih Tinggi",20/32/DKom,True,hold,0.0,4.25,7,1214,,https://www.bi.go.id/id/publikasi/ruang-media/news-release/Pages/sp_203218.aspx
204418,en,2018-05-17,BI 7-day Reverse Repo Rate Raised by 25 bps to 4.50%: Strengthening Policy Mix to Secure Macroeconomic Stability,20/44/DKom,True,hike,25.0,4.5,5,1351,,https://www.bi.go.id/en/publikasi/ruang-media/news-release/Pages/sp_204418.aspx
204418,id,2018-05-17,"BI 7-Day Reverse Repo Rate Naik 25 bps Menjadi 4,50%: Memperkuat Bauran Kebijakan untuk Memastikan Stabilitas Makroekonomi",20/44/DKom,True,hike,25.0,4.5,7,1283,,https://www.bi.go.id/id/publikasi/ruang-media/news-release/Pages/sp_204418.aspx
204618,en,2018-05-30,BI 7-day Reverse Repo Rate Raised by 25 bps to 4.75%: Pre-emptive Policy to Strengthen Stability,20/46/DKom,True,hike,25.0,4.75,4,653,,https://www.bi.go.id/en/publikasi/ruang-media/news-release/Pages/sp_204618.aspx
204618,id,2018-05-30,"BI 7-Day Reverse Repo Rate Naik 25 bps Menjadi 4,75%: Kebijakan Pre-emptive untuk Memperkuat Stabilitas",20/46/DKom,True,hike,25.0,4.75,4,618,,https://www.bi.go.id/id/publikasi/ruang-media/news-release/Pages/sp_204618.aspx
205118,en,2018-06-29,BI 7-day Reverse Repo Rate Raised by 50 bps to 5.25%: Further Policy Mix Response to Strengthen Economic Stability,20/51/DKom,True,hike,50.0,5.25,7,1467,,https://www.bi.go.id/en/publikasi/ruang-media/news-release/Pages/sp_205118.aspx
205118,id,2018-06-29,"BI 7-Day Reverse Repo Rate Naik 50 bps Menjadi 5,25%: Respons Bauran Kebijakan Lanjutan untuk Memperkuat Stabilitas Ekonomi",20/51/DKom,True,hike,50.0,5.25,7,1461,,https://www.bi.go.id/id/publikasi/ruang-media/news-release/Pages/sp_205118.aspx
205518,en,2018-07-19,BI 7-day Reverse Repo Rate Held at 5.25%: Maintaining Stability Amid High Global Uncertainty,20/55/DKom,True,hold,0.0,5.25,7,1230,,https://www.bi.go.id/en/publikasi/ruang-media/news-release/Pages/sp_205518.aspx
205518,id,2018-07-19,"BI 7-Day Reverse Repo Rate Tetap 5,25%: Menjaga Stabilitas di Tengah Tingginya Ketidakpastian Global",20/55/DKom,True,hold,0.0,5.25,7,1182,,https://www.bi.go.id/id/publikasi/ruang-media/news-release/Pages/sp_205518.aspx
205818,id,2018-08-01,BI Terbitkan Ketentuan Suku Bunga Acuan Pasar Uang Antarbank,20/58/DKom,True,,,,0,366,few_sections|no_decision_parsed|no_rate_level,https://www.bi.go.id/id/publikasi/ruang-media/news-release/Pages/sp_205818.aspx
206618,en,2018-08-15,"BI 7-day Reverse Repo Rate Raised by 25 bps to 5.50% : Maintaining Stability, Strengthening Economic Resilience",20/66/DKom,True,hike,25.0,5.5,9,1672,,https://www.bi.go.id/en/publikasi/ruang-media/news-release/Pages/sp_206618.aspx
206618,id,2018-08-15,"BI 7-Day Reverse Repo Rate Naik 25 bps Menjadi 5,50%: Menjaga Stabilitas, Memperkuat Ketahanan Ekonomi",20/66/DKom,True,hike,25.0,5.5,9,1574,,https://www.bi.go.id/id/publikasi/ruang-media/news-release/Pages/sp_206618.aspx
207318,en,2018-09-27,"BI 7-day Reverse Repo Rate Raised by 25 bps to 5.75%: Strengthening External Resilience, Maintaining Stability",20/73/DKom,True,hike,25.0,5.75,9,1362,,https://www.bi.go.id/en/publikasi/ruang-media/news-release/Pages/sp_207318.aspx
207318,id,2018-09-27,"BI 7-Day Reverse Repo Rate Naik 25 bps Menjadi 5,75%: Memperkuat Ketahanan Eksternal, Menjaga Stabilitas",20/73/DKom,True,hike,25.0,5.75,9,1319,,https://www.bi.go.id/id/publikasi/ruang-media/news-release/Pages/sp_207318.aspx
208218,en,2018-10-23,"BI 7-Day Reverse Repo Rate Held at 5.75%: Strengthening External Resilience, Maintaining Stability",20/82/DKom,True,hold,0.0,5.75,8,1213,,https://www.bi.go.id/en/publikasi/ruang-media/news-release/Pages/sp_208218.aspx
208218,id,2018-10-23,"BI 7-Day Reverse Repo Rate Tetap 5,75%: Memperkuat Ketahanan Eksternal, Menjaga Stabilitas",20/82/DKom,True,hold,0.0,5.75,8,1196,,https://www.bi.go.id/id/publikasi/ruang-media/news-release/Pages/sp_208218.aspx
208718,en,2018-11-15,"BI 7-day Reverse Repo Rate Raised by 25 bps to 6.00%: Strengthening External Resilience, Maintaining Stability",20/87/DKom,True,hike,25.0,6.0,9,1513,,https://www.bi.go.id/en/publikasi/ruang-media/news-release/Pages/sp_208718.aspx
208718,id,2018-11-15,"BI 7-Day Reverse Repo Rate Naik 25bps menjadi 6,00%: Memperkuat Ketahanan Eksternal, Menjaga Stabilitas",20/87/DKom,True,hike,25.0,6.0,9,1483,,https://www.bi.go.id/id/publikasi/ruang-media/news-release/Pages/sp_208718.aspx
209618,en,2018-12-20,"BI 7-Day Reverse Repo Rate Held at 6,00%: Strengthening External Resilience, Maintaining Stability",20/96/DKom,True,hold,0.0,6.0,8,1209,,https://www.bi.go.id/en/publikasi/ruang-media/news-release/Pages/sp_209618.aspx
209618,id,2018-12-20,"BI 7-Day Reverse Repo Rate Tetap 6,00%: Memperkuat Ketahanan Eksternal, Menjaga Stabilitas",20/96/DKom,True,hold,0.0,6.0,8,1149,,https://www.bi.go.id/id/publikasi/ruang-media/news-release/Pages/sp_209618.aspx
21419,en,2019-01-17,"BI 7-Day Reverse Repo Rate Held at 6.00%: Strengthening External Resilience, Maintaining Stability",21/4/DKom,True,hold,0.0,6.0,7,1269,,https://www.bi.go.id/en/publikasi/ruang-media/news-release/Pages/sp_21419.aspx
21419,id,2019-01-17,"BI 7-Day Reverse Repo Rate Tetap 6,00%: Memperkuat Ketahanan Eksternal, Mempertahankan Stabilitas",21/4/DKom,True,hold,0.0,6.0,7,1171,,https://www.bi.go.id/id/publikasi/ruang-media/news-release/Pages/sp_21419.aspx
211219,en,2019-02-21,"BI 7-Day Reverse Repo Rate Held at 6.00%: Strengthening External Stability, Maintaining Economic Growth Momentum",21/12/DKom,True,hold,0.0,6.0,8,1315,,https://www.bi.go.id/en/publikasi/ruang-media/news-release/Pages/sp_211219.aspx
211219,id,2019-02-21,"BI 7-Day Reverse Repo Rate Tetap 6,00%: Memperkuat Stabilitas Eksternal, Menjaga Momentum Pertumbuhan Ekonomi",21/12/DKom,True,hold,0.0,6.0,8,1261,,https://www.bi.go.id/id/publikasi/ruang-media/news-release/Pages/sp_211219.aspx
211719,en,2019-03-21,"BI 7-Day Reverse Repo Rate Held at 6,00%: Strengthening External Stability, Maintaining Economic Growth Momentum",21/17/DKom,True,hold,0.0,6.0,8,1330,,https://www.bi.go.id/en/publikasi/ruang-media/news-release/Pages/sp_211719.aspx
211719,id,2019-03-21,"BI 7-Day Reverse Repo Rate Tetap 6,00%: Memperkuat Stabilitas Eksternal, Mendorong Momentum Pertumbuhan Ekonomi",21/17/DKom,True,hold,0.0,6.0,8,1198,,https://www.bi.go.id/id/publikasi/ruang-media/news-release/Pages/sp_211719.aspx
212519,en,2019-04-25,"BI 7-Day Reverse Repo Rate Held at 6,00%: Strengthening External Stability, Promoting Economic Growth Momentum",21/25/DKom,True,hold,0.0,6.0,7,1489,,https://www.bi.go.id/en/publikasi/ruang-media/news-release/Pages/sp_212519.aspx
212519,id,2019-04-25,"BI 7-Day Reverse Repo Rate Tetap 6,00%: Memperkuat Stabilitas Eksternal, Mendorong Momentum Pertumbuhan Ekonomi",21/25/DKom,True,hold,0.0,6.0,8,1311,,https://www.bi.go.id/id/publikasi/ruang-media/news-release/Pages/sp_212519.aspx
213719,en,2019-05-16,"BI 7-Day Reverse Repo Rate Held at 6,00%: Strengthening External Stability, Promoting Economic Growth Momentum",21/37/DKom,True,hold,0.0,6.0,8,1517,,https://www.bi.go.id/en/publikasi/ruang-media/news-release/Pages/sp_213719.aspx
213719,id,2019-05-16,"BI 7-Day Reverse Repo Rate Tetap 6,00%: Memperkuat Stabilitas Eksternal, Mendorong Momentum Pertumbuhan Ekonomi",21/37/DKom,True,hold,0.0,6.0,8,1382,,https://www.bi.go.id/id/publikasi/ruang-media/news-release/Pages/sp_213719.aspx
214619,en,2019-06-20,"BI 7-Day Reverse Repo Rate Held at 6,00%, Rupiah Reserve Requirement Lowered by 50bps: Maintaining External Stability, Stimulating Economic Growth",21/46/DKom,True,hold,0.0,6.0,8,1496,,https://www.bi.go.id/en/publikasi/ruang-media/news-release/Pages/sp_214619.aspx
214619,id,2019-06-20,"BI 7-Day Reverse Repo Rate Tetap 6,00%, GWM Rupiah Turun 50 bps: Menjaga Stabilitas Eksternal, Mendorong Pertumbuhan Ekonomi",21/46/DKom,True,hold,0.0,6.0,8,1296,,https://www.bi.go.id/id/publikasi/ruang-media/news-release/Pages/sp_214619.aspx
215219,en,2019-07-18,"BI 7-Day Reverse Repo Rate Lowered 25 bps to 5,75% Maintained Stability, Driving Growth Momentum",21/52/DKom,True,cut,25.0,5.75,8,1546,,https://www.bi.go.id/en/publikasi/ruang-media/news-release/Pages/sp_215219.aspx
215219,id,2019-07-18,"BI 7-day Reverse Repo Rate Turun 25 bps Menjadi 5,75% Terjaganya Stabilitas, Mendorong Momentum Pertumbuhan",21/52/DKom,True,cut,25.0,5.75,8,1396,,https://www.bi.go.id/id/publikasi/ruang-media/news-release/Pages/sp_215219.aspx
216319,en,2019-08-22,"BI 7-Day Reverse Repo Rate Lowered 25 bps to 5,50%: Stability Maintained on Pre-Emptive Measures to Stimulate Growth",21/63/DKom,True,cut,25.0,5.5,10,1769,,https://www.bi.go.id/en/publikasi/ruang-media/news-release/Pages/sp_216319.aspx
216319,id,2019-08-22,"BI 7-Day Reverse Repo Rate Turun 25 bps Menjadi 5,50%: Stabilitas Terjaga Dukung Langkah Pre-emptive Mendorong Pertumbuhan",21/63/DKom,True,cut,25.0,5.5,10,1594,,https://www.bi.go.id/id/publikasi/ruang-media/news-release/Pages/sp_216319.aspx
216819,en,2019-09-19,"BI 7-Day Reverse Repo Rate Lowered 25 bps to 5,25%: Driving Growth Momentum, Maintaining External Stability",21/68/DKom,True,cut,25.0,5.25,9,1746,,https://www.bi.go.id/en/publikasi/ruang-media/news-release/Pages/sp_216819.aspx
216819,id,2019-09-19,"BI 7-Day Reverse Repo Rate Turun 25 bps Menjadi 5,25% : Mendorong Momentum Pertumbuhan, Menjaga Stabilitas Eksternal",21/68/DKom,True,cut,25.0,5.25,9,1657,,https://www.bi.go.id/id/publikasi/ruang-media/news-release/Pages/sp_216819.aspx
217519,en,2019-10-24,"BI 7-Day Reverse Repo Rate Lowered 25 bps to 5,00%: Driving Growth Momentum, Maintaining Stability",,True,cut,25.0,5.0,9,1597,,https://www.bi.go.id/en/publikasi/ruang-media/news-release/Pages/sp_217519.aspx
217519,id,2019-10-24,"BI 7-Day Reverse Repo Rate Turun 25 bps Menjadi 5,00%: Mendorong Momentum Pertumbuhan, Mempertahankan Stabilitas",,True,cut,25.0,5.0,9,1468,,https://www.bi.go.id/id/publikasi/ruang-media/news-release/Pages/sp_217519.aspx
218219,en,2019-11-21,"BI 7-Day Reverse Repo Rate Held at 5,00%, Rupiah Reserve Requirement Lowered by 50bps: Maintaining Growth Momentum, Maintaining Stability",21/82/DKom,True,hold,0.0,5.0,10,1765,,https://www.bi.go.id/en/publikasi/ruang-media/news-release/Pages/sp_218219.aspx
218219,id,2019-11-21,"BI 7-Day Reverse Repo Rate Tetap 5,00%, GWM Rupiah Turun 50bps: Menjaga Momentum Pertumbuhan, Mempertahankan Stabilitas",21/82/DKom,True,hold,0.0,5.0,10,1637,,https://www.bi.go.id/id/publikasi/ruang-media/news-release/Pages/sp_218219.aspx
218819,en,2019-12-19,"BI 7-Day Reverse Repo Rate Held at 5,00%, Driving Growth Momentum, Maintaining Stabilit",21/88/DKo,True,hold,0.0,5.0,9,1797,,https://www.bi.go.id/en/publikasi/ruang-media/news-release/Pages/sp_218819.aspx
218819,id,2019-12-19,"BI 7-Day Reverse Repo Rate Tetap 5,00% Mendorong Momentum Pertumbuhan, Mempertahankan Stabilitas",21/88/DKom,True,hold,0.0,5.0,9,1605,,https://www.bi.go.id/id/publikasi/ruang-media/news-release/Pages/sp_218819.aspx
220420,en,2020-01-23,"BI 7-Day Reverse Repo Rate Held at 5,00%, Strengthening Growth Momentum, Maintaining Stability",22/4/DKom,True,hold,0.0,5.0,9,1799,,https://www.bi.go.id/en/publikasi/ruang-media/news-release/Pages/sp_220420.aspx
220420,id,2020-01-23,"BI 7-Day Reverse Repo Rate Tetap 5,00% Memperkuat Momentum Pertumbuhan, Mempertahankan Stabilitas",22/4/DKom,True,hold,0.0,5.0,8,1635,,https://www.bi.go.id/id/publikasi/ruang-media/news-release/Pages/sp_220420.aspx
221320,en,2020-02-20,"BI 7-Day Reverse Repo Rate Lowered 25 bps to 4,75%: Strengthening Stability, Promoting Growth Momentum",22/13/DKom,True,cut,25.0,4.75,8,1818,,https://www.bi.go.id/en/publikasi/ruang-media/news-release/Pages/sp_221320.aspx
221320,id,2020-02-20,"BI 7-Day Reverse Repo Rate Turun 25 bps Menjadi 4,75%: Memperkuat Stabilitas, Mendorong Momentum Pertumbuhan",,True,cut,25.0,4.75,9,1604,,https://www.bi.go.id/id/publikasi/ruang-media/news-release/Pages/sp_221320.aspx
222220,en,2020-03-19,"BI 7-Day Reverse Repo Rate Lowered 25 bps to 4,50% : Maintaining Stability, Mitigating The Risk of COVID-19",22/22/DKom,True,cut,25.0,4.5,9,2069,,https://www.bi.go.id/en/publikasi/ruang-media/news-release/Pages/sp_222220.aspx
222220,id,2020-03-19,"BI 7-Day Reverse Repo Rate Turun 25 bps Menjadi 4,50%: Menjaga Stabilitas, Memitigasi Risiko COVID-19",22/22/DKom,True,cut,25.0,4.5,9,1912,,https://www.bi.go.id/id/publikasi/ruang-media/news-release/Pages/sp_222220.aspx
223020,en,2020-04-14,"BI 7-Day Reverse Repo Rate Held at 4,50%, Rupiah Reserve Requirement Lowered by 200 bps: Strengthening Sinergy to Mitigate The Risk of COVID-19",22/30/DKom,True,hold,0.0,4.5,10,2314,,https://www.bi.go.id/en/publikasi/ruang-media/news-release/Pages/sp_223020.aspx
223020,id,2020-04-14,"BI 7-Day Reverse Repo Rate Tetap 4,50%, GWM Rupiah Turun 200 bps: Memperkuat Sinergi Memitigasi Risiko COVID-19",22/30/DKom,True,hold,0.0,4.5,11,2099,,https://www.bi.go.id/id/publikasi/ruang-media/news-release/Pages/sp_223020.aspx
223920,en,2020-05-19,"BI 7-Day Reverse Repo Rate Held at 4,50% : Synergize National Economic Recovery from COVID-19",,True,hold,0.0,4.5,9,1862,,https://www.bi.go.id/en/publikasi/ruang-media/news-release/Pages/sp_223920.aspx
223920,id,2020-05-19,"BI 7-Day Reverse Repo Rate Tetap 4,50% Bersinergi dalam Pemulihan Ekonomi Nasional dari COVID-19",22/39/DKom,True,hold,0.0,4.5,10,1711,,https://www.bi.go.id/id/publikasi/ruang-media/news-release/Pages/sp_223920.aspx
224620,en,2020-06-18,"BI 7-Day Reverse Repo Rate Lowered 25 bps to 4,25% : Synergic National Economic Recovery from COVID-19",22/46/DKom,True,cut,25.0,4.25,9,1714,,https://www.bi.go.id/en/publikasi/ruang-media/news-release/Pages/sp_224620.aspx
224620,id,2020-06-18,"BI 7-Day Reverse Repo Rate Turun 25bps menjadi 4,25%: Bersinergi dalam Pemulihan Ekonomi Nasional dari COVID-19",22/46/DKom,True,cut,25.0,4.25,9,1636,,https://www.bi.go.id/id/publikasi/ruang-media/news-release/Pages/sp_224620.aspx
225220,en,2020-07-16,BI 7-Day Reverse Repo Rate Lowered 25 bps to 4.00%: Synergy Driving the National Economic Recovery,22/52/DKom,True,cut,25.0,4.0,10,1934,,https://www.bi.go.id/en/publikasi/ruang-media/news-release/Pages/sp_225220.aspx
225220,id,2020-07-16,"BI 7-Day Reverse Repo Rate Turun 25 bps menjadi 4,00%: Bersinergi Mendorong Pemulihan Ekonomi Nasional",22/52/DKom,True,cut,25.0,4.0,10,1775,,https://www.bi.go.id/id/publikasi/ruang-media/news-release/Pages/sp_225220.aspx
226420,en,2020-08-19,"BI 7-Day Reverse Repo Rate Held at 4,00% : Synergy Driving the National Economic Recovery",22/64/DKom,True,hold,0.0,4.0,10,2294,,https://www.bi.go.id/en/publikasi/ruang-media/news-release/Pages/sp_226420.aspx
226420,id,2020-08-19,"BI 7-Day Reverse Repo Rate Tetap 4,00%: Bersinergi Mendorong Pemulihan Ekonomi Nasional",22/64/DKOM,True,hold,0.0,4.0,10,2068,,https://www.bi.go.id/id/publikasi/ruang-media/news-release/Pages/sp_226420.aspx
227120,en,2020-09-17,BI 7-Day Reverse Repo Rate Held at 4.00%: Synergy Driving the National Economic Recovery,22/71/DKom,True,hold,0.0,4.0,9,2083,,https://www.bi.go.id/en/publikasi/ruang-media/news-release/Pages/sp_227120.aspx
227120,id,2020-09-17,"BI 7-Day Reverse Repo Rate Tetap 4,00%: Bersinergi Mendorong Pemulihan Ekonomi Nasional",22/71/DKom,True,hold,0.0,4.0,10,1896,,https://www.bi.go.id/id/publikasi/ruang-media/news-release/Pages/sp_227120.aspx
227520,en,2020-10-13,BI 7-Day Reverse Repo Rate Held at 4.00%: Synergy to Accelerate National Economic Recovery,22/75/DKom,True,hold,0.0,4.0,10,2150,,https://www.bi.go.id/en/publikasi/ruang-media/news-release/Pages/sp_227520.aspx
227520,id,2020-10-13,"BI 7-Day Reverse Repo Rate Tetap 4,00%: Bersinergi Mempercepat Pemulihan Ekonomi Nasional",22/75/DKom,True,hold,0.0,4.0,10,1987,,https://www.bi.go.id/id/publikasi/ruang-media/news-release/Pages/sp_227520.aspx
228720,en,2020-11-19,BI 7-Day Reverse Repo Rate Lowered 25 bps to 3.75% : Synergy Driving The National Economy Recovery,22/87/DKom,True,cut,25.0,3.75,10,2285,,https://www.bi.go.id/en/publikasi/ruang-media/news-release/Pages/sp_228720.aspx
228720,id,2020-11-19,"BI 7-Day Reverse Repo Rate Turun 25 bps Menjadi 3,75%: Bersinergi Mempercepat Pemulihan Ekonomi Nasional",22/87/DKom,True,cut,25.0,3.75,10,2030,,https://www.bi.go.id/id/publikasi/ruang-media/news-release/Pages/sp_228720.aspx
229520,en,2020-12-17,BI 7-Day Reverse Repo Rate Held at 3.75%: Synergy Building Economic Recovery Optimism,22/87/DKom,True,hold,0.0,3.75,10,2253,,https://www.bi.go.id/en/publikasi/ruang-media/news-release/Pages/sp_229520.aspx
229520,id,2020-12-17,"BI 7-Day Reverse Repo Rate Tetap 3,75%: Bersinergi Membangun Optimisme Pemulihan Ekonomi",22/95/DKom,True,hold,0.0,3.75,9,2079,,https://www.bi.go.id/id/publikasi/ruang-media/news-release/Pages/sp_229520.aspx
232021,en,2021-01-21,BI 7-Day Reverse Repo Rate Held at 3.75% : Synergy Building Economic Recovery Optimism,23/20/DKom,True,hold,0.0,3.75,10,2310,,https://www.bi.go.id/en/publikasi/ruang-media/news-release/Pages/sp_232021.aspx
232021,id,2021-01-21,"BI 7-Day Reverse Repo Rate Tetap 3,75%: Bersinergi Membangun Optimisme Pemulihan Ekonomi",23/20/DKom,True,hold,0.0,3.75,10,2166,,https://www.bi.go.id/id/publikasi/ruang-media/news-release/Pages/sp_232021.aspx
234221,en,2021-02-18,"BI 7-Day Reverse Repo Rate Lowered 25 bps to 3,50%: Synergy Strengthening The National Economy Recovery",23/42/DKom,True,cut,25.0,3.5,10,2501,,https://www.bi.go.id/en/publikasi/ruang-media/news-release/Pages/sp_234221.aspx
234221,id,2021-02-18,"BI 7-Day Reverse Repo Rate Turun 25 bps Menjadi 3,50%: Sinergi Memperkuat Pemulihan Ekonomi Nasional",23/42/DKom,True,cut,25.0,3.5,2,2324,few_sections,https://www.bi.go.id/id/publikasi/ruang-media/news-release/Pages/sp_234221.aspx
236821,en,2021-03-18,"BI 7-Day Reverse Repo Rate Held at 3.50% Synergy Maintaining Stability, Strengthening Economic Recovery",23/68/DKom,True,hold,0.0,3.5,10,2358,,https://www.bi.go.id/en/publikasi/ruang-media/news-release/Pages/sp_236821.aspx
236821,id,2021-03-18,"BI 7-Day Reverse Repo Rate Tetap 3,50%: Sinergi Menjaga Stabilitas, Memperkuat Pemulihan Ekonomi",23/68/DKom,True,hold,0.0,3.5,5,2263,,https://www.bi.go.id/id/publikasi/ruang-media/news-release/Pages/sp_236821.aspx
237121,en,2021-03-22,"Monetary Policy Review, March 2021: Global and Domestic Economic Gains Expected to Persist",23/71/DKom,True,hold,0.0,3.5,4,329,,https://www.bi.go.id/en/publikasi/ruang-media/news-release/Pages/sp_237121.aspx
237121,id,2021-03-22,Tinjauan Kebijakan Moneter Maret 2021: Perbaikan Ekonomi Global dan Domestik Diprakirakan Berlanjut,23/71/DKom,True,hold,0.0,3.5,3,281,few_sections,https://www.bi.go.id/id/publikasi/ruang-media/news-release/Pages/sp_237121.aspx
2310521,en,2021-04-20,"BI 7-Day Reverse Repo Rate Held at 3.50% Synergy Maintaining Stability, Strengthening Economic Recovery",23/105/DKom,True,hold,0.0,3.5,10,2360,,https://www.bi.go.id/en/publikasi/ruang-media/news-release/Pages/sp_2310521.aspx
2310521,id,2021-04-20,"BI 7-Day Reverse Repo Rate Tetap 3,50%: Sinergi Menjaga Stabilitas, Memperkuat Pemulihan Ekonomi",23/105/DKom,True,hold,0.0,3.5,1,2253,few_sections,https://www.bi.go.id/id/publikasi/ruang-media/news-release/Pages/sp_2310521.aspx
2312921,en,2021-05-25,"BI 7-Day Reverse Repo Rate Held At 3.50%, Synergy Maintaining Stability, Accelerating Recovery",23/129/DKom,True,hold,0.0,3.5,0,2197,few_sections,https://www.bi.go.id/en/publikasi/ruang-media/news-release/Pages/sp_2312921.aspx
2312921,id,2021-05-25,"BI 7-Day Reverse Repo Rate Tetap 3,50%: Sinergi Menjaga Stabilitas, Mempercepat Pemulihan",23/129/DKom,True,hold,0.0,3.5,7,2065,,https://www.bi.go.id/id/publikasi/ruang-media/news-release/Pages/sp_2312921.aspx
2314421,en,2021-06-17,"BI 7-Day Reverse Repo Rate Held At 3.50%: Synergy Strengthening Recovery, Maintaining Stability",23/144/DKom,True,hold,0.0,3.5,10,2080,,https://www.bi.go.id/en/publikasi/ruang-media/news-release/Pages/sp_2314421.aspx
2314421,id,2021-06-17,"BI 7-Day Reverse Repo Rate Tetap 3,50%: Sinergi Memperkuat Pemulihan, Menjaga Stabilitas",23/144/DKom,True,hold,0.0,3.5,9,1969,,https://www.bi.go.id/id/publikasi/ruang-media/news-release/Pages/sp_2314421.aspx
2317721,en,2021-07-22,BI 7-Day Reverse Repo Rate Held at 3.50% Synergy Maintaining Stability and Strengthening Recovery,23/177/DKom,True,hold,0.0,3.5,10,2133,,https://www.bi.go.id/en/publikasi/ruang-media/news-release/Pages/sp_2317721.aspx
2317721,id,2021-07-22,"BI 7-Day Reverse Repo Rate Tetap 3,50%: Sinergi Menjaga Stabilitas dan Memperkuat Pemulihan",23/177/DKom,True,hold,0.0,3.5,9,1966,,https://www.bi.go.id/id/publikasi/ruang-media/news-release/Pages/sp_2317721.aspx
2321321,en,2021-08-19,BI 7-Day Reverse Repo Rate Held at 3.50%: Synergy Maintaining Stability and Strengthening Recovery,23/213/DKom,True,hold,0.0,3.5,10,2066,,https://www.bi.go.id/en/publikasi/ruang-media/news-release/Pages/sp_2321321.aspx
2321321,id,2021-08-19,"BI 7-Day Reverse Repo Rate Tetap 3,50%: Sinergi Menjaga Stabilitas dan Memperkuat Pemulihan",23/213/DKom,True,hold,0.0,3.5,10,1891,,https://www.bi.go.id/id/publikasi/ruang-media/news-release/Pages/sp_2321321.aspx
2324121,en,2021-09-21,BI 7-Day Reverse Repo Rate Held at 3.50%: Synergy Maintaining Stability and Strengthening Recovery,23/241/DKom,True,hold,0.0,3.5,10,1690,,https://www.bi.go.id/en/publikasi/ruang-media/news-release/Pages/sp_2324121.aspx
2324121,id,2021-09-21,"BI 7-Day Reverse Repo Rate Tetap 3,50%: Sinergi Menjaga Stabilitas dan Memperkuat Pemulihan",23/241/DKom,True,hold,0.0,3.5,10,1547,,https://www.bi.go.id/id/publikasi/ruang-media/news-release/Pages/sp_2324121.aspx
2326821,en,2021-10-19,BI 7-Day Reverse Repo Rate Held at 3.50%: Synergy Maintaining Stability and Strengthening Recovery,23/268/DKom,True,hold,0.0,3.5,9,2097,,https://www.bi.go.id/en/publikasi/ruang-media/news-release/Pages/sp_2326821.aspx
2326821,id,2021-10-19,"BI 7-Day Reverse Repo Rate Tetap 3,50%: Sinergi Menjaga Stabilitas dan Memperkuat Pemulihan",23/268/DKom,True,hold,0.0,3.5,10,1944,,https://www.bi.go.id/id/publikasi/ruang-media/news-release/Pages/sp_2326821.aspx
2330421,en,2021-11-18,BI 7-Day Reverse Repo Rate Held at 3.50%: Synergy Maintaining Stability and Strengthening Recovery,23/304/DKom,True,hold,0.0,3.5,10,1862,,https://www.bi.go.id/en/publikasi/ruang-media/news-release/Pages/sp_2330421.aspx
2330421,id,2021-11-18,"BI 7-Day Reverse Repo Rate Tetap 3,50%: Sinergi Menjaga Stabilitas dan Memperkuat Pemulihan",23/304/DKom,True,hold,0.0,3.5,10,1669,,https://www.bi.go.id/id/publikasi/ruang-media/news-release/Pages/sp_2330421.aspx
2333221,en,2021-12-16,BI 7-Day Reverse Repo Rate Held At 3.50%: Synergy Maintaining Stability and Strengthening Recovery,23/332/DKom,True,hold,0.0,3.5,10,1976,,https://www.bi.go.id/en/publikasi/ruang-media/news-release/Pages/sp_2333221.aspx
2333221,id,2021-12-16,"BI 7-Day Reverse Repo Rate Tetap 3,50%: Sinergi Menjaga Stabilitas dan Memperkuat Pemulihan",23/332/DKom,True,hold,0.0,3.5,9,1845,,https://www.bi.go.id/id/publikasi/ruang-media/news-release/Pages/sp_2333221.aspx
241522,en,2022-01-20,BI 7-Day Reverse Repo Rate Held At 3.50%: Bank Indonesia Policy Mix in 2022 Oriented Towards Maintaining Stability and Strengthening National Economic Recovery,24/15/DKom,True,hold,0.0,3.5,9,2717,,https://www.bi.go.id/en/publikasi/ruang-media/news-release/Pages/sp_241522.aspx
241522,id,2022-01-20,"BI 7-Day Reverse Repo Rate Tetap 3,50%: Arah Bauran Kebijakan Bank Indonesia Tahun 2022 untuk Menjaga Stabilitas dan Memperkuat Pemulihan Ekonomi Nasional",24/15/DKom,True,hold,0.0,3.5,8,2461,,https://www.bi.go.id/id/publikasi/ruang-media/news-release/Pages/sp_241522.aspx
244122,en,2022-02-10,BI 7-Day Reverse Repo Rate Held at 3.50%: Synergy Maintaining Stability and Strengthening National Economic Recovery,24/41/DKom,True,hold,0.0,3.5,10,2293,,https://www.bi.go.id/en/publikasi/ruang-media/news-release/Pages/sp_244122.aspx
244122,id,2022-02-10,"BI 7-Day Reverse Repo Rate Tetap 3,50%: Sinergi Menjaga Stabilitas dan Memperkuat Pemulihan Ekonomi Nasional",24/41/DKom,True,hold,0.0,3.5,7,2184,,https://www.bi.go.id/id/publikasi/ruang-media/news-release/Pages/sp_244122.aspx
248322,en,2022-03-17,BI 7-Day Reverse Repo Rate Held at 3.50%: Synergy Maintaining Stability and Strengthening National Economic Recovery,24/83/DKom,True,hold,0.0,3.5,10,1909,,https://www.bi.go.id/en/publikasi/ruang-media/news-release/Pages/sp_248322.aspx
248322,id,2022-03-17,"BI 7-Day Reverse Repo Rate Tetap 3,50%: Sinergi Menjaga Stabilitas dan Memperkuat Pemulihan Ekonomi Nasional",,True,hold,0.0,3.5,10,1747,,https://www.bi.go.id/id/publikasi/ruang-media/news-release/Pages/sp_248322.aspx
2410822,en,2022-04-19,BI 7-Day Reverse Repo Rate Held at 3.50%: Synergy Maintaining Stability and Strengthening Recovery,24/108/DKom,True,hold,0.0,3.5,10,2120,,https://www.bi.go.id/en/publikasi/ruang-media/news-release/Pages/sp_2410822.aspx
2410822,id,2022-04-19,"BI 7-Day Reverse Repo Rate Tetap 3,50%: Sinergi Menjaga Stabilitas dan Memperkuat Pemulihan",24/108/DKom,True,hold,0.0,3.5,8,1944,,https://www.bi.go.id/id/publikasi/ruang-media/news-release/Pages/sp_2410822.aspx
2413622,en,2022-05-24,BI 7-Day Reverse Repo Rate Held at 3.50%: Strengthening Synergy to Maintain Stability and Support Recovery,24/136/DKom,True,hold,0.0,3.5,11,2472,,https://www.bi.go.id/en/publikasi/ruang-media/news-release/Pages/sp_2413622.aspx
2413622,id,2022-05-24,"BI 7-Day Reverse Repo Rate Tetap 3,50%: Memperkuat Sinergi untuk Menjaga Stabilitas dan Mendukung Pemulihan",24/136/DKom,True,hold,0.0,3.5,11,2274,,https://www.bi.go.id/id/publikasi/ruang-media/news-release/Pages/sp_2413622.aspx
2415922,en,2022-06-23,BI 7-Day Reverse Repo Rate Held at 3.50%: Synergy Maintaining Stability and Strengthening Recovery,24/159/DKom,True,hold,0.0,3.5,9,2041,,https://www.bi.go.id/en/publikasi/ruang-media/news-release/Pages/sp_2415922.aspx
2415922,id,2022-06-23,"BI 7-Day Reverse Repo Rate Tetap 3,50%: Sinergi Menjaga Stabilitas dan Memperkuat Pemulihan",24/159/DKom,True,hold,0.0,3.5,9,1906,,https://www.bi.go.id/id/publikasi/ruang-media/news-release/Pages/sp_2415922.aspx
2419522,en,2022-07-21,BI 7-Day Reverse Repo Rate Held at 3.50%: Synergy Maintaining Stability and Strengthening Recovery,24/195/DKom,True,hold,0.0,3.5,10,2062,,https://www.bi.go.id/en/publikasi/ruang-media/news-release/Pages/sp_2419522.aspx
2419522,id,2022-07-21,"BI 7-Day Reverse Repo Rate Tetap 3,50%: Sinergi Menjaga Stabilitas dan Memperkuat Pemulihan",24/195/DKom,True,hold,0.0,3.5,9,1882,,https://www.bi.go.id/id/publikasi/ruang-media/news-release/Pages/sp_2419522.aspx
2422622,en,2022-08-23,BI 7-Day Reverse Repo Rate Raised by 25 bps to 3.75%: Synergy Maintaining Stability and Strengthening Recovery,24/226/DKom,True,hike,25.0,3.75,11,2212,,https://www.bi.go.id/en/publikasi/ruang-media/news-release/Pages/sp_2422622.aspx
2422622,id,2022-08-23,"BI 7-Day Reverse Repo Rate Naik 25 bps Menjadi 3,75%: Sinergi Menjaga Stabilitas dan Memperkuat Pemulihan",,True,hike,25.0,3.75,9,2085,,https://www.bi.go.id/id/publikasi/ruang-media/news-release/Pages/sp_2422622.aspx
2425322,en,2022-09-22,BI 7-Day Reverse Repo Rate Raised 50bps to 4.25%: Synergy Maintaining Stability and Recovery Momentum,24/253/DKom,True,hike,50.0,4.25,10,2125,,https://www.bi.go.id/en/publikasi/ruang-media/news-release/Pages/sp_2425322.aspx
2425322,id,2022-09-22,"BI 7-Day Reverse Repo Rate Naik 50 bps Menjadi 4,25%: Sinergi Menjaga Stabilitas dan Momentum Pemulihan",24/253/DKom,True,hike,50.0,4.25,10,2004,,https://www.bi.go.id/id/publikasi/ruang-media/news-release/Pages/sp_2425322.aspx
2428522,en,2022-10-20,BI 7-Day Reverse Repo Rate Raised 50bps to 4.75%: Synergy Maintaining Stability and Recovery Momentum,24/285/DKom,True,hike,50.0,4.75,11,2362,,https://www.bi.go.id/en/publikasi/ruang-media/news-release/Pages/sp_2428522.aspx
2428522,id,2022-10-20,"BI 7-Day Reverse Repo Rate Naik 50 bps Menjadi 4,75%: Sinergi Menjaga Stabilitas dan Momentum Pemulihan",,True,hike,50.0,4.75,10,2343,,https://www.bi.go.id/id/publikasi/ruang-media/news-release/Pages/sp_2428522.aspx
2431322,en,2022-11-17,BI 7-Day Reverse Repo Rate Raised 50bps to 5.25%: Synergy Maintaining Stability and Recovery Momentum,,True,hike,50.0,5.25,11,2218,,https://www.bi.go.id/en/publikasi/ruang-media/news-release/Pages/sp_2431322.aspx
2431322,id,2022-11-17,"BI 7-Day Reverse Repo Rate Naik 50 bps Menjadi 5,25%: Sinergi Menjaga Stabilitas dan Momentum Pemulihan",,True,hike,50.0,5.25,10,2108,,https://www.bi.go.id/id/publikasi/ruang-media/news-release/Pages/sp_2431322.aspx
2435022,en,2022-12-22,BI 7-Day Reverse Repo Rate Raised 25 bps to 5.50%: Synergy Maintaining Stability and Recovery Momentum,24/350/DKom,True,hike,25.0,5.5,11,2544,,https://www.bi.go.id/en/publikasi/ruang-media/news-release/Pages/sp_2435022.aspx
2435022,id,2022-12-22,"BI 7-Day Reverse Repo Rate Naik 25 bps Menjadi 5,50%: Sinergi Menjaga Stabilitas dan Momentum Pemulihan",24/350/DKom,True,hike,25.0,5.5,11,2421,,https://www.bi.go.id/id/publikasi/ruang-media/news-release/Pages/sp_2435022.aspx
251323,en,2023-01-19,BI 7-Day Reverse Repo Rate Raised 25 Bps To 5.75%: Synergy Maintaining Stability And Recovery Momentum,,True,hike,25.0,5.75,10,2232,,https://www.bi.go.id/en/publikasi/ruang-media/news-release/Pages/sp_251323.aspx
251323,id,2023-01-19,"BI 7-Day Reverse Repo Rate Naik 25 bps Menjadi 5,75%: Sinergi Menjaga Stabilitas dan Momentum Pemulihan",,True,hike,25.0,5.75,9,2116,,https://www.bi.go.id/id/publikasi/ruang-media/news-release/Pages/sp_251323.aspx
253823,en,2023-02-16,BI 7-Day Reverse Repo Rate Held at 5.75%: Synergy Maintaining Stability and Reviving Growth,25/38/DKom,True,hold,0.0,5.75,11,2015,,https://www.bi.go.id/en/publikasi/ruang-media/news-release/Pages/sp_253823.aspx
253823,id,2023-02-16,"BI 7-Day Reverse Repo Rate Tetap 5,75%: Sinergi Menjaga Stabilitas dan Mendorong Pertumbuhan",25/38/DKom,True,hold,0.0,5.75,8,1867,,https://www.bi.go.id/id/publikasi/ruang-media/news-release/Pages/sp_253823.aspx
256523,en,2023-03-16,BI 7-Day Reverse Repo Rate Held at 5.75%: Synergy Maintaining Stability and Reviving Growth,25/65/DKom,True,hold,0.0,5.75,10,2296,,https://www.bi.go.id/en/publikasi/ruang-media/news-release/Pages/sp_256523.aspx
256523,id,2023-03-16,"BI 7-Day Reverse Repo Rate Tetap 5,75%: Sinergi Menjaga Stabilitas dan Mendorong Pertumbuhan",,True,hold,0.0,5.75,10,2085,,https://www.bi.go.id/id/publikasi/ruang-media/news-release/Pages/sp_256523.aspx
2510223,en,2023-04-18,BI 7-Day Reverse Repo Rate Held at 5.75%: Synergy Maintaining Stability and Reviving Growth,25/102/DKom,True,hold,0.0,5.75,10,2322,,https://www.bi.go.id/en/publikasi/ruang-media/news-release/Pages/sp_2510223.aspx
2510223,id,2023-04-18,"BI 7-Day Reverse Repo Rate Tetap 5,75%: Sinergi Menjaga Stabilitas dan Mendorong Pertumbuhan",,True,hold,0.0,5.75,10,2169,,https://www.bi.go.id/id/publikasi/ruang-media/news-release/Pages/sp_2510223.aspx
2514023,en,2023-05-25,BI 7-Day Reverse Repo Rate Held at 5.75%: Synergy Maintaining Stability and Reviving Growth,25/140/DKom,True,hold,0.0,5.75,10,1966,,https://www.bi.go.id/en/publikasi/ruang-media/news-release/Pages/sp_2514023.aspx
2514023,id,2023-05-25,"BI 7-Day Reverse Repo Rate Tetap 5,75%: Sinergi Menjaga Stabilitas dan Mendorong Pertumbuhan",25/140/DKom,True,hold,0.0,5.75,10,1806,,https://www.bi.go.id/id/publikasi/ruang-media/news-release/Pages/sp_2514023.aspx
2516523,en,2023-06-22,BI 7-Day Reverse Repo Rate Held at 5.75% Synergy Maintaining Stability and Reviving Growth,25/165/DKom,True,hold,0.0,5.75,10,2091,,https://www.bi.go.id/en/publikasi/ruang-media/news-release/Pages/sp_2516523.aspx
2516523,id,2023-06-22,"BI 7-Day Reverse Repo Rate Tetap 5,75%: Sinergi Menjaga Stabilitas dan Mendorong Pertumbuhan",25/165/DKom,True,hold,0.0,5.75,8,1932,,https://www.bi.go.id/id/publikasi/ruang-media/news-release/Pages/sp_2516523.aspx
2519723,en,2023-07-25,BI 7-Day Reverse Repo Rate Held at 5.75% Synergy Maintaining Stability and Reviving Growth,25/197/DKom,True,hold,0.0,5.75,10,2327,,https://www.bi.go.id/en/publikasi/ruang-media/news-release/Pages/sp_2519723.aspx
2519723,id,2023-07-25,"BI 7-Day Reverse Repo Rate Tetap 5,75%: Sinergi Menjaga Stabilitas dan Mendorong Pertumbuhan",25/197/DKom,True,hold,0.0,5.75,8,2074,,https://www.bi.go.id/id/publikasi/ruang-media/news-release/Pages/sp_2519723.aspx
2523323,en,2023-08-24,BI 7-Day Reverse Repo Rate (BI7DRR) Held at 5.75%: Synergy Maintaining Stability and Reviving Growth,25/233/DKom,True,hold,0.0,5.75,10,1978,,https://www.bi.go.id/en/publikasi/ruang-media/news-release/Pages/sp_2523323.aspx
2523323,id,2023-08-24,"BI 7-Day Reverse Repo Rate Tetap 5,75%: Sinergi Menjaga Stabilitas dan Mendorong Pertumbuhan",25/233/DKom,True,hold,0.0,5.75,11,1793,,https://www.bi.go.id/id/publikasi/ruang-media/news-release/Pages/sp_2523323.aspx
2525923,en,2023-09-21,BI 7-Day Reverse Repo Rate (BI7DRR) held at 5.75%: Synergy Stability and Reviving Growth,25/259/DKom,True,hold,0.0,5.75,9,1913,,https://www.bi.go.id/en/publikasi/ruang-media/news-release/Pages/sp_2525923.aspx
2525923,id,2023-09-21,"BI 7-Day Reverse Repo Rate Tetap 5,75%: Sinergi Menjaga Stabilitas dan Mendorong Pertumbuhan",25/259/DKom,True,hold,0.0,5.75,10,1773,,https://www.bi.go.id/id/publikasi/ruang-media/news-release/Pages/sp_2525923.aspx
2528323,en,2023-10-19,BI 7-Day Reverse Repo Rate (BI7DRR) Raised 25bps to 6.00%: Synergy Maintaining Stability and Reviving Growth,25/283/DKom,True,hike,25.0,6.0,12,2742,,https://www.bi.go.id/en/publikasi/ruang-media/news-release/Pages/sp_2528323.aspx
2528323,id,2023-10-19,"BI 7-Day Reverse Repo Rate Naik 25 bps Menjadi 6,00%: Sinergi Menjaga Stabilitas dan Mendorong Pertumbuhan",25/283/DKom,True,hike,25.0,6.0,10,2585,,https://www.bi.go.id/id/publikasi/ruang-media/news-release/Pages/sp_2528323.aspx
2531723,en,2023-11-23,BI 7-Day Reverse Repo Rate (BI7DRR) Held at 6.00%: Synergy Maintaining Stability and Reviving Growth,25/317/DKom,True,hold,0.0,6.0,12,2371,,https://www.bi.go.id/en/publikasi/ruang-media/news-release/Pages/sp_2531723.aspx
2531723,id,2023-11-23,"BI 7-Day Reverse Repo Rate Tetap 6,00%: Sinergi Menjaga Stabilitas dan Mendorong Pertumbuhan",25/317/DKom,True,hold,0.0,6.0,12,2189,,https://www.bi.go.id/id/publikasi/ruang-media/news-release/Pages/sp_2531723.aspx
2534223,en,2023-12-21,"BI-Rate Held at 6,00%: Synergy Maintaining Stability and Reviving Growth",25/342/DKom,True,hold,0.0,6.0,11,2249,,https://www.bi.go.id/en/publikasi/ruang-media/news-release/Pages/sp_2534223.aspx
2534223,id,2023-12-21,"BI-Rate Tetap 6,00%: Sinergi Menjaga Stabilitas dan Mendorong Pertumbuhan",25/342/DKom,True,hold,0.0,6.0,7,2045,,https://www.bi.go.id/id/publikasi/ruang-media/news-release/Pages/sp_2534223.aspx
260924,en,2024-01-17,"BI-Rate Held at 6,00%: Synergy Maintaining Stability and Reviving Growth",26/9/DKom,True,hold,0.0,6.0,12,2531,,https://www.bi.go.id/en/publikasi/ruang-media/news-release/Pages/sp_260924.aspx
260924,id,2024-01-17,"BI-Rate Tetap 6,00%: Sinergi Menjaga Stabilitas dan Mendorong Pertumbuhan",,True,hold,0.0,6.0,8,2270,,https://www.bi.go.id/id/publikasi/ruang-media/news-release/Pages/sp_260924.aspx
263324,en,2024-02-21,"BI-Rate Held at 6,00%: Synergy Maintaining Stability and Reviving Growth",26/33/DKom,True,hold,0.0,6.0,10,2434,,https://www.bi.go.id/en/publikasi/ruang-media/news-release/Pages/sp_263324.aspx
263324,id,2024-02-21,"BI-Rate Tetap 6,00%: Sinergi Menjaga Stabilitas dan Mendorong Pertumbuhan",26/33/DKom,True,hold,0.0,6.0,11,2225,,https://www.bi.go.id/id/publikasi/ruang-media/news-release/Pages/sp_263324.aspx
265424,en,2024-03-20,"BI-Rate Held at 6,00%: Synergy Maintaining Stability and Reviving Growth",,True,hold,0.0,6.0,11,2473,,https://www.bi.go.id/en/publikasi/ruang-media/news-release/Pages/sp_265424.aspx
265424,id,2024-03-20,"BI-Rate Tetap 6,00%: Sinergi Menjaga Stabilitas dan Mendorong Pertumbuhan",26/54/DKom,True,hold,0.0,6.0,12,2204,,https://www.bi.go.id/id/publikasi/ruang-media/news-release/Pages/sp_265424.aspx
268024,en,2024-04-24,BI-Rate Increased 25bps to 6.25%: Strengthening Stability and Maintaining Growth from Impact of Global Spillovers,26/80/DKom,True,hike,25.0,6.25,13,2721,,https://www.bi.go.id/en/publikasi/ruang-media/news-release/Pages/sp_268024.aspx
268024,id,2024-04-24,"BI-Rate Naik 25 bps Menjadi 6,25%: Memperkuat Stabilitas dan Menjaga Pertumbuhan dari Dampak Rambatan Global",26/80/DKom,True,hike,25.0,6.25,12,2485,,https://www.bi.go.id/id/publikasi/ruang-media/news-release/Pages/sp_268024.aspx
2610824,id,2024-05-22,"BI-Rate Tetap 6,25%: Memperkuat Stabilitas dan Menjaga Pertumbuhan dari Dampak Rambatan Global",26/108/DKom,True,hold,0.0,6.25,11,2322,lang_mismatch:date,https://www.bi.go.id/id/publikasi/ruang-media/news-release/Pages/sp_2610824.aspx
2610824,en,2024-05-23,BI-Rate Held at 6.25% Strengthening Stability and Maintaining Growth from Impact of Global Spillovers,,True,hold,0.0,6.25,12,2574,lang_mismatch:date,https://www.bi.go.id/en/publikasi/ruang-media/news-release/Pages/sp_2610824.aspx
2612524,en,2024-06-20,BI-Rate Held at 6.25%: Strengthening Stability and Maintaining Growth from Impact of Global Spillovers,26/125/DKom,True,hold,0.0,6.25,13,2697,,https://www.bi.go.id/en/publikasi/ruang-media/news-release/Pages/sp_2612524.aspx
2612524,id,2024-06-20,"BI-Rate Tetap 6,25%: Memperkuat Stabilitas dan Menjaga Pertumbuhan dari Dampak Rambatan Global",26/125/DKom,True,hold,0.0,6.25,11,2487,,https://www.bi.go.id/id/publikasi/ruang-media/news-release/Pages/sp_2612524.aspx
2614424,id,2024-07-17,"BI-Rate Tetap 6,25%: Memperkuat Stabilitas dan Menjaga Pertumbuhan dari Dampak Rambatan Global",26/144/DKom,True,hold,0.0,6.25,12,2182,lang_mismatch:date,https://www.bi.go.id/id/publikasi/ruang-media/news-release/Pages/sp_2614424.aspx
2614424,en,2024-07-18,BI-Rate Held at 6.25%: Strengthening Stability and Maintaining Growth From Impact of Global Spillovers,26/144/DKom,True,hold,0.0,6.25,11,2466,lang_mismatch:date,https://www.bi.go.id/en/publikasi/ruang-media/news-release/Pages/sp_2614424.aspx
2617924,en,2024-08-21,BI-Rate Held at 6.25%: Strengthening Stability and Maintaining Growth from Impact of Global Spillovers,26/179/DKom,True,hold,0.0,6.25,11,2386,,https://www.bi.go.id/en/publikasi/ruang-media/news-release/Pages/sp_2617924.aspx
2617924,id,2024-08-21,"BI-Rate Tetap 6,25%: Memperkuat Stabilitas dan Menjaga Pertumbuhan dari Dampak Rambatan Global",26/179/Dkom,True,hold,0.0,6.25,12,2123,,https://www.bi.go.id/id/publikasi/ruang-media/news-release/Pages/sp_2617924.aspx
2620124,id,2024-09-18,"BI-Rate Turun 25 Bps Menjadi 6,00%: Mempertahankan Stabilitas, Memperkuat Pertumbuhan Ekonomi",26/201/DKom,True,cut,25.0,6.0,11,2463,lang_mismatch:date,https://www.bi.go.id/id/publikasi/ruang-media/news-release/Pages/sp_2620124.aspx
2620124,en,2024-09-19,"BI-Rate Lowered 25bps to 6.00%: Maintaining Stability, Strengthening Economic Growth",26/201/DKom,True,cut,25.0,6.0,11,2662,direction_vs_levels|lang_mismatch:date,https://www.bi.go.id/en/publikasi/ruang-media/news-release/Pages/sp_2620124.aspx
2622524,en,2024-10-16,"BI-Rate Held at 6.00%: Maintaining Stability, Strengthening Economic Growth",26/225/DKom,True,hold,0.0,6.0,10,2619,,https://www.bi.go.id/en/publikasi/ruang-media/news-release/Pages/sp_2622524.aspx
2622524,id,2024-10-16,"BI-Rate Tetap 6,00%: Mempertahankan Stabilitas, Memperkuat Pertumbuhan Ekonomi",26/225/DKom,True,hold,0.0,6.0,13,2413,,https://www.bi.go.id/id/publikasi/ruang-media/news-release/Pages/sp_2622524.aspx
2625424,en,2024-11-20,"BI-Rate Held at 6.00%: Maintaining Stability, Strengthening Economic Growth",,True,hold,0.0,6.0,13,2537,,https://www.bi.go.id/en/publikasi/ruang-media/news-release/Pages/sp_2625424.aspx
2625424,id,2024-11-20,"BI-Rate Tetap 6,00%: Mempertahankan Stabilitas, Mendukung Pertumbuhan Ekonomi",26/254/DKom,True,hold,0.0,6.0,13,2360,,https://www.bi.go.id/id/publikasi/ruang-media/news-release/Pages/sp_2625424.aspx
2627524,id,2024-12-18,"BI-Rate Tetap 6,00%: Mempertahankan Stabilitas, Mendukung Pertumbuhan Ekonomi",26/275/DKom,True,hold,0.0,6.0,13,2424,lang_mismatch:date,https://www.bi.go.id/id/publikasi/ruang-media/news-release/Pages/sp_2627524.aspx
2627524,en,2024-12-19,"BI-Rate Held at 6.00% Maintaining Stability, Strengthening Economic Growth",26/275/DKom,True,hold,0.0,6.0,12,2610,lang_mismatch:date,https://www.bi.go.id/en/publikasi/ruang-media/news-release/Pages/sp_2627524.aspx
270825,en,2025-01-15,"BI-Rate Lowered 25bps to 5.75% Maintaining Stability, Strengthening Economic Growth",27/8/DKom,True,cut,25.0,5.75,14,2870,,https://www.bi.go.id/en/publikasi/ruang-media/news-release/Pages/sp_270825.aspx
270825,id,2025-01-15,"BI-Rate Turun 25 bps Menjadi 5,75%: Mempertahankan Stabilitas, Mendorong Pertumbuhan Ekonomi",27/8/DKom,True,cut,25.0,5.75,13,2658,,https://www.bi.go.id/id/publikasi/ruang-media/news-release/Pages/sp_270825.aspx
273625,en,2025-02-19,"BI-Rate held at 5.75%: Maintaining Stability, Strengthening Economic Growth",27/36/DKom,True,hold,0.0,5.75,14,3075,,https://www.bi.go.id/en/publikasi/ruang-media/news-release/Pages/sp_273625.aspx
273625,id,2025-02-19,"BI-Rate Tetap 5,75%: Mempertahankan Stabilitas, Mendukung Pertumbuhan Ekonomi",27/36/DKom,True,hold,0.0,5.75,14,2783,,https://www.bi.go.id/id/publikasi/ruang-media/news-release/Pages/sp_273625.aspx
276325,en,2025-03-19,"BI Rate Held at 5,75%: Maintaining Stability, Strengthening Economic Growth",,True,hold,0.0,5.75,12,2824,,https://www.bi.go.id/en/publikasi/ruang-media/news-release/Pages/sp_276325.aspx
276325,id,2025-03-19,"BI-Rate Tetap 5,75%: Mempertahankan Stabilitas, Mendukung Pertumbuhan Ekonomi",27/63/DKom,True,hold,0.0,5.75,13,2600,,https://www.bi.go.id/id/publikasi/ruang-media/news-release/Pages/sp_276325.aspx
278425,en,2025-04-23,"BI-Rate Held at 5.75%: Maintaining Stability, Strengthening Economic Growth",27/84/DKom,True,hold,0.0,5.75,13,3303,,https://www.bi.go.id/en/publikasi/ruang-media/news-release/Pages/sp_278425.aspx
278425,id,2025-04-23,"BI-Rate Tetap 5,75%: Mempertahankan Stabilitas, Mendukung Pertumbuhan Ekonomi",27/84/DKom,True,hold,0.0,5.75,14,2980,,https://www.bi.go.id/id/publikasi/ruang-media/news-release/Pages/sp_278425.aspx
2711125,en,2025-05-21,"BI-Rate Lowered by 25bps to 5.50% Maintaining Stability, Strengthening Economic Growth",27/111/DKom,True,cut,25.0,5.5,13,3003,,https://www.bi.go.id/en/publikasi/ruang-media/news-release/Pages/sp_2711125.aspx
2711125,id,2025-05-21,"BI-Rate Turun 25 bps Menjadi 5,50%: Mempertahankan Stabilitas, Mendorong Pertumbuhan Ekonomi",27/111/DKom,True,cut,25.0,5.5,12,2688,,https://www.bi.go.id/id/publikasi/ruang-media/news-release/Pages/sp_2711125.aspx
2711425,id,2025-05-22,"Bank Indonesia Dorong Transformasi IsDB yang Inklusif, Inovatif, dan Berdampak Nyata",27/114/DKom,True,hold,0.0,,1,400,few_sections|no_rate_level,https://www.bi.go.id/id/publikasi/ruang-media/news-release/Pages/sp_2711425.aspx
2713325,en,2025-06-18,"BI-Rate Held at 5.50% Maintaining Stability, Strengthening Economic Growth",27/133/DKom,True,hold,0.0,5.5,12,2866,,https://www.bi.go.id/en/publikasi/ruang-media/news-release/Pages/sp_2713325.aspx
2713325,id,2025-06-18,"BI-Rate Tetap 5,50%: Mempertahankan Stabilitas, Mendorong Pertumbuhan Ekonomi",27/133/DKom,True,hold,0.0,5.5,12,2556,,https://www.bi.go.id/id/publikasi/ruang-media/news-release/Pages/sp_2713325.aspx
2715325,en,2025-07-16,"BI-Rate Lowered by 25 bps to 5.25%: Maintaining Stability, Strengthening Economic Growth",27/153/DKom,True,cut,25.0,5.25,14,3004,,https://www.bi.go.id/en/publikasi/ruang-media/news-release/Pages/sp_2715325.aspx
2715325,id,2025-07-16,"BI-Rate Turun 25 bps Menjadi 5,25%: Mempertahankan Stabilitas, Mendorong Pertumbuhan Ekonomi",27/153/DKom,True,cut,25.0,5.25,11,2683,,https://www.bi.go.id/id/publikasi/ruang-media/news-release/Pages/sp_2715325.aspx
2719425,en,2025-08-20,"BI-Rate Lowered by 25 bps to 5.00%: Maintaining Stability, Strengthening Economic Growth",27/194/DKom,True,cut,25.0,5.0,13,2926,,https://www.bi.go.id/en/publikasi/ruang-media/news-release/Pages/sp_2719425.aspx
2719425,id,2025-08-20,"BI-Rate Turun 25 bps Menjadi 5,00%: Mempertahankan Stabilitas, Mendorong Pertumbuhan Ekonomi",27/194/DKom,True,cut,25.0,5.0,13,2620,,https://www.bi.go.id/id/publikasi/ruang-media/news-release/Pages/sp_2719425.aspx
2721925,en,2025-09-17,"BI-Rate lowered by 25 bps to 4.75% Strengthening Economic Growth, Maintaining Stability",,True,cut,25.0,4.75,15,3125,,https://www.bi.go.id/en/publikasi/ruang-media/news-release/Pages/sp_2721925.aspx
2721925,id,2025-09-17,"BI-Rate Turun 25 bps Menjadi 4,75%: Mendorong Pertumbuhan Ekonomi, Mempertahankan Stabilitas",27/219/DKom,True,cut,25.0,4.75,14,2837,,https://www.bi.go.id/id/publikasi/ruang-media/news-release/Pages/sp_2721925.aspx
2725025,en,2025-10-22,"BI-Rate Held at 4.75%: Strengthening Economic Growth, Maintaining Stability",,True,hold,0.0,4.75,14,3694,,https://www.bi.go.id/en/publikasi/ruang-media/news-release/Pages/sp_2725025.aspx
2725025,id,2025-10-22,"BI-Rate Tetap 4,75%: Mendorong Pertumbuhan Ekonomi, Mempertahankan Stabilitas",,True,hold,0.0,4.75,16,3379,,https://www.bi.go.id/id/publikasi/ruang-media/news-release/Pages/sp_2725025.aspx
2727425,en,2025-11-19,"BI-Rate Held at 4.75%: Maintaining Stability, Strengthening Economic Growth",,True,hold,0.0,4.75,14,3481,,https://www.bi.go.id/en/publikasi/ruang-media/news-release/Pages/sp_2727425.aspx
2727425,id,2025-11-19,"BI-Rate Tetap 4,75%: Mempertahankan Stabilitas, Mendorong Pertumbuhan Ekonomi",27/274/DKom,True,hold,0.0,4.75,14,3178,,https://www.bi.go.id/id/publikasi/ruang-media/news-release/Pages/sp_2727425.aspx
2730425,en,2025-12-17,"BI-Rate Held at 4.75%: Strengthening Economic Growth, Maintaining Stability",,True,hold,0.0,4.75,14,3438,,https://www.bi.go.id/en/publikasi/ruang-media/news-release/Pages/sp_2730425.aspx
2730425,id,2025-12-17,"BI-Rate Tetap 4,75%: Mendorong Pertumbuhan Ekonomi, Mempertahankan Stabilitas",27/304/DKom,True,hold,0.0,4.75,13,3125,,https://www.bi.go.id/id/publikasi/ruang-media/news-release/Pages/sp_2730425.aspx
281326,en,2026-01-21,"BI-Rate Held at 4.75%: Strengthening Economic Growth, Maintaining Stability",28/13/DKom,True,hold,0.0,4.75,14,3041,,https://www.bi.go.id/en/publikasi/ruang-media/news-release/Pages/sp_281326.aspx
281326,id,2026-01-21,"BI-Rate Tetap 4,75%: Mendorong Pertumbuhan Ekonomi, Mempertahankan Stabilitas",,True,hold,0.0,4.75,15,2790,,https://www.bi.go.id/id/publikasi/ruang-media/news-release/Pages/sp_281326.aspx
284326,en,2026-02-19,"BI-Rate Held at 4.75%: Strengthening Economic Growth, Maintaining Stability",28/43/DKom,True,hold,0.0,4.75,14,3182,,https://www.bi.go.id/en/publikasi/ruang-media/news-release/Pages/sp_284326.aspx
284326,id,2026-02-19,"BI-Rate Tetap 4,75%: Mendorong Pertumbuhan Ekonomi, Mempertahankan Stabilitas",28/43/DKom,True,hold,0.0,4.75,14,2993,,https://www.bi.go.id/id/publikasi/ruang-media/news-release/Pages/sp_284326.aspx
286526,en,2026-03-17,"BI-Rate Held at 4.75%: Maintaining Stability, Strengthening Economic Growth",28/65/DKom,True,hold,0.0,4.75,14,3297,,https://www.bi.go.id/en/publikasi/ruang-media/news-release/Pages/sp_286526.aspx
286526,id,2026-03-17,"BI-Rate Tetap 4,75%: Mempertahankan Stabilitas, Mendorong Pertumbuhan Ekonomi",28/65/DKom,True,hold,0.0,4.75,14,3061,,https://www.bi.go.id/id/publikasi/ruang-media/news-release/Pages/sp_286526.aspx
288426,en,2026-04-22,"BI-Rate Held at 4.75%: Maintaining Stability, Supporting Economic Growth",,True,hold,0.0,4.75,14,3073,,https://www.bi.go.id/en/publikasi/ruang-media/news-release/Pages/sp_288426.aspx
288426,id,2026-04-22,"BI-Rate Tetap 4,75%: Mempertahankan Stabilitas, Mendorong Pertumbuhan Ekonomi",28/84/DKom,True,hold,0.0,4.75,14,2920,,https://www.bi.go.id/id/publikasi/ruang-media/news-release/Pages/sp_288426.aspx
2810726,en,2026-05-20,"BI-Rate Increased by 50 bps to 5.25%: Strengthening Stability, Supporting Economic Growth",28/107/DKom,True,hike,50.0,5.25,13,3320,,https://www.bi.go.id/en/publikasi/ruang-media/news-release/Pages/sp_2810726.aspx
2810726,id,2026-05-20,"BI-Rate Naik 50 bps menjadi 5,25%: Memperkuat Stabilitas, Mendorong Pertumbuhan Ekonomi",28/107/DKom,True,hike,50.0,5.25,13,3196,,https://www.bi.go.id/id/publikasi/ruang-media/news-release/Pages/sp_2810726.aspx
2811926,en,2026-06-09,BI-Rate Increased by 25 bps to 5.50%: A Follow-Up Measure to Strengthen Rupiah Exchange Rate Stability,28/119/DKom,True,hike,25.0,5.5,3,751,few_sections,https://www.bi.go.id/en/publikasi/ruang-media/news-release/Pages/sp_2811926.aspx
2811926,id,2026-06-09,"BI-Rate Naik 25 bps menjadi 5,50%: Kebijakan Lanjutan Memperkuat Stabilitas Nilai Tukar Rupiah",,True,hike,25.0,5.5,2,699,few_sections,https://www.bi.go.id/id/publikasi/ruang-media/news-release/Pages/sp_2811926.aspx
2812626,en,2026-06-18,"BI-Rate Increased by 25 bps to 5.75%: Strengthening Stability, Supporting Economic Growth",28/126/DKom,True,hike,25.0,5.75,12,3029,,https://www.bi.go.id/en/publikasi/ruang-media/news-release/Pages/sp_2812626.aspx
2812626,id,2026-06-18,"BI-Rate Naik 25 bps Menjadi 5,75%: Memperkuat Stabilitas, Mendorong Pertumbuhan Ekonomi",28/126/DKom,True,hike,25.0,5.75,12,2856,,https://www.bi.go.id/id/publikasi/ruang-media/news-release/Pages/sp_2812626.aspx
2814226,en,2026-07-22,"BI-Rate Held at 5.75%: Strengthening Stability, Supporting Economic Growth",28/142/DKom,True,hold,0.0,5.75,12,3318,,https://www.bi.go.id/en/publikasi/ruang-media/news-release/Pages/sp_2814226.aspx
2814226,id,2026-07-22,"BI-Rate Tetap 5,75%: Memperkuat Stabilitas, Mendorong Pertumbuhan Ekonomi",28/142/DKom,True,hold,0.0,5.75,12,3078,,https://www.bi.go.id/id/publikasi/ruang-media/news-release/Pages/sp_2814226.aspx
2816226,en,2026-08-19,"BI-Rate Held at 5.75%: Strengthening Stability, Supporting Economic Growth",28/162/DKom,True,hold,0.0,5.75,8,2034,,https://www.bi.go.id/en/publikasi/ruang-media/news-release/Pages/sp_2816226.aspx
2816226,id,2026-08-19,"BI-Rate Tetap 5,75%: Memperkuat Stabilitas, Mendorong Pertumbuhan Ekonomi",28/162/DKom,True,hold,0.0,5.75,9,1899,,https://www.bi.go.id/id/publikasi/ruang-media/news-release/Pages/sp_2816226.aspx
2819326,en,2026-09-23,"BI-Rate Held at 5.75%: Strengthening Stability, Supporting Economic Growth",28/193/DKom,True,hold,0.0,5.75,8,2040,,https://www.bi.go.id/en/publikasi/ruang-media/news-release/Pages/sp_2819326.aspx
2819326,id,2026-09-23,"BI-Rate Tetap 5,75%: Memperkuat Stabilitas, Mendorong Pertumbuhan Ekonomi",28/193/DKom,True,hold,0.0,5.75,8,1943,,https://www.bi.go.id/id/publikasi/ruang-media/news-release/Pages/sp_2819326.aspx
