year,chunk_order,topic,n_words,text,source_report_url
2005,1,exchange_rate,117,"Bab 5: Perkembangan Moneter Upaya menjaga stabilitas moneter pada 2005 menghadapi tantangan berat. Kuatnya pengaruh tekanan eksternal berupa melambungnya harga minyak dunia dan berlanjutnya siklus pengetatan moneter global telah memberi tekanan pada stabilitas makroekonomi domestik yang antara lain tercermin pada tingginya depresiasi nilai tukar rupiah dan inflasi IHK. Tantangan menjaga stabilitas moneter menjadi semakin berat di tengah kondisi perbankan domestik yang mengalami ekses likuiditas. Dalam situasi demikian, Bank Indonesia mengambil langkah konsisten untuk mengendalikan inflasi dan menjaga stabilitas nilai tukar melalui kebijakan moneter yang cenderung ketat (tight biased). Kebijakan yang telah ditransmisikan melalui berbagai jalur tersebut diperkuat pula dengan koordinasi bersama Pemerintah, sehingga mampu mencegah terjadinya akselerasi ekspektasi inflasi lebih lanjut dan mengurangi tekanan terhadap nilai tukar.",https://www.bi.go.id/id/publikasi/laporan/Pages/lpi_2005.aspx
2005,2,monetary_policy,115,"Dalam rangka mengendalikan ekspektasi dan pencapaian sasaran inflasi jangka menengah panjang, Bank Indonesia menempuh kebijakan moneter yang cenderung ketat. Kebijakan yang cenderung ketat ini dilakukan melalui pengendalian likuiditas secara terukur dengan mempertimbangkan momentum pertumbuhan ekonomi dan menjaga stabilitas sistem keuangan. Di tengah tekanan eksternal dan masih cukup tingginya ekses likuiditas perbankan, kebijakan moneter cenderung ketat tercermin pada kenaikan suku bunga secara bertahap dan kemudian lebih intensif khususnya pada triwulan III dan IV-2005. Suku bunga instrumen moneter yang di akhir tahun 2004 tercatat 7,43% perlahan meningkat menjadi 8,25% di akhir Juni dan 12,75% di akhir 2005. Kebijakan tersebut juga diperkuat melalui kenaikan GWM, peluncuran paket stabilisasi Rupiah, dan ketentuan kehati- hatian perbankan ( prudential regulations ).",https://www.bi.go.id/id/publikasi/laporan/Pages/lpi_2005.aspx
2005,3,exchange_rate,89,"Disertai koordinasi yang erat dengan Pemerintah, kebijakan yang telah ditempuh tersebut berhasil mencegah terjadinya akselerasi ekspektasi inflasi dan meredam tekanan lebih lanjut terhadap nilai tukar rupiah. Kebijakan moneter telah secara efektif menurunkan ekses likuiditas perbankan. Setelah sempat menjadi tantangan di awal tahun, dalam perkembangannya berbagai kebijakan yang ditempuh telah mendorong penurunan stok ekses likuiditas perbankan secara bertahap. Sampai dengan akhir periode laporan, kondisi penurunan ekses likuiditas dimaksud belum mempengaruhi perkembangan likuiditas perekonomian. Hal tersebut antara lain tercermin pada masih cukup tingginya pertumbuhan kredit kepada sektor bisnis dan rumah tangga.",https://www.bi.go.id/id/publikasi/laporan/Pages/lpi_2005.aspx
2005,4,monetary_policy,128,"Sinyal kebijakan moneter ke pasar keuangan telah berjalan sesuai dengan harapan. Kenaikan BI Rate yang diikuti oleh kenaikan suku bunga penjaminan telah direspon dengan kuat oleh suku bunga simpanan, Bab 5: Perkembangan Moneter sehingga mendorong cukup tingginya pertumbuhan dana masyarakat di perbankan. Namun demikian, kenaikan tersebut hanya diikuti dengan naiknya suku bunga kredit dengan skala yang lebih rendah, sehingga kredit tetap mampu tumbuh sesuai proyeksi awal tahun. Sementara itu, kenaikan BI Rate mendorong naiknya selisih suku bunga dalam dan luar negeri ( interest rate differential ) sehingga menjadi salah satu faktor positif dalam mendorong aliran modal masuk ( capital inflow ) dan penguatan nilai tukar. Di pasar saham, kenaikan BI Rate berkontribusi dalam koreksi IHSG, meskipun sentimen positif dan mikro emiten cukup berperan dalam menahan tekanan terhadap indeks.",https://www.bi.go.id/id/publikasi/laporan/Pages/lpi_2005.aspx
2005,5,monetary_policy,118,"Di pasar utang, kebijakan marked to market dan kenaikan BI Rate yang diakselerasi dengan aksi pencairan besar-besaran pada industri reksa dana telah berkontribusi pada kenaikan yield (imbal hasil) obligasi negara. Dari sisi pembiayaan nonbank, naiknya suku bunga menjadi salah satu alasan ditangguhkannya rencana emisi saham dan obligasi dari beberapa korporasi. PELAKSANAAN KEBIJAKAN MONETER Strategi Kebijakan Moneter Strategi kebijakan moneter diarahkan untuk mencapai sasaran inflasi yang ditetapkan bersama-sama dengan Pemerintah. Strategi tersebut dilakukan melalui penerapan kebijakan moneter cenderung ketat yang dapat dipilah menjadi empat fase seiring dengan dinamika perkembangan makroekonomi. Pada fase pertama, yaitu periode berlanjutnya ekspansi perekonomian yang diikuti dengan tekanan stabilitas makroekonomi (Januari-Maret 2005), perekonomian Indonesia diliputi optimisme pembentukan pemerintahan baru dan pertumbuhan ekonomi yang cukup menggembirakan.",https://www.bi.go.id/id/publikasi/laporan/Pages/lpi_2005.aspx
2005,6,monetary_policy,172,"Namun, tingginya harga minyak dunia dan kuatnya permintaan domestik yang pemenuhannya lebih banyak melalui impor telah memberikan tekanan pada nilai tukar secara fundamental. Mempertimbangkan indikasi masih tingginya tekanan inflasi ke depan, Bank Indonesia melanjutkan kebijakan moneter cenderung ketat sebagaimana arah kebijakan tahun sebelumnya, dengan menetapkan indikatif pertumbuhan base money untuk keseluruhan tahun sekitar 11,5-12,5%1 , lebih rendah dari realisasi pertumbuhan test date base money pada tahun sebelumnya, sebesar 15,1%. Dalam realisasinya di fase pertama, level base money terjaga pada kisaran perkiraan indikatif dan suku bunga instrumen moneter yang diwakili oleh pergerakan rata- rata tertimbang (RRT) SBI 1 bulan relatif tidak mengalami perubahan seiring dengan masih cukup tingginya ekses likuiditas perbankan. Kebijakan moneter cenderung ketat pada fase kedua atau periode peningkatan tekanan terhadap stabilitas makroekonomi (April-Juni 2005) dilakukan melalui upaya menjaga base money agar dapat tumbuh selaras dengan proyeksi besaran makroekonomi dan target inflasi yang ditetapkan Pemerintah. Kendatipun demikian, meningkatnya tekanan eksternal dan ketidakpastian ketersediaan penempatan likuiditas jangka pendek mempengaruhi tingginya kelebihan simpanan perbankan di Bank Indonesia di atas ketentuan minimum yang dipersyaratkan.",https://www.bi.go.id/id/publikasi/laporan/Pages/lpi_2005.aspx
2005,7,exchange_rate,115,"Selain itu, kebutuhan masyarakat akan uang kartal yang meningkat lebih tinggi dari perkiraan telah mempengaruhi realisasi base money. Sementara itu, suku bunga SBI 1 bulan pada akhir triwulan II-2005 telah meningkat 82 bps dari akhir triwulan sebelumnya menjadi 8,25%. Selanjutnya dalam upaya meningkatkan kontrol terhadap ekses likuiditas perbankan dan meminimalkan tekanan terhadap nilai tukar rupiah, Bank Indonesia lebih mengaktifkan lelang SBI 1 bulan dan meluncurkan paket stabilisasi nilai tukar rupiah. Disamping itu, berbagai kebijakan tersebut juga dibarengi dengan penguatan koordinasi dengan Pemerintah, baik melalui Tim Penetapan 1 Rata-rata pertumbuhan dengan asumsi GWM 5%. Perkiraan tersebut dievaluasi kembali pada triwulan I dan II 2005 dalam upaya menyesuaikan respon kebijakan moneter dengan kondisi perekonomian pada waktu itu.",https://www.bi.go.id/id/publikasi/laporan/Pages/lpi_2005.aspx
2005,8,monetary_policy,165,"Bab 5: Perkembangan Moneter Sasaran, Pemantauan, dan Pengendalian Inflasi (yang beranggotakan Bank Indonesia dan Departemen Teknis terkait), maupun melalui kesepakatan penyusunan mekanisme pembelian valuta asing BUMN. Pada fase ketiga, yaitu periode berlanjutnya tekanan stabilitas makroekonomi (Juli-September 2005), semakin kuatnya tekanan terhadap stabilitas makroekonomi mendorong Bank Indonesia untuk menerapkan kebijakan moneter cenderung ketat dengan sinyal kebijakan yang lebih jelas, transparan dan intensitas yang lebih kuat. Sinyal kebijakan moneter yang disampaikan melalui base money disadari sulit dipahami dan tidak cukup jelas dalam mengarahkan ekspektasi pelaku pasar. Kondisi tersebut disikapi Bank Indonesia dengan melakukan upaya penguatan kerangka kerja kebijakan moneter dengan sasaran akhir kestabilan harga melalui penggunaan suku bunga (BI Rate) sebagai satu-satunya policy reference rate pada awal Juli 2005 (Boks: Implementasi Inflation Targeting Framework di Indonesia) . Dengan perubahan tersebut diharapkan sinyal kebijakan moneter Bank Indonesia 2 untuk merespon kondisi makro ekonomi dapat lebih mudah dipahami dan digunakan sebagai acuan oleh pelaku pasar dalam pengambilan keputusan usahanya, sehingga pada gilirannya dapat meningkatkan efektivitas dan kredibilitas kebijakan moneter.",https://www.bi.go.id/id/publikasi/laporan/Pages/lpi_2005.aspx
2005,9,exchange_rate,157,"Di tengah kondisi masih cukup tingginya ekses likuiditas perbankan dan meningkatnya tekanan terhadap inflasi dan nilai tukar rupiah, pada fase ini Bank Indonesia mengambil langkah pengetatan melalui kenaikan BI Rate yang diperkuat dengan kenaikan GWM. Sampai dengan akhir September BI Rate mengalami 3 kali kenaikan3 dengan kumulatif sebesar 150 bps, sehingga mencapai 10,00%. Kebijakan tersebut juga dibarengi dengan upaya menjaga level dan stabilitas suku bunga jangka pendek melalui penggunaan instrumen fine tune kontraksi dalam berbagai tenor. Sementara itu, untuk memperkuat upaya meredam tekanan terhadap gejolak nilai tukar, diberlakukan kenaikan maksimum suku bunga penjaminan baik rupiah maupun valuta asing, dibukanya intervensi swap valuta asing sebagai instrumen OPT dan diterapkannya ketentuan terhadap transaksi valuta asing seperti PDN dan margin trading . Berbagai kebijakan tersebut tetap diikuti dengan peningkatan koordinasi bersama Pemerintah melalui beberapa paket kebijakan bersama seperti pada tanggal 5 Juli 2005 tentang pengelolaan permintaan valuta asing BUMN dengan channeling dan secara terbatas memfasilitasi penyediaan subsidi Pemerintah ke BUMN.",https://www.bi.go.id/id/publikasi/laporan/Pages/lpi_2005.aspx
2005,10,monetary_policy,159,"Disamping itu koordinasi kebijakan dengan Pemerintah melalui Tim Penetapan Sasaran, Pemantauan, dan Pengendalian Inflasi tetap ditingkatkan. Pada fase keempat, yaitu periode pulihnya kepercayaan terhadap stabilitas makroekonomi (September-Desember 2005), Bank Indonesia tetap menerapkan kebijakan moneter cenderung ketat dengan intensitas yang semakin kuat. Masih cukup tingginya ekspektasi inflasi dan ketidakpastian di tengah berlanjutnya pemburukan kondisi stabilitas makroekonomi mendorong Bank Indonesia untuk kembali menaikkan BI Rate. Pada fase ini BI Rate mengalami 3 kali 4 kenaikan dengan kumulatif 275 bps sehingga pada akhir tahun ditutup sebesar 12,75%. Selain dengan menaikkan BI Rate, Bank Indonesia juga semakin berkomitmen pada upaya menjaga level dan stabilitas suku bunga jangka pendek (PUAB O/N) melalui pengoptimalan pelaksanaan lelang SBI (rata-rata penyerapan likuiditas SBI 1 bulan mencapai 99,0% dari total likuiditas yang ditawarkan perbankan), menyediakan batas bawah ( floor) otomatis melalui aktivasi instrumen FASBI O/N dan batas atas ( ceiling) secara diskresi melalui instrumen fine tune, serta menyempurnakan berbagai2 Dinyatakan dalam kenaikan, penurunan, atau tidak berubahnya BI Rate.",https://www.bi.go.id/id/publikasi/laporan/Pages/lpi_2005.aspx
2005,11,decision,67,"Respon tersebut ditetapkan untuk periode satu triwulan ke depan. Dalam hal terjadi perkembangan di luar prakiraan semula, maka penetapan respon kebijakan moneter dapat dilakukan dalam Rapat Dewan Gubernur (RDG) lainnya. 3 25 dan 75 bps pada Agustus, serta 50 bps pada September. 4 100 bps pada Oktober, 125 bps pada November, dan 50 bps pada Desember. Bab 5: Perkembangan Moneter instrumen moneter agar selaras dengan BI Rate.",https://www.bi.go.id/id/publikasi/laporan/Pages/lpi_2005.aspx
2005,12,monetary_policy,155,"Berbagai kebijakan tersebut semakin diperkuat dengan koordinasi bersama-sama dengan Pemerintah, khususnya untuk meminimalkan dampak kenaikan inflasi dari sisi administered prices paska kenaikan harga BBM. Dengan berbagai langkah yang ditempuh tersebut, konsistensi dan kredibilitas kebijakan telah mampu memulihkan kepercayaan investor asing, seperti tercermin pada peningkatan aliran modal swasta masuk khususnya jangka pendek, dan mendorong penguatan nilai tukar lebih lanjut. Kecenderungan penguatan nilai tukar yang sejalan dengan konsistensi kebijakan moneter tersebut pada gilirannya juga telah meredam akselerasi peningkatan ekspektasi inflasi, depresiasi nilai tukar dan mencegah terjadinya kondisi gangguan stabilitas makroekonomi yang lebih buruk, sehingga tetap dapat mendukung momentum pertumbuhan ekonomi dan stabilitas sistem keuangan. Operasional Kebijakan Moneter Kebijakan moneter dalam pelaksanaannya diarahkan untuk mencapai sasaran operasional yang telah ditetapkan dan menjaga level dan stabilitas suku bunga jangka pendek. Hal tersebut dilakukan melalui kegiatan penyesuaian likuiditas (liquidity adjustment) dalam bentuk pelaksanaan operasi pasar terbuka (OPT), mengaktifkan instrumen fine tune operations (FTO), dan mengaktifkan instrumen deposit standing facilities .",https://www.bi.go.id/id/publikasi/laporan/Pages/lpi_2005.aspx
2005,13,monetary_policy,146,"Langkah-langkah tersebut diperkuat pula dengan berbagai kebijakan lain seperti peningkatan maksimum suku bunga penjaminan baik rupiah maupun valuta asing, pemberlakukan intervensi swap valuta asing sebagai instrumen OPT , penyesuaikan suku bunga FASBI 7 hari 5 dan penyempurnakan ketentuan transaksi valuta asing seperti ketentuan PDN dan margin trading, yang pada gilirannya turut berkontribusi dalam meredam fluktuasi nilai tukar. Sinyal kebijakan moneter melalui BI Rate telah diikuti oleh pelaku pasar. Hal ini tercermin pada konsentrasi bidding rate pada lelang SBI 1 bulan yang semakin konvergen menuju level BI Rate. Pada lelang pertama di era BI rate, kisaran suku bunga penawaran yang masuk (incoming bid rates) masih sangat lebar (delapan tingkatan rate) dengan pangsa penawaran hanya sekitar 35% di level BI Rate (8,50%) 6 . Dalam perkembangannya, seiring dengan mulai dipahaminya arah kebijakan Bank Indonesia oleh pasar, maka pada lelang selanjutnya penawaran semakin mengerucut pada BI Rate (Grafik 5.2).",https://www.bi.go.id/id/publikasi/laporan/Pages/lpi_2005.aspx
2005,14,exchange_rate,177,"Melalui proses belajar tersebut, pada lelang terakhir di 2005, Grafik 5.1 Perkembangan Respon Kebijakan Moneter FASBI O/N Pg SBI 1 bln/BI Rate SBI 3 bln RRT PUAB O/N Rp Persen cautious easing tight biased tight biased + BI Rate Paket Kebijakan Stabilisasi Nilai Tukar April 05fase 1 fase 2 fase 3 Paket Kebijakan Bersama BI- Pemerintah Jul-Ags 05 4,5 6,0 7,5 9,0 10,5 12,0 13,5 15,0 fase 4 Paket Kebijakan Ags. BI 123456789 1 0 1 1 1 2 123456789 1 0 1 1 1 2 2004 2005 Grafik 5.2 Incoming Bid Rates pada BI Rate 5 Pada tahun laporan telah dinaikkan 375 bps yaitu 25 bps pada April, 125 bps pada Agustus, 50 bps pada September, 125 bps pada November dan 50 bps pada Desember. 6 Hal ini ditengarai terkait dengan kurang tepatnya timing dan penetapan level BI Rate. Sebagaimana diketahui, pengumuman BI Rate dilakukan hanya 1 hari sebelum lelang perdana. Disamping itu, penetapan BI Rate pada level tersebut dipandang sebagai lonjakan yang cukup besar, mengingat pada lelang sebelumnya konsentrasi incoming bid rates berada di 8,2500-8,3125%.",https://www.bi.go.id/id/publikasi/laporan/Pages/lpi_2005.aspx
2005,15,monetary_policy,145,"Hal tersebut mendorong peserta lelang untuk berhati-hati dan tidak terlalu ambisius untuk serta merta menawar di BI Rate karena belum cukup paham dan yakin akan intensi Bank Indonesia. Persen 61 3 2 02 7 3 1 0 16 24 31 7 14 21 28 5 12 19 26 9 16 23 30 7 14 21 28 2 0 0 5 Jul Ags Sep Okt Nov Des Bab 5: Perkembangan Moneter konsentrasi incoming bid rates di level BI Rate telah mencapai 98,3% dari seluruh penawaran dengan kisaran suku bunga yang semakin sempit yaitu sebesar 25 bps (12,75 √ 13,00%). Dengan perkembangan tersebut, rata- rata tertimbang (RRT) SBI 1 bulan pada akhir Desember tercatat pada level BI Rate (12,75%). Apabila dibandingkan dengan akhir tahun 2004 (RRT SBI 1 bulan sebesar 7,43%), kenaikan RRT SBI 1 bulan telah mencapai 532 bps. Penyerapan likuiditas melalui lelang SBI semakin membaik.",https://www.bi.go.id/id/publikasi/laporan/Pages/lpi_2005.aspx
2005,16,monetary_policy,147,"Sepanjang 2005, perbaikan kinerja lelang SBI 1 bulan tercermin pada rata-rata penyerapan likuiditas yang mencapai 93,8% dari likuiditas yang ditawarkan perbankan, lebih tinggi dari rata-rata yang sama di tahun sebelumnya (90,6%) (Grafik 5.3). Sementara itu, perbaikan kinerja lelang SBI 3 bulan tampak pada rata-rata penyerapan likuiditas yang mencapai 79,3% dari likuiditas yang ditawarkan perbankan, lebih tinggi dari rata-rata yang sama tahun sebelumnya (74,8%), meskipun diwarnai fluktuasi yang signifikan (Grafik 5.4). Dengan perkembangan yang demikian, RRT SBI 3 bulan pada lelang terakhir di 2005 tercatat mencapai 12,83% atau 553 bps lebih tinggi dari posisi akhir 2004 (7,30%). Selain melalui lelang SBI secara reguler, upaya menjaga level suku bunga jangka pendek agar selaras dengan arah umum kebijakan moneter juga dilakukan melalui instrumen nonreguler ( fine tune operations ). Instrumen tersebut terdiri dari fine tune kontraksi (FTK) yang berfungsi menyerap likuiditas dan fine tune ekspansi (FTE) yang berfungsi menambah likuiditas.",https://www.bi.go.id/id/publikasi/laporan/Pages/lpi_2005.aspx
2005,17,monetary_policy,91,"Instrumen FTK pertama kali digunakan sejak 26 April dan untuk sementara difungsikan pasar sebagai batas bawah ( floor ) dari pergerakan suku bunga PUAB. Kehadiran floor tersebut mencegah terjadinya praktik arbitrage dan spekulasi yang sempat terjadi di PUAB. Selanjutnya, seiring dengan dinamika perekonomian dan kondisi moneter yang terjadi, instrumen FTK pun mengalami beberapa penyesuaian. Awalnya window FTK 1-7 hari dilakukan atas dasar mekanisme fixed rate tender dengan suku bunga 3,625% (1-3 hari) dan 5,750% (4-6 hari). Kemudian, FTK bertenor O/N mulai dioperasikan setiap hari sejak 25 Agustus s/d 11 Oktober 2005.",https://www.bi.go.id/id/publikasi/laporan/Pages/lpi_2005.aspx
2005,18,monetary_policy,255,"Pada 25 - 26 Agustus suku bunga FTK O/N ditetapkan dengan fixed single rate sebesar 7%, menggunakan sistem window yang dibuka pada pagi (10.00 √ 12.00) dan/atau siang (14.00 -16.00). Kemudian sejak 29 Agustus 2005 s/d 11 Oktober 2005, FTK O/N dilakukan atas dasar variable rate tender dengan multiple price allotment7. Dari sisi volume, sepanjang periode 25 Agustus s.d. akhir September, FTK O/N berhasil menyerap likuiditas dalam jumlah yang signifikan antara Rp3,6 √18,1 triliun, atau secara rata-rata Grafik 5.3 Perkembangan Lelang SBI 1 Bulan Nisbah Win to Bid Nisbah Bid to Target Nisbah Bid to Matured Nisbah Win to Target transisi dari lelang dwi mingguan ke mingguan 1 bulan tidak ada SBI Jatuh Waktu Persen 51 92 1 62 1 6 6 20 4 11 18 25 1 8 15 22 29 6 13 20 27 3 10 16 24 31 7 14 21 28 5 12 19 26 9 16 23 30 7 14 21 28 Ags Sep Okt NovJan Feb Mar Apr Mei Jun Jul Des 2 0 0 5 Grafik 5.4 Perkembangan Lelang SBI 3 Bulan Nisbah Win to Bid Nisbah Bid to Target Nisbah Bid to Matured Nisbah Win to Target 3 bulan Persen Jan Feb Mar Apr Mei Jun Jul Ags Sep Okt Nov Des 2 0 0 5 7M ekanisme penawaran lelang dengan menggunakan harga beragam yang penentuan pemenangnya disesuaikan dengan (atau berdasarkan) harga yang ditawarkan. Bab 5: Perkembangan Moneter 8 Sejak 22 Agustus 2005, diarahkan untuk mengurangi potensi likuiditas yang dapat memfasilitasi kegiatan spekulasi valuta asing. Tabel 5.1.",https://www.bi.go.id/id/publikasi/laporan/Pages/lpi_2005.aspx
2005,19,money_supply,321,"Statistik Pembelian SUN Oleh Bank Indonesia Ringkasan -T arget (Rp m) 4,000 2,000 1,500 3,000 3,000 - Penawaran (Rp m) 4,306 3,582 5,711 16,087 2,991 - Hasil (Rp m) 4,306 2,222 856 3,000 137 - Portofolio 4,306 6,528 7,384 10,384 10,521 Terms & Conditions FR4 FR5 FR2 FR19 FR20 FR2 FR23 FR19 FR10 FR23 FR19 FR20 FR4 FR5 FR2 FR20 FR4 FR2 FR10 FR19 - Jatuh Waktu Feb-06 Jul-07 Jun-09 Jun-13 Dec-13 Jun-09 Dec-12 Jun-13 Mar-10 Dec-12 Jun-13 Dec-13 Feb-06 Jul-07 Jun-09 Dec-13 Feb-06 Jun-09 Mar-10 J un-13 - Kupon (%) 12.125 12.250 14.000 14.250 14.275 14.000 11.000 14.250 13.150 11.000 14.250 14.275 12.125 12.250 14.000 14.275 12.125 14.000 13.150 14. 250 - Nominal (Rp m) 14,554 18,403 20,012 11,856 11,856 20,012 11,333 11,856 12,013 11,333 11,856 11,856 14,554 18,403 20,012 11,856 14,554 20,012 12,0 13 11,856 -P ortofolio Dagang (Rp m) 13,719 17,229 17,365 11,856 11,399 17,365 11,333 11,856 9,765 11,333 11,856 11,399 13,719 17,990 17,365 11,399 13,719 17,365 9,765 11,856 15 Agustus 200515 Agustus 200515 Agustus 200515 Agustus 200515 Agustus 20057 April 20057 April 20057 April 20057 April 20057 April 2005 14 April 200514 April 200514 April 200514 April 200514 April 2005TanggalTanggalTanggalTanggalTanggal 6 September 20056 September 20056 September 20056 September 20056 September 2005 23 September 200523 September 200523 September 200523 September 200523 September 2005 mencapai sekitar Rp11,0 triliun, jauh lebih tinggi dari rata- rata penyerapan likuiditas melalui FASBI 7 hari pada periode yang sama (rata-rata Rp2,5 triliun). Sementara itu, kehadiran instrumen FTE yang pertama kali diluncurkan pada 18 Oktober telah menjembatani ketiadaan instrumen ekspansif paska dihapuskannya fasilitas SBI Repo 8 . FTE tersebut dilakukan secara fixed rate tender (BI Rate + 200 bps atau 14%) dengan window 10.00√12.00 dan mengalirkan likuiditas sebesar Rp3,7 triliun yang diikuti oleh 21 bank partisipan. Instrumen FTE kembali diluncurkan untuk kedua kalinya pada 9 Desember 2005, tetap dengan fixed rate tender (BI Rate + 200 bps atau 14,75%), dengan window pukul 11.15 √ 11.45.",https://www.bi.go.id/id/publikasi/laporan/Pages/lpi_2005.aspx
2005,20,monetary_policy,87,"Likuiditas yang dialirkan mencapai Rp1,9 triliun dan diikuti oleh 11 bank partisipan. Seiring dengan masih tingginya segmentasi di pasar uang, kondisi PUAB baru kembali pulih beberapa hari setelah pelaksanaan FTE. Instrumen FASBI O/N kembali diaktifkan dalam upaya memperkuat arah umum kebijakan moneter. Sejak 12 Oktober instrumen FASBI O/N mulai digunakan untuk menggantikan peran FTK sebagai floor dari pergerakan suku bunga jangka pendek. Hal tersebut dilakukan selain untuk memperkuat arah umum kebijakan moneter sehingga meningkatkan efektifitas transmisi, juga dilakukan untuk menjamin kepastian level dan stabilitas suku bunga PUAB.",https://www.bi.go.id/id/publikasi/laporan/Pages/lpi_2005.aspx
2005,21,exchange_rate,98,"Kepastian tersebut antara lain bermanfaat untuk menjaga agar risk adjusted return dari penanaman Rupiah tetap kompetitif sehingga membuat Rupiah menjadi menarik, meminimalkan potensi aksi currency switching, dan pada gilirannya mengurangi tekanan terhadap nilai tukar. Sementara itu instrumen FASBI 7 hari masih dipertahankan, dengan predetermined rate sebesar BI Rate √ 200 bps9. Dalam upaya penganekaragaman instrumen moneter, sejak April 2005 Bank Indonesia melakukan pembelian SUN di pasar sekunder. Upaya tersebut ditujukan untuk building stock menuju rencana penggunaan SUN sebagai variasi instrumen moneter. Dengan lima kali pembelian10 , stok SUN yang dimiliki saat ini berjumlah sekitar Rp10,5 triliun (Tabel 5.1).",https://www.bi.go.id/id/publikasi/laporan/Pages/lpi_2005.aspx
2005,22,money_supply,96,"Aksi tersebut juga dimaksudkan untuk menggairahkan sekaligus memberi acuan bagi pasar obligasi yang pada saat pembelian dilakukan sedang mengalami tekanan jual. PERKEMBANGAN LIKUIDITAS Perkembangan Base Money Pertumbuhan base money secara umum cukup terkendali. Pada awal 2005, rata-rata pertumbuhan test 9 Sejak 1 November 2005. 10 Rencana pembelian ke-6 pada 13 Oktober 2005 dibatalkan karena tingginya harga yang ditawarkan pasar. Bab 5: Perkembangan Moneter Grafik 5.5 Perkembangan Test Date Base Money Grafik 5.6 Perkembangan Uang Kartal date base money11 diperkirakan berada pada kisaran 11,5 √ 12,5% agar selaras dengan target inflasi dan perkiraan berbagai variabel makro lainnya.",https://www.bi.go.id/id/publikasi/laporan/Pages/lpi_2005.aspx
2005,23,money_supply,160,"Namun, sampai dengan Desember 2005, rata-rata pertumbuhan test date base money telah mencapai 13,7% (Grafik 5.5). Kondisi tersebut disumbang oleh perkembangan base money di semester I yang pada beberapa bulan sempat melampaui proyeksi indikatifnya. Sedangkan memasuki awal semester 18,5 17,3 9,0 10,3 15,1 Persen (y-o-y) 13,7 GWM 5% Jan Jun Nov Apr Sep Feb Jul Des Mei Okt Mar Ags Jan Jun Nov 2000 2001 2002 2003 2004 2005 60.000 70.000 80.000 90.000 100.000 110.000 120.000 130.000 140.000 Miliar 2003 2004 2005 Jan Feb Mar Apr Mei Jun Jul Ags Sep Okt Nov Des II sampai akhir 2005, base money tumbuh lebih rendah dari yang diperkirakan. Terlampauinya proyeksi indikatif pada semester I terutama terkait dengan peningkatan kebutuhan masyarakat akan uang kartal dan perkembangan ekses GWM yang bergerak jauh di atas prakiraan. Kendatipun demikian, pola pergerakan uang kartal ( currency outside banks ) relatif tidak mengalami perubahan perilaku yang berarti paska lebaran dan kebijakan Pemerintah menyalurkan bantuan langsung tunai (Grafik 5.6).",https://www.bi.go.id/id/publikasi/laporan/Pages/lpi_2005.aspx
2005,24,money_supply,215,"Tabel 5.2 Perkembangan Base Money Uang PrimerUang PrimerUang PrimerUang PrimerUang Primer 138,3138,3138,3138,3138,3 166,5166,5166,5166,5166,5 199,4199,4199,4199,4199,4 184,9184,9184,9184,9184,9 198,4198,4198,4198,4198,4 224,4224,4224,4224,4224,4 239,8239,8239,8239,8239,8 20,420,420,420,420,4 19,819,819,819,819,8 20,220,220,220,220,2 Uang kertas dan Logam yang Diedarkan 98,4 112,7 126,9 116,4 124,4 134,9 144,9 14,6 12,5 14,2 - di masyarakat 80,7 94,5 109,3 98,6 106,1 115,0 124,3 17,2 15,6 13,8 - di perbankan 17,7 18,2 17,6 17,8 18,3 19,9 20,6 2,7 -3,2 16,6 Giro Bank pada Bank Indonesia 38,2 52,2 72,1 67,8 73,4 89,1 94,5 36,6 38,0 31,2 Giro Sektor Swasta 1,6 1,5 0,5 0,7 0,6 0,5 0,4 -4,9 -67,4 -23,5 Aktiva Luar Negeri Bersih ($ = Rp7000)Aktiva Luar Negeri Bersih ($ = Rp7000)Aktiva Luar Negeri Bersih ($ = Rp7000)Aktiva Luar Negeri Bersih ($ = Rp7000)Aktiva Luar Negeri Bersih ($ = Rp7000) 151,8151,8151,8151,8151,8 169,4169,4169,4169,4169,4 170,8170,8170,8170,8170,8 173,3173,3173,3173,3173,3 163,8163,8163,8163,8163,8 141,5141,5141,5141,5141,5 173,8173,8173,8173,8173,8 11,611,611,611,611,6 0,90,90,90,90,9 1,71,71,71,71,7 Aktiva Domestik Bersih :Aktiva Domestik Bersih :Aktiva Domestik Bersih :Aktiva Domestik Bersih :Aktiva Domestik Bersih : -13,6-13,6-13,6-13,6-13,6 -2,9-2,9-2,9-2,9-2,9 28,628,628,628,628,6 11,611,611,611,611,6 34,734,734,734,734,7 82,982,982,982,982,9 66,066,066,066,066,0 -78,6-78,6-78,6-78,6-78,6 -1.085,2-1.085,2-1.085,2-1.085,2-1.085,2 130,7130,7130,7130,7130,7 1. Tagihan Bersih pada Pemerintah 168,5 174,2 226,6 187,0 197,7 210,9 239,1 3,4 30,1 5,5 2. Kredit Likuiditas 14,4 13,7 12,3 12,2 12,0 11,8 11,6 -4,9 -10,1 -6,1 3. Tagihan Bersih pada BPPN 28,5 28,4 0,0 0,0 0,0 0,0 0,0 0,0 -100,0 0,0 4. Tagihan Lainnya 10,5 10,0 37,3 33,7 33,8 33,8 20,0 -4,5 272,8 -46,5 5.",https://www.bi.go.id/id/publikasi/laporan/Pages/lpi_2005.aspx
2005,25,money_supply,229,"Operasi Pasar Terbuka -113,3 -136,5 -144,5 -130,8 -115,1 -61,9 -121,3 20,5 5,9 -23,8 - SBI (Netto) -77,7 -107,0 -103,8 -57,6 -101,1 -41,5 -74,6 37,8 -3,0 -28,1 - FASBI -35,6 -29,5 -40,7 -73,2 -21,1 -17,6 -57,2 -17,2 38,1 -12,8 - SUN (Surat Utang Negara) 0,0 0,0 0,0 0,0 7,1 10,2 10,5 0,0 0,0 0,0 - FTO (Fine Tune Operations) 0,0 0,0 0,0 0,0 0,0 -13,0 0,0 0,0 0,0 0,0 6. Lainnya Bersih -122,2 -92,8 -103,2 -90,6 -86,5 -144,5 -94,6 -24,0 11,2 -8,3 Triliun RpTriliun RpTriliun RpTriliun RpTriliun Rp MarMarMarMarMar JunJunJunJunJun SepSepSepSepSep DesDesDesDesDes 2003 20052004 Pertumbuhan (%, y-o-y)2002 2003 2004 Des Des DesR i n c i a n 11 GWM 5% Bab 5: Perkembangan Moneter Permintaan Cadangan Bank Penawaran Cadangan Bank Uang Kartal Tagihan Bersih pada Pemerintah (Rp) Triliun Rp -40 -30 -20 -10 Jan Feb Mar Apr Mei Jun Jul Ags Sep Okt Nov Des 2 0 0 5 Posisi base money 12 pada akhir Desember tercatat mencapai Rp239,8 triliun, meningkat sebesar Rp40,4 triliun dari akhir tahun sebelumnya. Dari sisi permintaan, kenaikan base money disamping bersumber dari uang kartal, juga berasal dari kenaikan giro positif pada Bank Indonesia terkait dengan pemenuhan kenaikan GWM. Pada akhir tahun, kenaikan permintaan tersebut dapat sepenuhnya dipenuhi oleh penawaran likuiditas yang terutama disumbang oleh ekspansi bersih rekening rupiah Pemerintah di Bank Indonesia dan biaya operasi moneter Bank Indonesia. Bahkan masih terdapat kelebihan penawaran likuiditas.",https://www.bi.go.id/id/publikasi/laporan/Pages/lpi_2005.aspx
2005,26,money_supply,93,"Dalam upaya menyeimbangkan kondisi permintaan dan penawaran likuiditas tersebut, Bank Indonesia melakukan penyerapan likuiditas terutama melalui sterilisasi valuta asing. Kebijakan tersebut tidak saja berhasil menyerap kelebihan penawaran likuiditas, tetapi juga mendorong turunnya posisi OPT pada akhir 2005 dibanding akhir tahun sebelumnya (Tabel 5.2 dan Grafik 5.7). Ekses Likuiditas Perbankan Ekses likuiditas perbankan cenderung menurun. Ekses likuiditas perbankan didefinisikan sebagai penempatan dana perbankan di Bank Indonesia 13 yang belum dapat disalurkan secara optimal ke sektor riil dalam bentuk kredit. Penurunan ekses likuiditas tersebut sangatlah penting untuk mencegah spekulasi dan meningkatkan efektivitas transmisi kebijakan moneter.",https://www.bi.go.id/id/publikasi/laporan/Pages/lpi_2005.aspx
2005,27,growth,110,"Terlebih mengingat upaya penyerapan likuiditas secara fundamental melalui pertumbuhan ekonomi dipandang belum mampu mengurangi ekses likuiditas perbankan secara persisten. Pada periode laporan, penurunan ekses likuiditas perbankan terutama didorong oleh lebih rendahnya realisasi defisit fiskal, kebijakan pembayaran subsidi langsung dalam valuta asing kepada Pertamina dan kenaikan GWM. Kebijakan menaikkan GWM yang ditetapkan pada September 2005 dilakukan secara proporsional atas dasar pencapaian Loan to Deposit Ratio (LDR) bank secara individual14 . Kebijakan tersebut secara agregat telah berhasil menyerap ekses likuiditas perbankan sekitar Rp24 triliun dengan rate tertinggi GWM mencapai 13% (Grafik 5.8). Dengan penurunan tersebut, rata-rata ekses likuiditas perbankan sepanjang 2005 telah berada di bawah normalnya, meskipun strukturnya cenderung semakin berjangka pendek.",https://www.bi.go.id/id/publikasi/laporan/Pages/lpi_2005.aspx
2005,28,money_supply,78,"Hal tersebut tercermin pada Grafik 5.7 Perkembangan Permintaan dan Penawaran Cadangan Bank 12 GWM Baru 13 Dihitung dari nisbah antara penjumlahan ekses likuiditas (ekses GWM, ekses cash in vault, dan OPT minus SUN) dengan DPK. 14 Dengan mengkaitkannya secara proporsional terhadap perkembangan LDR dari masing- masing bank. Sesuai PBI No.7/29/PBI/2005 tanggal 6 September 2005 perihal ≈Perubahan Atas Peraturan Bank Indonesia No. 6/15/PBI/2004 tentang Giro Wajib Minimum Bank Umum pada Bank Indonesia dalam Rupiah dan Valuta Asing. SE No.",https://www.bi.go.id/id/publikasi/laporan/Pages/lpi_2005.aspx
2005,29,decision,166,"7/ 42/DPNP tanggal 6 September 2005 perihal ≈Giro Wajib Minimum Bank Umum pada Bank Indonesia dalam Rupiah dan Valuta Asing, LDR di atas 90% dikenakan tambahan 0%, LDR 75% - 90% dikenakan tambahan 1%, LDR 60% - 75% dikenakan tambahan 2%, LDR 50% - 60% dikenakan tambahan 3%, LDR 40% - 50% dikenakan tambahan 4%. RDG 30 Agustus juga memutuskan untuk menaikkan imbalan jasa giro dari semula 3% per tahun menjadi 5,5% per tahun untuk seluruh tambahan GWM Rupiah di atas 5%. Pada RDG 1 November, jasa giro dinaikkan dari 5,5% menjadi 6,5% per tahun. Grafik 5.8 Perkembangan Stok Ekses Likuiditas 2003 2004 2005 G W M Persen G W M 13579 1 1 13579 1 1 13579 1 1 Bab 5: Perkembangan Moneter kecenderungan meningkatnya nisbah FASBI terhadap total OPT (Grafik 5.9). Kondisi ini diperkirakan sejalan dengan masih cukup tingginya ketidakpastian terkait dengan ketiadaan instrumen ekspansi secara reguler, persepsi pelaku pasar terhadap kemungkinan masih akan naiknya BI Rate, dan faktor musiman kebutuhan likuiditas pra Lebaran.",https://www.bi.go.id/id/publikasi/laporan/Pages/lpi_2005.aspx
2005,30,money_supply,103,"Melihat perkembangan struktur likuiditas yang demikian dan kecenderungan mulai meningkatnya kembali ekses likuiditas sejak awal triwulan IV berimplikasi pada masih perlunya kehati-hatian dalam menyikapi kondisi likuiditas perbankan. Likuiditas Perekonomian Pada tahun 2005, uang beredar dalam arti sempit (M1) dan arti luas (M2) mengalami perkembangan yang Grafik 5.10 Perkembangan C/DPK dan Angka Pengganda M2 positif. Rata-rata laju pertumbuhan tahunan M1 dan M2 secara nominal tercatat masing-masing mencapai 12,1% dan 13,9%. Kendatipun pertumbuhan nominal M2 jauh lebih tinggi dari tahun-tahun sebelumnya, secara riil M2 tumbuh negatif apabila diperhitungkan dengan inflasi IHK. Kondisi ini mengisyaratkan kuatnya tekanan terhadap daya beli perekonomian terutama paska kenaikan harga BBM.",https://www.bi.go.id/id/publikasi/laporan/Pages/lpi_2005.aspx
2005,31,payment_system,89,"Penciptaan uang ( money multiplier ) relatif stabil dengan kecenderungan melambat. Kondisi tersebut antara lain bersumber dari masih tingginya preferensi masyarakat terhadap uang kartal sebagaimana tercermin pada cenderung meningkatnya rasio uang kartal terhadap DPK15 (Grafik 5.10). Hal ini berimplikasi pada berlanjutnya kecenderungan peningkatan perputaran uang ( velocity) untuk memfasilitasi kegiatan perekonomian (Grafik 5.11). Kondisi yang demikian menyiratkan cukup besarnya peran sektor ekonomi dari usaha kecil (yang banyak menggunakan uang kartal) di dalam perekonomian. Pada akhir 2005, M2 tercatat mencapai Rp1.168,3 triliun atau meningkat Rp134,7 triliun dari akhir tahun sebelumnya.",https://www.bi.go.id/id/publikasi/laporan/Pages/lpi_2005.aspx
2005,32,growth,680,"Di satu sisi, peningkatan tersebut terutama disumbang oleh perkembangan kuasi Rupiah berupa deposito dan simpanan valuta asing, serta komponen M1 terutama dalam bentuk uang giral. Meningkatnya deposito 5,0 5,5 6,0 6,5 7,0 7,5 8,0 8,5 9,0 9,5 10,0 MM2 (M2/M0) C/DPK (aksis kanan) Persen Persen 13 5791 1 1 35 79 1 1 13579 1 1 13579 1 113579 1 1 2001 2002 2003 2004 2005* 8,0 8,5 9,0 9,5 10,0 10,5 11,0 11,5 12,0 12,5 13,0 13,5 Grafik 5.11 Pertumbuhan Ekonomi, M2 Riil, dan Tingkat Perputaran Uang M2 1,7 1,8 1,9 2,1 2,2 2,3 2,4 PDB (skala kiri) M2 Riil (skala kiri) Perputaran Uang -10,0 -8,0 -6,0 -4,0 -2,0 0,0 2,0 4,0 6,0 8,0 II I III IV I II III IV I II III IV I II III IV I II III IV Persen 2001 2002 2003 2004 2005 15 Untuk simpanan valuta asing menggunakan kurs tetap Rp9.500/USD. Grafik 5.9 Perkembangan Nisbah Komponen OPT Penon aktifan SBI Repo Persen SBI/(OPT-SUN) FASBI/(OPT-SUN) Jan Feb Mar Apr Mei Jun Jul Ags Sep Okt Nov Des Bab 5: Perkembangan Moneter Tabel 5.3 Perkembangan Uang Beredar M2M2M2M2M2 883,9883,9883,9883,9883,9 955,7 955,7 955,7 955,7 955,7 1,033,5 1,033,5 1,033,5 1,033,5 1,033,5 1,020,71,020,71,020,71,020,71,020,7 1,073,71,073,71,073,71,073,71,073,7 1,150,51,150,51,150,51,150,51,150,5 1,203,21,203,21,203,21,203,21,203,2 8,18,18,18,18,1 8,18,18,18,18,1 16,416,416,416,416,4 M1M1M1M1M1 191,9191,9191,9191,9191,9 223,8 223,8 223,8 223,8 223,8 253,8 253,8 253,8 253,8 253,8 250,5250,5250,5250,5250,5 267,6267,6267,6267,6267,6 274,0274,0274,0274,0274,0 281,9281,9281,9281,9281,9 16,616,616,616,616,6 13,413,413,413,413,4 11,111,111,111,111,1 Uang Kartal 80,7 94,5 109,3 98,6 106,1 115,0 124,3 17,2 15,6 13,8 Uang Giral 111,3 129,3 144,6 151,9 161,5 159,0 157,6 16,2 11,8 9,0 Uang KuasiUang KuasiUang KuasiUang KuasiUang Kuasi 692,0692,0692,0692,0692,0 731,9 731,9 731,9 731,9 731,9 779,7 779,7 779,7 779,7 779,7 770,2770,2770,2770,2770,2 806,1806,1806,1806,1806,1 876,5876,5876,5876,5876,5 921,3921,3921,3921,3921,3 5,85,85,85,85,8 6,56,56,56,56,5 18,218,218,218,218,2 Deposito dalam Rupiah 359,8 350,9 349,1 347,6 372,5 405,2 452,5 -2,5 -0,5 29,6 Tabungan dalam Rupiah 191,7 241,8 295,0 283,0 282,5 279,3 279,8 26,2 22,0 -5,1 Simpanan dalam Valas 140,5 139,2 135,6 139,6 151,1 192,0 188,9 -0,9 -2,6 39,3 dalam juta USD 15,712 16,442 14,596 14,731 15,557 18,623 19,221 4,6 -11,2 31,7 Faktor yang Mempengaruhi M2Faktor yang Mempengaruhi M2Faktor yang Mempengaruhi M2Faktor yang Mempengaruhi M2Faktor yang Mempengaruhi M2 883,9 883,9 883,9 883,9 883,9 955,7 955,7 955,7 955,7 955,7 1,033,5 1,033,5 1,033,5 1,033,5 1,033,5 8,18,18,18,18,1 8,18,18,18,18,1 16,416,416,416,416,4 Aktiva Luar Negeri (Bersih)Aktiva Luar Negeri (Bersih)Aktiva Luar Negeri (Bersih)Aktiva Luar Negeri (Bersih)Aktiva Luar Negeri (Bersih) 250,7 250,7 250,7 250,7 250,7 271,8 271,8 271,8 271,8 271,8 263,6 263,6 263,6 263,6 263,6 268,5268,5268,5268,5268,5 256,1256,1256,1256,1256,1 280,4280,4280,4280,4280,4 313,1313,1313,1313,1313,1 8,48,48,48,48,4 -3,0-3,0-3,0-3,0-3,0 18,818,818,818,818,8 Bank Indonesia 212,4 226,0 244,8 255,7 234,4 218,7 250,1 6,4 8,3 2,2 Bank Umum 38,3 45,8 18,9 12,7 21,6 61,7 62,9 19,8 -58,8 233,5 Aktiva Dalam Negeri (Bersih)Aktiva Dalam Negeri (Bersih)Aktiva Dalam Negeri (Bersih)Aktiva Dalam Negeri (Bersih)Aktiva Dalam Negeri (Bersih) 633,2 633,2 633,2 633,2 633,2 683,9 683,9 683,9 683,9 683,9 769,9 769,9 769,9 769,9 769,9 752,2752,2752,2752,2752,2 817,7817,7817,7817,7817,7 870,1870,1870,1870,1870,1 890,1890,1890,1890,1890,1 8,08,08,08,08,0 12,612,612,612,612,6 15,615,615,615,615,6 Tagihan Bersih pada Pemerintah 707,2 743,6 498,0 456,3 468,0 488,5 498,9 5,1 -33,0 0,2 Bank Indonesia 365,4 437,9 226,6 187,0 197,7 210,9 239,1 19,8 -48,3 5,5 Bank Umum 341,8 305,7 271,4 269,2 270,4 277,6 259,8 -10,6 -11,2 -4,3 Tagihan pada Sektor Swasta 389,3 466,8 615,8 640,7 687,4 737,8 738,8 19,9 31,9 20,0 Total Kredit 365,4 437,9 553,5 576,4 622,6 673,2 689,7 19,8 26,4 24,6 Kredit dalam Rupiah 271,9 342,0 438,9 457,6 498,5 543,2 566,4 25,8 28,3 29,1 Kredit dalam Valas 93,6 95,9 114,7 118,8 124,1 130,0 123,2 2,5 19,5 7,5 dalam juta USD 10,465 11,331 12,343 12,528 12,776 12,611 12,536 8,3 8,9 1,6 Tagihan Lainnya 23,9 28,9 62,3 64,3 64,8 64,6 49,2 20,9 115,5 -21,0 Lainnya Bersih (463,3) (526,6) (343,9) (344,8) (337,7) (356,2) (347,6) 13,7 -34,7 1,1 (Triliun Rp)(Triliun Rp)(Triliun Rp)(Triliun Rp)(Triliun Rp) MarMarMarMarMar JunJunJunJunJun SepSepSepSepSep DesDesDesDesDes 2003 20052004 Pertumbuhan (%, y-o-y)2002 2003 2004 Des Des DesR i n c i a n tersebut selain karena kapitalisasi bunga juga diperkirakan karena terjadi pergeseran dari tabungan terkait dengan semakin kompetitifnya bunga deposito yang ditawarkan oleh perbankan, di tengah kurang menariknya penempatan di reksa dana (Boks: Perkembangan Reksa Dana Tahun 2005). Peningkatan M2 terutama disumbang oleh kondisi domestik, seiring dengan terus berlangsungnya pemberian kredit kepada bisnis dan rumah tangga. Pemberian kredit tersebut dalam denominasi Rupiah dan Valuta asing yang terutama digunakan untuk modal kerja dan konsumsi.",https://www.bi.go.id/id/publikasi/laporan/Pages/lpi_2005.aspx
2005,33,credit,111,"Secara sektoral, kredit tersebut dimanfaatkan utamanya oleh sektor lainnya, perdagangan, perindustrian, dan jasa dunia usaha. Sementara itu transaksi dengan Pemerintah (Net Claims to Government ) mengalami perkembangan yang moderat, yang menyiratkan terbatasnya implikasi moneter dari kebijakan fiskal. Adapun kondisi eksternal sebagaimana tercermin pada perkembangan aktiva bersih luar negeri (NFA) tumbuh cukup tinggi dari tahun sebelumnya. Hal tersebut selaras dengan peningkatan yang pesat pada sisi aktiva luar negeri bank umum dalam bentuk call money dan surat berharga pada bank di luar negeri. TRANSMISI BI RATE DI PASAR KEUANGAN Transmisi melalui Suku Bunga Kenaikan BI Rate telah direspon dengan lebih kuat di PUAB O/N Rupiah, terutama setelah diaktifkannya instrumen FTK dan FASBI O/N.",https://www.bi.go.id/id/publikasi/laporan/Pages/lpi_2005.aspx
2005,34,monetary_policy,154,"Kuatnya transmisi tersebut tercermin pada selarasnya perkembangan suku bunga PUAB O/N Rupiah dengan arah umum kebijakan moneter. Dengan perkembangan yang demikian, rata-rata Bab 5: Perkembangan Moneter Grafik 5.13 Perkembangan Volume PUAB (Semua Jangka Waktu) PUAB Pagi PUAB Sore Miliar Rp Jan Feb Mar Apr Mei Jun Jul Ags Sep Okt Nov Des* 2 0 0 5 1.000 2.000 3.000 4.000 5.000 6.000 7.000 8.000 9.000 tertimbang (RRT) suku bunga PUAB O/N Rupiah pagi dan sore pada akhir 2005 tercatat masing-masing sebesar 9,4% dan 8,9%, meningkat dibanding akhir tahun sebelumnya (5,3% dan 4,4%), dengan volatilitas yang cenderung menurun (Grafik 5.12). Dari sisi volume, secara total PUAB Rupiah mengalami peningkatan dari tahun sebelumnya sejalan dengan meningkatnya kegiatan perekonomian. Bila pada tahun 2004 total volume PUAB secara rata-rata mencapai Rp4,5 triliun, pada 2005 mencapai Rp6,2 triliun, atau tumbuh sebesar 37%. Kenaikan volume PUAB tersebut terutama terjadi pada aktivitas pagi, sementara di sore hari cenderung stabil (Grafik 5.13).",https://www.bi.go.id/id/publikasi/laporan/Pages/lpi_2005.aspx
2005,35,monetary_policy,92,"Tetapi kondisi tersebut secara mikro belum diikuti dengan berkurangnya masalah segmentasi. Kenaikan BI Rate diikuti dengan naiknya suku bunga penjaminan. Sejak Mei 2005, suku bunga penjaminan deposito valuta asing ditetapkan naik secara bertahap sehingga saat ini mencapai 4,25%. Kenaikan tersebut mendorong suku bunga valuta asing domestik menjadi lebih kompetitif dibandingkan suku bunga luar negeri, sehingga diharapkan dapat mencegah terjadinya aliran modal keluar. Sementara itu sejak akhir Agustus 2005, penentuan suku bunga penjaminan Rupiah dikaitkan dengan BI Rate yaitu dengan marjin 50 bps di atas BI Rate untuk deposito Rupiah berjangka 1 bulan.",https://www.bi.go.id/id/publikasi/laporan/Pages/lpi_2005.aspx
2005,36,monetary_policy,93,"Paska terbentuknya LPS pada 22 September, suku bunga penjaminan masih mengadopsi rumusan tersebut sampai dengan pertengahan November. Namun, sejak 15 November 2005 hingga akhir Desember, dengan berbagai pertimbangan tertentu, maksimum penjaminan Rupiah 1 bulan ditetapkan dengan variasi marjin tertentu di atas BI Rate (13%). Naiknya suku bunga penjaminan dan kenaikan GWM direspon oleh kenaikan suku bunga deposito Rupiah. Pada akhir tahun laporan, rata-rata tertimbang ( weighted average) suku bunga deposito Rupiah 1 bulan mengalami peningkatan yang cukup signifikan. Suku bunga deposito 1 bulan mencapai 11,98% atau naik 555 bps dibandingkan dengan akhir 2004.",https://www.bi.go.id/id/publikasi/laporan/Pages/lpi_2005.aspx
2005,37,monetary_policy,164,"Secara individual, beberapa bank telah menawarkan suku bunga deposito pada level maksimum penjaminan (13%). Kalaupun tidak mencapai maksimum penjaminan, terdapat fenomena pemberian insentif nonbunga (a.l. kupon, berbagai kemudahan, dan cash back) dalam upaya mempertahankan nasabah besar dari flight to quality. Kenaikan suku bunga dana belum sepenuhnya ditransmisikan ke suku bunga kredit. Setelah cenderung menurun sejak 2003, suku bunga kredit perlahan naik sejak Juni untuk KMK, sementara untuk jenis kredit lainnya mulai meningkat sejak Oktober. Dengan perkembangan tersebut maka pada akhir 2005, rata-rata tertimbang suku bunga KMK, KI dan KK tercatat masing-masing sebesar 16,23%, Grafik 5.12 Perkembangan Suku Bunga dan Volatilitas Suku Bunga PUAB O/N Rupiah 0,0 1,0 2,0 3,0 4,0 5,0 6,0 7,0 8,0 9,0 10,0 123456789 1 0 1 1 1 2 123456789 1 0 1 1 1 2 2004 2005 rPUAB O/N Pagi rPUAB O/N Sore Volatilitas Pagi Volatilitas Sore Persen Bab 5: Perkembangan Moneter 15,66%, dan 16,83%, atau masing-masing meningkat 282 bps, 161 bps dan 26 bps dari akhir tahun sebelumnya.",https://www.bi.go.id/id/publikasi/laporan/Pages/lpi_2005.aspx
2005,38,credit,79,"Dengan perkembangan suku bunga dana dan kredit yang demikian, selisih suku bunga di antara keduanya semakin menipis (Grafik 5.14). Transmisi melalui Kredit Perbankan Kenaikan BI Rate direspon dengan sedikit melambatnya pertumbuhan kredit, kendatipun tetap sesuai dengan perkiraan di awal tahun. Kinerja kredit ini mencerminkan kuatnya jalur pembiayaan ekonomi melalui kredit perbankan. Seiring dengan meningkatnya penghimpunan dana, perbankan juga dituntut mentransmisikannya melalui peningkatan penyaluran kredit ke sektor riil. Tetap tumbuhnya kredit perbankan tercermin pada masih meningkatnya rasio kredit terhadap dana.",https://www.bi.go.id/id/publikasi/laporan/Pages/lpi_2005.aspx
2005,39,credit,189,"Berdasarkan jenis kredit, pertumbuhan kredit yang meningkat tersebut terutama didominasi oleh pertumbuhan kredit konsumsi. Sementara secara sektoral, kredit didominasi oleh sektor konstruksi dan pembiayaan konsumen (Tabel 5.4). Dengan perkembangan tersebut, pada akhir 2005 kredit secara total mengalami pertumbuhan 22,7%, sedikit lebih rendah dari periode yang sama tahun sebelumnya (24,7%) namun masih berada dalam kisaran perkiraan pertumbuhan penyaluran kredit di awal tahun. Transmisi melalui Harga Aset Keuangan Sepanjang 2005, sinyal kenaikan BI Rate telah diikuti dengan perubahan harga aset keuangan, meskipun dalam skala yang bervariasi. Di pasar saham, kenaikan BI Rate, kondisi makroekonomi, dan faktor eksternal berkontribusi dalam koreksi IHSG, meskipun proyeksi optimis atas kinerja keuangan emiten cukup berperan dalam menahan Grafik 5.14 Perkembangan Berbagai Suku Bunga Persen Kredit InvestasiKredit Konsumsi Penjaminan Deposito 1 Bulan BI Rate* Deposito 1 Bulan Kredit Modal Kerja 13579 1 1 13579 1 1 13579 1 1 2003 2004 2005 Grafik 5.15 Perkembangan Dana -15 -10 -5 - Total DPK Giro Tabungan Deposito Persen (y-o-y) 2002 2003 2004 2005 Feb Apr Jun Ags Okt Des Feb Apr Jun Ags Okt Des Feb Apr Jun Ags Okt Des Feb Apr Jun Ags Okt Des Table 5.4.",https://www.bi.go.id/id/publikasi/laporan/Pages/lpi_2005.aspx
2005,40,credit,258,"Perkembangan Kredit Perbankan OUTSTANDING KREDITOUTSTANDING KREDITOUTSTANDING KREDITOUTSTANDING KREDITOUTSTANDING KREDIT - Kredit Modal Kerja 181,63 206,65 231,25 289,67 354.56 13,77 11,91 25,26 22.40 50,6 50,4 48,5 48,7 48,6 - Kredit Investasi 75,84 84,42 94,46 118,72 134,40 11,32 11,89 25,68 13.20 21,1 20,6 19,8 20,0 18,4 - Kredit Konsumsi 58,59 79,99 109,39 151,08 206.69 36,52 36,75 38,12 36.81 16,3 19,5 22,9 25,4 28,3 - Kredit Channeling 42,58 39,23 42,09 35,59 34.52 (7,87) 7,28 (15,43) (3.02) 11,9 9,6 8,8 6,0 4.7 TotalTotalTotalTotalTotal 358,64358,64358,64358,64358,64 410,29410,29410,29410,29410,29 477,19477,19477,19477,19477,19 595,06595,06595,06595,06595,06 730.16730.16730.16730.16730.16 14,4014,4014,4014,4014,40 16,3116,3116,3116,3116,31 24,7024,7024,7024,7024,70 22.7022.7022.7022.7022.70 100,0100,0100,0100,0100,0 100,0100,0100,0100,0100,0 100,0100,0100,0100,0100,0 100,0100,0100,0100,0100,0 100,0100,0100,0100,0100,0 Miliar RpMiliar RpMiliar RpMiliar RpMiliar Rp Perkembangan (Triliun Rp)Perkembangan (Triliun Rp)Perkembangan (Triliun Rp)Perkembangan (Triliun Rp)Perkembangan (Triliun Rp) Pertumbuhan (%)Pertumbuhan (%)Pertumbuhan (%)Pertumbuhan (%)Pertumbuhan (%) Pangsa (%)Pangsa (%)Pangsa (%)Pangsa (%)Pangsa (%)KeteranganKeteranganKeteranganKeteranganKeterangan 20012001200120012001 20022002200220022002 20032003200320032003 20042004200420042004 20052005200520052005 20012001200120012001 20022002200220022002 20032003200320032003 20042004200420042004 2005200520052005200520022002200220022002 20032003200320032003 20042004200420042004 20052005200520052005 Bab 5: Perkembangan Moneter Grafik 5.17 Perkembangan IHSG dan SBI 1 bulan/BI Rate tekanan terhadap indeks. Dalam kondisi tersebut IHSG masih mampu menunjukkan peningkatan meskipun cenderung fluktuatif terutama sejak semester kedua (Grafik 5.16 dan 5.17). Di pasar sekunder obligasi negara, kebijakan moneter direspon dengan kuat melalui penurunan aktivitas perdagangan dan kenaikan suku bunga ( yield) obligasi. Perkembangan transaksi SUN di pasar sekunder bergerak dengan kecenderungan menurun, khususnya sejak paro kedua 2005. Setelah di triwulan pertama cenderung meningkat, redemption reksa dana yang dipicu oleh implementasi penilaian marked to market pada portofolio SUN membuat perdagangan mendapat tekanan jual yang kuat. (Boks: Perkembangan Reksa Dana Tahun 2005) Memasuki semester II, tekanan jual SUN khususnya dari investor retail reksa dana terus berlanjut dan mencapai puncak pada September.",https://www.bi.go.id/id/publikasi/laporan/Pages/lpi_2005.aspx
2005,41,decision,92,"Kondisi tersebut mengakibatkan kurva imbal hasil (yield curve) bergerak naik dan cenderung mendatar. Dalam perkembangannya, semakin tingginya ketidakpastian terhadap kondisi fiskal terkait dengan semakin membengkaknya beban subsidi BBM mengakibatkan peningkatan yield curve mencapai puncaknya pada September (Grafik 5.18). Kepercayaan pasar kemudian berangsur pulih paska kebijakan Pemerintah menaikkan harga BBM dan kebijakan Bank Indonesia menaikkan BI Rate secara signifikan. Pulihnya kepercayaan pasar ini berangsur-angsur mendorong lebih rendahnya kenaikan yield SUN jangka panjang FR0019 (Juni 2013) dibandingkan dengan jangka pendek FR0004 (Februari 2006). Kondisi demikian mengindikasikan bahwa ekspektasi inflasi jangka panjang harus tetap dijaga.",https://www.bi.go.id/id/publikasi/laporan/Pages/lpi_2005.aspx
2005,42,decision,296,"Terus berlanjutnya kenaikan BI Rate hingga akhir tahun telah mendorong semakin melebarnya interest rate differential antara BI Rate dan Fed Funds . Akibatnya, terjadi aliran modal masuk yang cukup besar ke pasar SUN sehingga mendukung perbaikan harga SUN dan penurunan yield curve di akhir 2005. Di pasar primer, tekanan kenaikan suku bunga yang cukup tinggi sempat mendorong peserta lelang meminta imbal hasil ( yield ) yang tinggi, sehingga Pemerintah memutuskan untuk tidak mengambil atau menyatakan Grafik 5.16 Event Analysis IHSG IHSG SBI 1 bl/BI Rate IHSG SBI/BI Rate (%) Sumber: BEJ, diolah Jan Feb Mar Apr Mei Jun Jul Ags Sep Okt Nov Des Jan Feb Mar Apr Mei Jun Jul Ags Sep Okt Nov Des 2004 2005 1.000 1.100 1.200 1.300 Grafik 5.18 BI Rate dan Yield SUN 7,00 9,00 11,00 13,00 15,00 17,00 19,00 21,00 23,00 Persen FR4 FR5 FR2 SBI/BI Rate Jan Feb Mar Apr Mei Jun Jul Ags Sep Okt Nov Des 2 0 0 5 Sumber: BEJ, diolah Sumber: Bloomberg, diolah rSBI mulai beranjak naik Implementasi ITF (BI Rate)rSBI stabil Level IHSG tertinggi; 1.192,203 Kenaikan BBM 1 Okt Kenaikan BBM 1 Mar Pengumuman reshuffle kabinet SBI 7,53% SBI 7,70% SBI 7,81% SBI 8,25% BI Rate 8,50% BI Rate 8,75% BI Rate 9,50% BI Rate10,00% BI Rate 11,00% BI Rate12,25% BI Rate12,75% USD/IDR 10.800 Inflasi Okt 17,89% Jan Feb Mar Apr Mei Jun Jul Ags Sep Okt Nov Des 2 0 0 5 1.000 1.050 1.100 1.150 1.200 1.250 1.300 IHSG Bab 5: Perkembangan Moneter tidak terdapat pemenang atas 2 kali lelang SUN. Kendatipun demikian, target pembiayaan fiskal Pemerintah melalui penerbitan obligasi secara umum terpenuhi. Sepanjang 2005 Pemerintah telah menerbitkan SUN sebanyak 6 seri baru dan 2 seri reopening senilai Rp22,5 triliun melalui 8 kali lelang (dari total 10 kali lelang)16 .",https://www.bi.go.id/id/publikasi/laporan/Pages/lpi_2005.aspx
2005,43,monetary_policy,102,"Pada setiap kali pelaksanaan lelang, jumlah penawaran yang masuk selalu di atas target indikatifnya (bahkan manakala lelang dilaksanakan pada saat suku bunga cenderung meningkat). Perkembangan suku bunga dan kondisi makroekonomi berpengaruh pula terhadap minat dunia usaha untuk mencari dana alternatif di luar perbankan. Apabila dibandingkan dengan tahun 2004, pembiayaan dari pasar modal mengalami penurunan. Dari sisi pembiayaan melalui emisi saham, dari target Bursa Efek Jakarta sebesar 30 emiten yang berencana melakukan IPO, hingga Desember 2005 hanya terdapat 8 perusahaan 17 yang terealisasi. Sementara pada obligasi korporasi, kecenderungan naiknya suku bunga menyebabkan beberapa perusahaan menunda realisasi penerbitan obligasinya sambil menunggu waktu yang menguntungkan.",https://www.bi.go.id/id/publikasi/laporan/Pages/lpi_2005.aspx
2005,44,decision,112,"Total obligasi korporasi yang diterbitkan selama tahun 2005 berasal dari 19 perusahaan dengan nilai emisi sebesar Rp8,25 triliun18 . Pasar reksa dana di 2005 mengalami tekanan redemption yang sangat besar. Sentimen pasar terhadap implementasi metode marked to market, isu pengenaan pajak atas pendapatan dari reksa dana, dan kecenderungan peningkatan BI Rate turut mempengaruhi perilaku investor (Grafik 5.19). Terlebih lagi, persepsi yang keliru dari kebanyakan investor retail mengenai produk reksa dana akibat pemberian informasi yang kurang berimbang oleh para agen pemasaran reksa dana juga menjadi faktor lain yang mempengaruhi tingginya 19 Merupakan posisi NAB tertinggi di bulan Februari 2005. Sedangkan posisi NAB di akhir tahun 2004 adalah sebesar Rp104,04 triliun. redemption reksa dana.",https://www.bi.go.id/id/publikasi/laporan/Pages/lpi_2005.aspx
2005,45,global,150,"Berbagai kondisi tersebut mengakibatkan NAB reksa dana mengalami penurunan yang drastis dari Rp113,7 triliun19 menjadi hanya Rp28,16 triliun di akhir tahun. Transmisi melalui Nilai Tukar Rupiah Di pasar keuangan global, selisih suku bunga dalam dan luar negeri (interest rate differential) merupakan salah satu faktor utama dalam mempengaruhi lalu lintas modal portofolio internasional, yang pada gilirannya mempengaruhi perkembangan nilai tukar suatu negara. Perkembangan nilai tukar tersebut kemudian tercermin pada perkembangan harga barang traded sehingga berpengaruh pada net ekspor dan tingkat inflasi. Selama tahun laporan, selisih suku bunga rupiah dan mata uang negara lain khususnya dollar AS yang dihitung berdasarkan konsep uncovered interest rate differential dan covered interest rate differential menunjukkan level yang cukup kompetitif dibandingkan dengan mata uang negara lainnya. Meskipun sejumlah negara telah lebih dahulu melakukan respon peningkatan suku bunga untuk mengantisipasi perkembangan siklus pengetatan AS, namun selisih suku bunga Indonesia dan luar negeri tetap lebih tinggi dibanding negara lainnya.",https://www.bi.go.id/id/publikasi/laporan/Pages/lpi_2005.aspx
2005,46,decision,162,"Grafik 5.19 BI Rate dan NAB Reksa Dana NAB Reksadana SBI 1 Bulan/BI Rate* PersenMiliar Rp 13 5 79 11 1 3 5 7 9 11 1 3 5 7 9 11 1 3 5 7 9 11 2002 2003 2004 2005 20.000 40.000 60.000 80.000 100.000 120.000 0 - Sumber: Bapepam, diolah 16 Dikompensasi melalui penerbitan obligasi valuta asing di luar negeri. 17 Data Bapepam 18 Data Bapepam Bab 5: Perkembangan Moneter Penurunan covered interest parity (CIP) hanya mengalami penurunan pada bulan April 2005 dibanding threshold 20, terutama disebabkan oleh memburuknya indeks risiko ekonomi dan finansial. Pemburukan indeks risiko ini terutama terkait dengan meningkatnya risiko karena tekanan inflasi dan kondisi fiskal. Akibat memburuknya risiko tersebut, meskipun selisih suku bunga nominal cukup «terjaga», pada Maret-Agustus 2005 terjadi pembalikan modal asing keluar ( capital outflow). Selain faktor risiko di atas, berbagai faktor lain seperti masih cukup tingginya ekses likuiditas perbankan dan kebijakan marked to market telah turut memicu terjadinya pembalikan modal portofolio internasional.",https://www.bi.go.id/id/publikasi/laporan/Pages/lpi_2005.aspx
2005,47,monetary_policy,122,"Faktor selisih suku bunga turut berperan menjaga sumber pasokan valuta asing yang berasal dari aliran dana asing jangka pendek, terutama apabila memperhatikan besarnya permintaan valuta asing pelaku domestik yang belum terpenuhi oleh pasokan valuta asing yang berkesinambungan. Namun demikian, selisih suku bunga saja tidak mencukupi. Perlu diperhatikan juga perkembangan berbagai faktor lain yang dapat menurunkan insentif aliran modal, seperti kepastian hukum dan kondisi sosial politik. Dalam perkembangannya, meningkatnya akselerasi kenaikan BI Rate sejak akhir triwulan III-2005 hingga akhir tahun telah mendorong melebarnya selisih suku bunga dalam dan luar negeri sehingga berkontribusi pada terjadinya aliran modal masuk yang cukup besar pada beberapa penanaman rupiah seperti SUN dan SBI. Aliran modal ini sementara membantu mencukupi kebutuhan pasar valuta asing domestik dan memperkuat nilai tukar.",https://www.bi.go.id/id/publikasi/laporan/Pages/lpi_2005.aspx
2005,48,exchange_rate,97,"Penguatan kurs rupiah yang antara lain didorong oleh aliran modal masuk dapat mendorong berkurangnya tekanan inflasi, yaitu melalui proses pass through terhadap barang impor dan ekspektasi inflasi. Berdasarkan pengamatan, dampak pass through nilai tukar masih belum sepenuhnya tercermin pada perkembangan harga di tingkat konsumen. Kendatipun demikian, dampak penguatan nilai tukar melalui perbaikan ekspektasi inflasi berpeluang dapat menurunkan inflasi IHK. Hal ini dikarenakan ekspektasi inflasi merupakan komponen utama pembentuk IHK, dan ekspektasi inflasi itu sendiri sangat dipengaruhi oleh perkembangan nilai tukar. 20 Batas ( threshold) didefinisikan sebagai suku bunga Rupiah minimal yang masih mampu menarik aliran modal portofolio.",https://www.bi.go.id/id/publikasi/laporan/Pages/lpi_2005.aspx
2005,49,monetary_policy,185,"Bab 5: Perkembangan Moneter Mulai Juli 2005 Bank Indonesia telah mengimplementasikan kerangka kerja kebijakan moneter yang baru konsisten dengan Inflation Targeting Framework (ITF), yang mencakup empat elemen dasar: (1) penggunaan suku bunga BI Rate sebagai policy reference rate, (2) proses perumusan kebijakan moneter yang antisipatif, (3) strategi komunikasi yang lebih transparan, dan (4) penguatan koordinasi kebijakan dengan Pemerintah. Langkah- langkah dimaksud ditujukan untuk meningkatkan efektivitas dan tata kelola (governance) kebijakan moneter dalam mencapai sasaran akhir kestabilan harga untuk mendukung pertumbuhan ekonomi yang berkelanjutan dan peningkatan kesejahteraan masyarakat. Penggunaan kerangka kerja Inflation Targeting ini dilatarbelakangi oleh : √ Keinginan pencapaian sasaran inflasi yang telah ditetapkan Pemerintah1 . √ Keinginan untuk lebih transparan, akuntabel, dan kredibel. √ Kerangka kebijakan base money targeting yang tidak atau kurang efektif dalam mengendalikan inflasi dan atau base money. √ Beberapa keuntungan dari penerapan ITF2 . Kebijakan moneter dengan ITF menempatkan sasaran inflasi sebagai tujuan utama (overriding objective) dan jangkar nominal (nominal anchor) kebijakan moneter. Dalam hubungan ini, Bank Indonesia menerapkan strategi antisipatif ( forward looking ) dengan mengarahkan respon kebijakan moneter saat ini untuk pencapaian sasaran inflasi jangka menengah ke depan.",https://www.bi.go.id/id/publikasi/laporan/Pages/lpi_2005.aspx
2005,50,monetary_policy,128,"Dalam penerapan ITF, suku bunga BI Rate BI Rate BI Rate BI Rate BI Rate dipergunakan sebagai sinyal (stance) respon kebijakan moneter dan sasaran operasi moneter, menggantikan base money. Penerapan ITF tidak berarti bahwa kebijakan moneter tidak memperhatikan pertumbuhan ekonomi. Paradigma dasar kebijakan moneter untuk menjaga keseimbangan (striking the optimal balance) antara inflasi dan pertumbuhan ekonomi tetap dipertahankan, baik dalam penetapan sasaran inflasi maupun respon kebijakan moneter, dengan mengarahkan pada pencapaian inflasi yang rendah dan stabil dalam jangka menengah-panjang. BI Rate BI Rate adalah suku bunga kebijakan moneter (policy rate) dengan tenor satu bulan yang levelnya ditetapkan dalam Rapat Dewan Gubernur (RDG) dan diumumkan kepada publik oleh Bank Indonesia secara periodik untuk jangka waktu tertentu. BI Rate diimplementasikan melalui operasi pasar terbuka (OPT) untuk SBI tenor 1 bulan.",https://www.bi.go.id/id/publikasi/laporan/Pages/lpi_2005.aspx
2005,51,monetary_policy,117,"Untuk meningkatkan efektivitas pengendalian likuditas di pasar, operasi moneter harian melalui instrumen Fine Tune Operations (FTO) dilakukan dengan underlying instruments SBI dan SUN. Perubahan level BI Rate ini merupakan respon kebijakan moneter Bank Indonesia untuk mengarahkan prakiraan inflasi ke depan agar tetap berada dalam lintasan sasaran inflasi yang telah Implementasi Inflation Targeting Framework di IndonesiaBoks 1 Sesuai dengan UU No. 3 Tahun 2004, sasaran inflasi ditetapkan oleh Pemerintah. Pemerintah setelah berkoordinasi dengan Bank Indonesia telah menetapkan dan mengumumkan sasaran inflasi IHK untuk tahun 2005, 2006, and 2007 masing-masing 6%±1%, 5.5%±1%, dan 5.0%±1%. Sasaran inflasi dimaksud sejalan dengan proses penurunan inflasi secara bertahap (gradual disinflation) mengarah pada sasaran inflasi jangka menengah-panjang yang kompetitif dengan negara lain sekitar 3%.",https://www.bi.go.id/id/publikasi/laporan/Pages/lpi_2005.aspx
2005,52,inflation,114,"2 Mishkin, F.S. and K. Schmidt-Hebbel (2001), ≈ One Decade Of Inflation Targeting In The World: What Do We Know And What Do We Need To Know?∆, Central Bank of Chile Working Paper No. 101, July 2001. Bab 5: Perkembangan Moneter ditetapkan. Konsistensi kebijakan moneter dapat dilihat pada perubahan BI Rate, yaitu : √ Kenaikan BI Rate dilakukan apabila prakiraan inflasi secara persisten cenderung bergerak ke atau telah berada di atas kisaran sasaran inflasi yang ditetapkan. √ Penurunan BI Rate dilakukan apabila prakiraan inflasi secara persisten telah berada di bawah kisaran sasaran inflasi yang ditetapkan. √ BI Rate tidak berubah apabila prakiraan inflasi secara persisten telah berada di antara kisaran sasaran inflasi yang ditetapkan.",https://www.bi.go.id/id/publikasi/laporan/Pages/lpi_2005.aspx
2005,53,inflation,131,"Respon kebijakan moneter dinyatakan dalam perubahan BI Rate secara konsisten dan bertahap dalam kelipatan 25 basis points (bps) sehingga sinyal kebijakan moneter dapat ditangkap oleh publik secara jelas. Untuk menunjukkan intensi Bank Indonesia yang lebih besar terhadap pencapaian sasaran inflasi, perubahan BI Rate dapat dilakukan lebih dari 25 bps namun tetap dalam kelipatan 25 bps. BI Rate ditetapkan oleh Dewan Gubernur dalam RDG secara triwulanan setiap bulan Januari, April, Juli, dan Oktober. Dalam kondisi tertentu, jika dipandang perlu, BI Rate dapat disesuaikan dalam RDG pada bulan-bulan yang lain. Penetapan BI Rate dilakukan oleh Dewan Gubernur dalam RDG berdasarkan analisis, prakiraan dan rekomendasi kebijakan yang disampaikan dalam RDG serta faktor pertimbangan lainnya, seperti leading indicators , survei, informasi anekdotal, variabel informasi, expert opinion , asesmen faktor risiko dan ketidakpastian, serta hasil-hasil riset.",https://www.bi.go.id/id/publikasi/laporan/Pages/lpi_2005.aspx
2005,54,monetary_policy,161,"Secara internal, BI Rate digunakan sebagai acuan dalam pelaksanaan operasi pengendalian moneter untuk mengarahkan agar rata-rata tertimbang suku bunga SBI 1 bulan hasil lelang OPT berada di sekitar BI Rate. Pergerakan suku bunga lainnya, seperti SBI 3 bulan, SBI Repo, Fasilitas Bank Indonesia (Fasbi), Fine Tune Kontraksi (FTK), dan Fine Tune Ekspansi (FTE) diarahkan untuk mengikuti pergerakan BI Rate. Secara eksternal, BI Rate ini akan diacu oleh pelaku pasar dalam penentuan suku bunga PUAB, deposito, dan kredit. Perumusan Kebijakan Moneter Dalam rangka menjamin kualitas kebijakan moneter, sesuai dengan Pasal 43 (1) UU BI, penyelenggaran Rapat Dewan Gubernur (RDG) adalah sebagai berikut: √ Sekurang-kurangnya sekali sebulan menetapkan kebijakan umum di bidang moneter. √ Sekurang-kurangnya sekali seminggu untuk melakukan evaluasi pelaksanaan kebijakan moneter atau menetapkan kebijakan lain yang prinsipil dan strategis. Secara internal, terus dilakukan penyem- purnaan dan penguatan proses perumusan kebijakan moneter agar konsisten dengan strategi antisipatif (forward looking strategy) dalam mengarahkan respon kebijakan saat ini untuk pencapaian sasaran inflasi ke depan.",https://www.bi.go.id/id/publikasi/laporan/Pages/lpi_2005.aspx
2005,55,monetary_policy,264,"Proses perumusan kebijakan moneter di Bank Indonesia dilakukan sebagai berikut: √ Kebijakan umum di bidang moneter dalam RDG yang dilakukan setiap bulan dengan fokus sebagai berikut: (i) RDG ≈Tahunan∆ untuk asesmen tahun sebelumnya, prakiraan jangka menengah, serta strategi dan arah kebijakan moneter setahun ke depan. Bab 5: Perkembangan Moneter (ii) RDG ≈Triwulanan∆ untuk asesmen triwulan sebelumnya, prakiraan dua tahun ke depan, serta penetapan BI Rate dan bauran kebijakan (policy mix) moneter, serta rekomendasi kebijakan kepada Pemerintah.3 (iii) RDG ≈Bulanan∆ untuk asesmen bulanan dan penentuan bauran instrumen (instrumen mix) kebijakan moneter.4 √ Evaluasi pelaksanaan kebijakan moneter dalam RDG ≈Mingguan - Evaluasi∆. √ Penetapan kebijakan moneter prinsipil dan strategis lain (atau kebijakan moneter khusus), seperti perubahan GWM, pengaturan transaksi devisa, perubahan kerangka kebijakan moneter, dll dalam RDG ≈Mingguan - Khusus∆. Sebelum proses pembahasan di RDG, materi RDG dibahas secara intensif di tingkat tim penulis, tingkat direktorat, antar direktorat, dan Deputi Gubernur bidang, dengan ketentuan sebagai berikut: √ Materi RDG ≈Tahunan∆ dan ≈Triwulanan∆ dibahas terlebih dahulu di Komite Kebijakan Moneter (KKM).5 √ Materi RDG ≈Bulanan∆ dibahas telebih dahulu dengan anggota DG yang membidangi perumusan kebijakan moneter dan Komite Evaluasi Moneter (KEM)6 . √M ateri RDG ≈MingguanƒKhusus∆ dibahas terlebih dahulu di KEM dan mendapat persetujuan anggota DG yang membidangi. Komunikasi - Transparansi Kebijakan moneter dari waktu ke waktu dikomunikasikan melalui media komunikasi yang lazim seperti penjelasan kepada pers dan pelaku pasar, website, maupun penerbitan Laporan Kebijakan Moneter (LKM). Komunikasi kebijakan moneter ini dimaksudkan untuk meningkatkan transparansi agar tercipta pemahaman dan pembentukan ekspektasi masyarakat atas prakiraan ekonomi dan inflasi ke depan serta respon kebijakan moneter yang ditempuh Bank Indonesia.",https://www.bi.go.id/id/publikasi/laporan/Pages/lpi_2005.aspx
2005,56,exchange_rate,144,"Akuntabilitas Dengan diberikannya independensi 7 , Bank Indonesia dituntut bertanggung jawab atas pelaksanaan tugasnya. Pasal 58 UU BI No.23 tahun 1999 yang kemudian diamandemen dengan UU No.3 tahun 2004 mengatur akuntabilitas BI kepada DPR sebagai berikut: √ BI wajib menyampaikan laporan tahunan dan laporan triwulanan secara tertulis tentang pelaksanaan tugas dan wewenangnya kepada DPR dan Pemerintah. √ Laporan tahunan dan laporan triwulanan tersebut dievaluasi oleh DPR dan digunakan sebagai bahan penilaian tahunan terhadap kinerja DG dan BI. √ Dalam hal DPR memerlukan penjelasan mengenai pelaksanaan tugas, termasuk dalam rangka penilaian kinerja, BI wajib memberikan penjelasan. 3 Policy mix mencakup bauran kebijakan moneter (penentuan BI rate, kebijakan stabilisasi nilai tukar, dan kebijakan moneter lain), langkah Tim Pengendalian Inflasi, dan rekomendasi kebijakan kepada Pemerintah. 4 Jika dipandang perlu, penetapan BI Rate dapat juga dilakukan pada RDG ≈Bulanan∆. Instrument mix mencakup bauran instrumen moneter yang dipergunakan a.l.",https://www.bi.go.id/id/publikasi/laporan/Pages/lpi_2005.aspx
2005,57,monetary_policy,151,"OPT, koridor suku bunga, intervensi valas, GWM, dsb. 5 KKM merupakan suatu komite yang terdiri dari Gubernur Bank Indonesia sebagai ketua, Deputi Gubernur Senior sebagai wakil ketua, Deputi Gubernur bidang kebijakan moneter, Deputi Gubernur bidang operasi moneter, dan pimpinan satuan kerja terkait sebagai anggota, yang bertanggung jawab dalam penanganan masalah moneter. 6 KEM merupakan wadah dari forum koordinasi moneter yang beranggotakan satuan kerja-satuan kerja di bidang moneter dan beberapa satuan kerja di bidang perbankan. 7 Instrument independent Bab 5: Perkembangan Moneter Dalam hal sasaran inflasi tahun tertentu tidak tercapai, Pemerintah dan BI menjelaskan secara terbuka kepada DPR dan publik penyebab tidak tercapainya sasaran inflasi paling lambat bulan Februari tahun berikutnya8 . Pengaturan di atas dapat diartikan bahwa pencapaian sasaran inflasi merupakan tanggung jawab bersama Pemerintah dan BI mengingat karakterisitk inflasi tidak hanya terkait dengan faktor moneter saja, namun juga dipengaruhi oleh kebijakan pemerintah di bidang harga dan perkembangan harga kelompok makanan.",https://www.bi.go.id/id/publikasi/laporan/Pages/lpi_2005.aspx
2005,58,inflation,154,"Koordinasi Koordinasi dengan Pemerintah yang selama ini telah berjalan erat akan ditingkatkan, agar kebijakan moneter Bank Indonesia sejalan dengan kebijakan umum Pemerintah di bidang perekonomian dengan tetap menjaga tugas dan wewenang masing-masing. Koordinasi ini semakin penting untuk meminimalkan besarnya tekanan inflasi yang berasal dari kenaikan administered prices dan volatile foods. Koordinasi Bank Indonesia dengan Pemerintah dalam penetapan sasaran inflasi dilakukan sesuai dengan MoU yang telah disepakati antara Pemerintah (cq. Menteri Keuangan) dengan Bank Indonesia, diantaranya adalah: √ Bank Indonesia menyampaikan usulan sasaran inflasi kepada Pemerintah selambat-lambatnya bulan Mei pada tahun sebelum periode sasaran inflasi berakhir. √ Dalam hal terjadi kondisi yang luar biasa sehingga sasaran inflasi yang telah ditetapkan menjadi tidak realistis dan perlu direvisi, maka Bank Indonesia menyampaikan usulan perubahan sasaran inflasi setelah berkoordinasi dengan Bank Indonesia. Sebagai tindak lanjut, Bank Indonesia bersama Pemerintah telah membentuk Tim Penetapan Sasaran, Pemantauan, dan Pengendalian Inflasi (selanjutnya disebut Tim Pengendalian Inflasi) yang beranggotakan beberapa departemen teknis.",https://www.bi.go.id/id/publikasi/laporan/Pages/lpi_2005.aspx
2005,59,inflation,156,"Tugas tim tersebut antara lain mencakup pemberian usul mengenai sasaran inflasi, mengevaluasi sumber dan potensi tekanan inflasi serta dampaknya terhadap pencapaian sasaran inflasi, merekomendasikan pilihan kebijakan yang mendukung pencapaian sasaran inflasi, serta melakukan diseminasi sasaran dan upaya pencapaian sasaran inflasi kepada masyarakat. Pembentukan tim ini diharapkan akan meningkatkan koordinasi antara otoritas moneter dengan Pemerintah, sehingga sasaran inflasi menjadi tujuan bersama yang credible dan achievable. 8 Pasal 11 MoU Pemerintah dan BI Bab 5: Perkembangan Moneter Tahun 2005 menjadi periode konsolidasi bagi kelangsungan industri reksa dana di Indonesia. Setelah tumbuh pesat pada periode Mei 2002 √ Agustus 2003 dan Desember 2003 √ Januari 2005, sejak Februari 2005 terjadi arus pencairan (redemption) reksa dana yang cukup besar. Sepanjang 2005, Nilai Aktiva Bersih (NAB) reksa dana mengalami penurunan yang sangat tajam, dari Rp113 triliun pada akhir Januari 2005, yang merupakan titik tertinggi, menurun menjadi Rp29 triliun di akhir 2005, turun 72% jika dibandingkan NAB akhir 2004 sebesar Rp104 triliun.",https://www.bi.go.id/id/publikasi/laporan/Pages/lpi_2005.aspx
2005,60,growth,155,"Penurunan tersebut terkait dengan rencana pengenaan pajak atas pendapatan reksa dana dan penerapan peraturan Bapepam No.IV.C.2 tentang Nilai Pasar Wajar Efek Dalam Portofolio Reksa Dana. Dalam peraturan ini nilai pasar wajar efek portofolio reksa dana wajib ditentukan dan disampaikan manajer investasi kepada bank kastodian setiap hari kerja selambat-lambatnya pukul 17.00 WIB.1 Melengkapi ketentuan Nilai Pasar Wajar, Bapepam mengeluarkan surat edaran mengenai batas toleransi (standar deviasi) nilai pasar wajar untuk efek bersifat utang √baik obligasi perusahaan maupun Surat Utang Negara (SUN)- yang diperdagangkan di luar bursa (over the counter) . Faktor yang menjadi dasar perhitungan batas toleransi nilai obligasi perusahaan adalah peringkat dan sisa jangka waktu jatuh tempo (duration). Sedangkan batas toleransi untuk SUN adalah jenis kupon surat utang apakah fixed rate atau variable rate dan sisa jangka waktu jatuh tempo SUN. Penurunan NAB reksa dana diawali oleh reksa dana pendapatan tetap seiring dengan penyesuaian nilai portofolio dengan nilai pasar wajar pada Januari dan Februari 2005.",https://www.bi.go.id/id/publikasi/laporan/Pages/lpi_2005.aspx
2005,61,other,106,"Relatif kurangnya pemahaman dan pemberian informasi kepada para investor reksa dana memicu investor ritel reksa dana berlomba mencairkan reksa dananya (panic selling). Akibatnya terjadi arus redemption, khususnya reksa dana pendapatan tetap. Dalam tempo dua bulan NAB reksa dana pendapatan tetap turun sekitar Rp40 triliun dari posisi tertingginya, Rp96 triliun. Penurunan sedikit tertahan dengan adanya upaya building stock Surat Utang Negara (SUN) oleh Bank Indonesia bulan April, namun upaya ini belum cukup menahan arus redemption, sehingga pada akhir 2005 posisi NAB reksa dana pendapatan tetap hanya sebesar Rp12 triliun. Dari Grafik 1 terlihat penurunan NAB reksa dana pendapatan tetap tidak langsung berimbas pada jenis reksa dana lainnya.",https://www.bi.go.id/id/publikasi/laporan/Pages/lpi_2005.aspx
2005,62,other,101,"Ditengarai sempat terjadi perpindahan portofolio dari reksa dana pendapatan tetap kepada ketiga jenis reksa dana lainnya. Namun pada bulan April reksa dana pasar uang pun mengalami redemption setelah mencapai nilai NAB tertinggi sebesar Rp14 triliun. Sementara, reksa dana campuran dan saham tetap meningkat mencapai titik tertinggi masing-masing hingga Juli (Rp9 triliun) dan September (Rp6 triliun) walaupun selanjutnya juga mengalami tekanan redemption . Reksa dana terproteksi yang mulai diperdagangkan pada Oktober, menunjukkan peningkatan NAB, hingga mencapai Rp3 triliun pada akhir 2005. Perkembangan Reksa Dana Tahun 2005Boks 1N ilai pasar wajar yang disampaikan adalah harga terakhir efek yang aktif diperdagangkan di bursa efek.",https://www.bi.go.id/id/publikasi/laporan/Pages/lpi_2005.aspx
2005,63,growth,150,"Dalam hal harga terakhir efek di bursa efek tidak mencerminkan harga pasar yang wajar pada saat itu, dalam peraturan ini Manajer Investasi dengan itikad baik dan penuh rasa tanggung jawab diwajibkan untuk menentukan nilai pasar wajar berdasarkan metode yang tercantum dalam Kontrak Investasi Kolektif reksa dana dimaksud, dengan memperhatikan harga perdagangan hari sebelumnya, atau harga perbandingan efek sejenis. Bab 5: Perkembangan Moneter Reksa dana berbasis syariah pada tahun 2005 juga mengalami penurunan NAB. Total NAB reksa dana berbasis syariah pada akhir Desember menjadi sebesar Rp0,5 triliun setelah sebelumnya mencapai titik tertinggi sebesar Rp1,2 triliun pada Agustus 2005. Sekalipun berada dalam fase konsolidasi, selama 2005 telah diterbitkan ijin atas 6 reksa dana berbasis syariah, termasuk 2 diantaranya merupakan jenis reksa dana terproteksi berbasis syariah, sehingga pada akhir tahun 2005 terdapat 16 reksa dana berbasis syariah. Relatif kecilnya skala reksa dana syariah terutama berkaitan dengan masih terbatasnya pilihan portofolio investasi berbasis syariah.",https://www.bi.go.id/id/publikasi/laporan/Pages/lpi_2005.aspx
2005,64,other,159,"Selain itu juga terjadi penurunan jumlah pemegang unit penyertaan reksa dana, dari 299.063 pihak (memiliki 82.766,4 juta unit reksa dana) pada akhir 2004 menjadi 275.128 pihak (memiliki 20.795,8 juta unit reksa dana) pada akhir 2005, diantaranya 2.868,4 juta unit jenis reksa dana terproteksi. Jumlah unit reksa dana tertinggi terjadi pada 4 Februari sebanyak 95.779,1 juta unit. Sekali pun mengalami penurunan NAB dan pemegang unit penyertaan, jumlah reksa dana yang ditawarkan justru mengalami peningkatan cukup pesat, dari 247 reksa dana pada akhir 2004 menjadi Jan Apr Jul Okt Jan Apr Jul Okt Jan Apr Jul Okt Jan Apr Jul Okt Jan 2002 2003 2004 2005 2006 Sumber: Bapepam Rp Triliun Rp Triliun Pendapatan Tetap (skala kiri) N A B Gabungan (skala kiri) Saham Campuran Pasar uang Grafik 1. Perkembangan NAB Reksa Dana 327 reksa dana pada akhir 2005. Selama 2005, Bapepam telah memberikan pernyataan efektif kepada 91 reksa dana, terdiri dari 71 reksa dana konvensional dan 20 reksa dana terproteksi.",https://www.bi.go.id/id/publikasi/laporan/Pages/lpi_2005.aspx
2005,65,growth,146,"Selama periode yang sama juga terdapat persetujuan pembubaran kontrak 11 reksa dana. Terdapat tiga jenis reksa dana baru yang diperkenalkan pada 29 Juli 2005, melalui Peraturan Bapepam Nomor IV.C.4 tentang Pedoman Pengelolaan Reksa Dana Terproteksi, Reksa Dana Dengan Penjaminan, dan Reksa Dana Indeks. Reksa dana terproteksiReksa dana terproteksiReksa dana terproteksiReksa dana terproteksiReksa dana terproteksi (capital protected fund) adalah jenis reksa dana yang memberikan proteksi atas investasi awal investor melalui mekanisme pengelolaan portofolio. Manajer investasi diwajibkan menginvestasikan sebagian dana dalam bentuk efek bersifat utang yang masuk dalam kategori layak investasi (investment grade) sehingga nilai efek pada saat jatuh tempo sekurang-kurangnya dapat menutupi jumlah nilai yang diproteksi. ReksaReksaReksaReksaReksa dana dengan penjaminandana dengan penjaminandana dengan penjaminandana dengan penjaminandana dengan penjaminan ( guaranted fund) adalah jenis reksa dana yang memberikan jaminan bahwa investor sekurang-kurangnya akan menerima sebesar nilai investasi awal pada saat jatuh tempo sepanjang memenuhi persyaratan penjaminan yang ditetapkan.",https://www.bi.go.id/id/publikasi/laporan/Pages/lpi_2005.aspx
2005,66,growth,138,"Penjaminan dilakukan oleh lembaga lain yang telah memiliki ijin usaha dari instansi berwenang dan dinyatakan dalam Kontrak Penjaminan yang dibuat manajer investasi dan bank kastodian. Portofolio investasi reksa dana penjaminan, sekurang-kurangnya 80% ditempatkan dalam efek bersifat utang yang masuk dalam kategori investment grade. Reksa danaReksa danaReksa danaReksa danaReksa dana indeksindeksindeksindeksindeks adalah jenis reksa dana dengan portofolio investasi pada sekurang-kurangnya 80% efek-efek yang menjadi bagian dari sekumpulan efek dari suatu indeks yang menjadi acuannya. Selain hal-hal yang Bab 5: Perkembangan Moneter telah disebutkan, pada ketiga jenis reksa dana tersebut, manajer investasi wajib menyatakan dalam prospektus penawarannya informasi mengenai mekanisme dan kebijakan investasi, perkembangan kinerja, serta potensi risiko bagi investor. Dari aspek institusi penunjang reksa dana, selama 2005, telah diberikan ijin usaha sebagai manajer investasi kepada 12 pihak, sehingga total jumlah manajer investasi sampai akhir Desember 2005 menjadi 104 pihak.",https://www.bi.go.id/id/publikasi/laporan/Pages/lpi_2005.aspx
2005,67,monetary_policy,100,"Otoritas pasar modal juga telah memberikan ijin kepada 4 perseorangan dan 1 lembaga untuk bertindak sebagai profesi Penasihat Investasi. Ujung tombak pemasaran industri reksa dana juga mengalami peningkatan dengan pemberian 1.535 pihak sebagai Wakil Agen Penjual Efek Reksa Dana (WAPER), sehingga pada akhir 2005 jumlahnya menjadi 11.037 WAPER. Guna meningkatkan kualitas WAPER, Bapepam merencanakan menyempurnakan Peraturan Bapepam Nomor V.B.2 tentang Perijinan WAPER pada awal tahun depan. Kecenderungan penurunan NAB reksa dana disinyalir terkait perilaku rasional investor dalam merespon peningkatan suku bunga. Peningkatan suku bunga SBI, sebagai cerminan stance kebijakan moneter yang konsisten sejak Maret, di satu sisi menekan harga obligasi.",https://www.bi.go.id/id/publikasi/laporan/Pages/lpi_2005.aspx
2005,68,growth,97,"NAB reksa dana pendapatan tetap akan turun dan berdampak negative return bagi pemiliknya. Di sisi lain, simpanan dana di perbankan secara relatif menjadi lebih menarik. Hal ini mendorong perpindahan dana masyarakat, khususnya rumah tangga (perorangan), dengan melakukan redemption reksa dana dan mengalihkan investasinya ke dalam bentuk dana pihak ketiga (DPK) di perbankan. Tabel 1 menunjukkan perubahan bulanan NAB reksa dana, dana pihak ketiga Rupiah dan valas, dan lainnya (residu) selama 2005, sebagai pendekatan untuk melihat ∆aliran dana∆ di antara ketiganya. Reksa dana mengalami redemption sejak Maret dengan jumlah yang signifikan pada bulan Maret, April, Agustus dan September.",https://www.bi.go.id/id/publikasi/laporan/Pages/lpi_2005.aspx
2005,69,monetary_policy,270,"Sementara itu, DPK rupiah milik perorangan meningkat pesat pada bulan Tabel 1 Perkembangan NAB Reksa Dana, DPK, dan Investasi Lain 2 0 0 52 0 0 52 0 0 52 0 0 52 0 0 5 Net Subscript (redemption) RD 5,29 0,80 -10,57 -17,01 -2,61 -3,34 -4,33 -13,21 -22,22 -1,42 -2,00 -2,08 Net bulanan DPK Rp perorangan 1,10 -3,37 3,42 15,00 -0,09 5,97 -0,35 3,29 18,,51 5,07 9,50 23,98 Net bulanan DPK valas perorangan 0,53 -0,36 -0,88 1,24 0,44 2,15 17,63 -4,65 6,93 -0,78 -0,55 -0,95 dana ke (dari) jenis investasi lain -6,92 2,93 8,03 0,77 2,26 -4,78 -12,95 -3,21 -2,87 -6,87 -6,95 -20,95 JanJanJanJanJan JunJunJunJunJunMeiMeiMeiMeiMeiAprAprAprAprAprMarMarMarMarMarFebFebFebFebFeb JulJulJulJulJul DesDesDesDesDesNovNovNovNovNovOktOktOktOktOktSepSepSepSepSepAgsAgsAgsAgsAgsPeriodePeriodePeriodePeriodePeriode Grafik 2. Perkembangan Suku Bunga SBI & Net Subscription/ Redemption Sumber: Bapepam Net Subscription/Redemption (Rp Triliun) Suku Bunga SBI (%) Rp Triliun Persen (pa) Jan Feb Mar Apr Mei Jun Jul Ags Sep Okt Nov Des-25 -20 -15 -10 -5 Bab 5: Perkembangan Moneter April, September, November dan Desember, sedangkan DPK valas milik perorangan meningkat secara signifikan pada Juli seiring dengan tingginya tekanan pada nilai tukar rupiah. Sepanjang 2005 NAB reksa dana mengalami penurunan sebesar Rp73 triliun, sedangkan selama periode yang sama DPK rupiah dan valas milik perorangan masing-masing meningkat sebesar Rp82 triliun dan Rp21 triliun. Setelah mengalami pe riode konso lidasi pada 2005, prospek perkembangan reksa dana pada 2006 diperkirakan masih menghadapi tantangan, terutama berkaitan dengan kebijakan moneter yang cenderung ketat yang diperkirakan masih tetap berlanjut pada paro pertama 2006. Masih tingginya tekanan inflasi dan suku bunga menyebabkan imbal hasil pada penempatan di pasar modal dan instrumen efek bersifat utang (obligasi) secara relatif menjadi kurang menarik dibandingkan dengan instrumen pasar uang.",https://www.bi.go.id/id/publikasi/laporan/Pages/lpi_2005.aspx
2005,70,other,89,"Dalam kondisi tersebut, peluang peningkatan NAB dapat diharapkan terjadi pada jenis reksa dana pasar uang, campuran dan reksa dana terproteksi. Sementara itu, untuk jenis reksa dana saham sangat tergantung kepada perkembangan harga saham yang dalam jangka panjang tetap memiliki peluang besar untuk meningkat. Pada akhirnya, kesungguhan yang ditunjukkan oleh Bapepam sebagai otoritas pasar modal selama 2005 dengan menyempurnakan berbagai ketentuan yang terkait dengan reksa dana sebagaimana digambarkan di atas yang disertai dengan upaya-upaya penegakkan aturan, diharapkan dapat menjadi modal dasar yang kokoh bagi terciptanya industri reksa dana ke depan.",https://www.bi.go.id/id/publikasi/laporan/Pages/lpi_2005.aspx
2006,1,monetary_policy,145,"Bab 6: Perkembangan Moneter Bab 6: Perkembangan Moneter Bab 6: Perkembangan Moneter Kebijakan moneter tahun 2006 menghadapi tantangan berat di tengah kuatnya dampak lanjutan kenaikan harga BBM Oktober 2005 dan rigiditas yang masih melingkupi perekonomian. Melemahnya kegiatan ekonomi terutama pada paro pertama 2006 dan belum membaiknya persepsi terhadap iklim investasi berakibat pada rendahnya daya serap sektor riil terhadap kredit sehingga ekses likuiditas perbankan terus meningkat. Pada tahun 2006 Bank Indonesia menempuh kebijakan moneter yang cenderung ketat (tight biased) dengan mempertahankan BI Rate pada level 12,75% yang selanjutnya sejak Mei 2006 menurunkannya secara terukur dan hati-hati (cautious easing). Penurunan BI Rate dapat ditransmisikan secara efektif di pasar finansial dan telah menumbuhkan optimisme pelaku ekonomi di sektor riil. Secara keseluruhan, arah kebijakan moneter yang ditempuh Bank Indonesia dengan dukungan kebijakan fiskal yang cukup berhati-hati telah mampu menjaga keseimbangan antara upaya mencapai sasaran inflasi dan mendorong pertumbuhan ekonomi.",https://www.bi.go.id/id/publikasi/laporan/Pages/lpi_2006.aspx
2006,2,inflation,207,"Sejalan dengan keyakinan terhadap pulihnya kestabilanSejalan dengan keyakinan terhadap pulihnya kestabilanSejalan dengan keyakinan terhadap pulihnya kestabilanSejalan dengan keyakinan terhadap pulihnya kestabilanSejalan dengan keyakinan terhadap pulihnya kestabilan makroekonomi dan tercapainya sasaran inflasi, Bankmakroekonomi dan tercapainya sasaran inflasi, Bankmakroekonomi dan tercapainya sasaran inflasi, Bankmakroekonomi dan tercapainya sasaran inflasi, Bankmakroekonomi dan tercapainya sasaran inflasi, Bank Indonesia sejak Mei 2006 menerapkan kebijakanIndonesia sejak Mei 2006 menerapkan kebijakanIndonesia sejak Mei 2006 menerapkan kebijakanIndonesia sejak Mei 2006 menerapkan kebijakanIndonesia sejak Mei 2006 menerapkan kebijakan penurunan suku bunga secara terukur dan berhati-hatipenurunan suku bunga secara terukur dan berhati-hatipenurunan suku bunga secara terukur dan berhati-hatipenurunan suku bunga secara terukur dan berhati-hatipenurunan suku bunga secara terukur dan berhati-hati (cautious easing).(cautious easing).(cautious easing).(cautious easing).(cautious easing). Kondisi perekonomian pada awal 2006 ditandai dengan tingginya tekanan inflasi khususnya inflasi inti akibat dampak rambatan kenaikan harga BBM Oktober 2005, serta rentannya nilai tukar rupiah akibat masih tingginya harga minyak dunia dan berlanjutnya peningkatan suku bunga global. Kondisi tersebut mengharuskan Bank Indonesia menempuh kebijakan moneter cenderung ketat (tight bias). Sampai Mei 2006, BI Rate, yang merepresentasikan suku bunga kebijakan Bank Indonesia, tetap dipertahankan pada tingkat 12,75% sejak triwulan akhir 2005. Memasuki pertengahan triwulan II 2006, berbagai kebijakan yang telah diimplementasikan berhasil menurunkan ekspektasi inflasi, yang diikuti dengan membaiknya persepsi terhadap risiko.",https://www.bi.go.id/id/publikasi/laporan/Pages/lpi_2006.aspx
2006,3,monetary_policy,100,"Sementara itu, kebijakan moneter ketat yang ditempuh sejumlah bank sentral di luar negeri menunjukkan indikasi mereda. Berbagai perkembangan itu memberikan peluang bagi Bank Indonesia untuk mulai menerapkan kebijakan moneter cautious easing dengan menurunkan BI Rate secara terukur dan berhati-hati. Selanjutnya, sejak Juli 2006, membaiknya kestabilan makroekonomi dan terjaganya inflasi dalam kisaran sasaran mendorong Bank Indonesia melanjutkan penurunan BI Rate. Pada akhir 2006 BI Rate mencapai 9,75% atau mengalami penurunan sebesar 300 basis poin dari level nya di awal tahun. Penurunan BI Rate secara bertahap ini tetap diikuti oleh berbagai upaya untuk mengoptimalkan penyerapan ekses likuiditas perbankan yang masih cenderung meningkat.",https://www.bi.go.id/id/publikasi/laporan/Pages/lpi_2006.aspx
2006,4,monetary_policy,158,"Penyempurnaan komunikasi dan transparansiPenyempurnaan komunikasi dan transparansiPenyempurnaan komunikasi dan transparansiPenyempurnaan komunikasi dan transparansiPenyempurnaan komunikasi dan transparansi kebijakan moneter terus dilakukan guna membentuk dankebijakan moneter terus dilakukan guna membentuk dankebijakan moneter terus dilakukan guna membentuk dankebijakan moneter terus dilakukan guna membentuk dankebijakan moneter terus dilakukan guna membentuk dan Bab 6: Perkembangan Moneter mempengaruhi ekspektasi masyarakat agar sejalan denganmempengaruhi ekspektasi masyarakat agar sejalan denganmempengaruhi ekspektasi masyarakat agar sejalan denganmempengaruhi ekspektasi masyarakat agar sejalan denganmempengaruhi ekspektasi masyarakat agar sejalan dengan sasaran inflasi.sasaran inflasi.sasaran inflasi.sasaran inflasi.sasaran inflasi. Ekspektasi inflasi masyarakat yang bersifat adaptif ditengarai sebagai salah satu faktor fundamental yang menyebabkan masih tingginya ekspektasi inflasi di Indonesia. Perbaikan komunikasi, baik yang menyangkut strategi maupun media yang digunakan, terus dilakukan secara intensif dan bervariasi, dengan harapan agar dapat lebih baik dalam mengelola persepsi pelaku ekonomi. Perbaikan tersebut dilakukan melalui peningkatan intensitas diseminasi kebijakan moneter di berbagai daerah. Di samping itu, berbagai seminar, diskusi, konferensi pers dengan berbagai pemangku kepentingan ( stakeholders) semakin diintensifkan.",https://www.bi.go.id/id/publikasi/laporan/Pages/lpi_2006.aspx
2006,5,monetary_policy,146,"Bank Indonesia juga semakin transparan kepada publik mengenai pelaksanaan kebijakan moneter dan berbagai tugas yang dilakukan. Kebijakan moneter yang ditempuh direspon positifKebijakan moneter yang ditempuh direspon positifKebijakan moneter yang ditempuh direspon positifKebijakan moneter yang ditempuh direspon positifKebijakan moneter yang ditempuh direspon positif oleh pasar keuangan dan menumbuhkan optimismeoleh pasar keuangan dan menumbuhkan optimismeoleh pasar keuangan dan menumbuhkan optimismeoleh pasar keuangan dan menumbuhkan optimismeoleh pasar keuangan dan menumbuhkan optimisme pelaku ekonomi di sektor riilpelaku ekonomi di sektor riilpelaku ekonomi di sektor riilpelaku ekonomi di sektor riilpelaku ekonomi di sektor riil. Di pasar keuangan, respon positif pelaku pasar keuangan tercermin dari peningkatan aktivitas perdagangan di pasar saham dan naiknya Indeks Harga Saham Gabungan (IHSG) secara signifikan. Selain itu perdagangan di pasar Surat Utang Negara (SUN) juga semakin marak dengan yield yang tetap menarik, meskipun cenderung turun. Respon positif juga diperlihatkan sektor perbankan dalam bentuk penurunan suku bunga simpanan.",https://www.bi.go.id/id/publikasi/laporan/Pages/lpi_2006.aspx
2006,6,credit,161,"Sementara itu, pembiayaan ekonomi melalui sumber dana nonperbankan seperti penerbitan saham dan obligasi oleh korporasi terus meningkat, sejalan dengan belum kuatnya respon perbankan dalam menyalurkan kredit selama paro pertama 2006. Penyaluran kredit perbankan baru mengalami akselerasi sejak September 2006. Di sektor riil, penurunan BI Rate mendorong perbaikan ekspektasi inflasi pelaku ekonomi dan peningkatan keyakinan konsumen dan dunia usaha. Sepanjang 2006, ekses likuiditas di pasar uang yangSepanjang 2006, ekses likuiditas di pasar uang yangSepanjang 2006, ekses likuiditas di pasar uang yangSepanjang 2006, ekses likuiditas di pasar uang yangSepanjang 2006, ekses likuiditas di pasar uang yang belum mampu dimanfaatkan secara optimal dalambelum mampu dimanfaatkan secara optimal dalambelum mampu dimanfaatkan secara optimal dalambelum mampu dimanfaatkan secara optimal dalambelum mampu dimanfaatkan secara optimal dalam perekonomian terus meningkatperekonomian terus meningkatperekonomian terus meningkatperekonomian terus meningkatperekonomian terus meningkat. Dari sisi eksternal, kondisi tersebut bersumber dari tingginya aliran modal masuk portofolio (portfolio inflows) yang didorong oleh cukup tingginya imbal hasil rupiah dan membaiknya faktor risiko penanaman dalam instrumen rupiah.",https://www.bi.go.id/id/publikasi/laporan/Pages/lpi_2006.aspx
2006,7,inflation,135,"Sementara dari sisi internal, sumber ekses likuiditas didominasi oleh aktivitas keuangan Pemerintah, khususnya Pemerintah Daerah. Sejumlah kendala masih dihadapi Pemerintah Daerah sehingga belanja daerah yang telah dicairkan Pemerintah Pusat belum sepenuhnya dimanfaatkan untuk menggerakkan perekonomian daerah sehingga turut menambah ekses likuiditas. Kondisi demikian diperburuk dengan rendahnya penyerapan kredit di sektor riil sebagai akibat dari berbagai permasalahan struktural yang melingkupi perekonomian domestik. PELAKSANAAN KEBIJAKAN MONETER Strategi kebijakan moneter diarahkan untukStrategi kebijakan moneter diarahkan untukStrategi kebijakan moneter diarahkan untukStrategi kebijakan moneter diarahkan untukStrategi kebijakan moneter diarahkan untuk mencapai sasaran inflasi yang ditetapkan oleh Pemerintah.mencapai sasaran inflasi yang ditetapkan oleh Pemerintah.mencapai sasaran inflasi yang ditetapkan oleh Pemerintah.mencapai sasaran inflasi yang ditetapkan oleh Pemerintah.mencapai sasaran inflasi yang ditetapkan oleh Pemerintah. Strategi tersebut ditempuh melalui penerapan kebijakan moneter yang dapat dipilah menjadi dua fase sesuai dinamika perkembangan ekonomi selama 2006.",https://www.bi.go.id/id/publikasi/laporan/Pages/lpi_2006.aspx
2006,8,monetary_policy,139,"Pada fase pertama yakni periode Januari √ April 2006, upaya menjaga kestabilan makroekonomi guna mencegah dampak inflasi lanjutan dari kenaikan harga BBM diwujudkan melalui kebijakan moneter ketat. Dalam periode tersebut BI Rate stabil pada tingkat tertingginya 12,75%. Selanjutnya, atas dasar evaluasi menyeluruh terhadap kondisi dan prospek perekonomian yang secara umum menunjukkan kestabilan makroekonomi dan peluang tercapainya sasaran inflasi 2006-2007, maka dalam periode Mei √ Desember 2006 kebijakan moneter memasuki fase kedua yaitu cautious easing. Dimulainya fase cautious easing sejak Mei 2006 tersebut lebih cepat dari perkiraan pada awal 2006 dan direspon positif oleh pelaku pasar sebagaimana tercermin pada pergerakan IHSG dan harga SUN yang terus meningkat. Penurunan Bab 6: Perkembangan Moneter BI Rate sempat tertahan pada Juni 2006 karena meningkatnya ekspektasi kenaikan suku bunga di AS yang lebih besar dari perkiraan semula, yang berpotensi mengganggu kestabilan nilai tukar Rupiah.",https://www.bi.go.id/id/publikasi/laporan/Pages/lpi_2006.aspx
2006,9,monetary_policy,204,"Seiring dengan membaiknya kembali berbagaiSeiring dengan membaiknya kembali berbagaiSeiring dengan membaiknya kembali berbagaiSeiring dengan membaiknya kembali berbagaiSeiring dengan membaiknya kembali berbagai indikator makroekonomi dan terjaganya persepsi positifindikator makroekonomi dan terjaganya persepsi positifindikator makroekonomi dan terjaganya persepsi positifindikator makroekonomi dan terjaganya persepsi positifindikator makroekonomi dan terjaganya persepsi positif terhadap perekonomian domestik, sejak Juli 2006 Bankterhadap perekonomian domestik, sejak Juli 2006 Bankterhadap perekonomian domestik, sejak Juli 2006 Bankterhadap perekonomian domestik, sejak Juli 2006 Bankterhadap perekonomian domestik, sejak Juli 2006 Bank Indonesia kembali melanjutkan kebijakan penurunan sukuIndonesia kembali melanjutkan kebijakan penurunan sukuIndonesia kembali melanjutkan kebijakan penurunan sukuIndonesia kembali melanjutkan kebijakan penurunan sukuIndonesia kembali melanjutkan kebijakan penurunan suku bunga secara hati-hati.bunga secara hati-hati.bunga secara hati-hati.bunga secara hati-hati.bunga secara hati-hati. Hal tersebut tercermin pada menurunnya BI Rate hingga pada Desember 2006 mencapai 9,75%, atau turun sebesar 300 basis poin sepanjang 2006. Sejalan dengan perkembangan tersebut, seluruh suku bunga instrumen moneter yang dikaitkan secara langsung pada BI Rate juga mengalami penurunan dengan besaran yang sama. Pada akhir 2006, suku bunga FASBI O/N yang selama ini berfungsi sebagai batas bawah (floor) suku bunga PUAB O/N menjadi sebesar 4,75% (dari sebelumnya 7,75%). Sementara suku bunga SBI Repo yang idealnya merupakan batas atas (ceiling) suku bunga PUAB O/N menjadi 12,75%, dari sebelumnya 15,75%.",https://www.bi.go.id/id/publikasi/laporan/Pages/lpi_2006.aspx
2006,10,monetary_policy,197,"Strategi kebijakan tersebut diterjemahkan dalamStrategi kebijakan tersebut diterjemahkan dalamStrategi kebijakan tersebut diterjemahkan dalamStrategi kebijakan tersebut diterjemahkan dalamStrategi kebijakan tersebut diterjemahkan dalam operasional kebijakan moneter melalui kegiatanoperasional kebijakan moneter melalui kegiatanoperasional kebijakan moneter melalui kegiatanoperasional kebijakan moneter melalui kegiatanoperasional kebijakan moneter melalui kegiatan penyesuaian likuiditas penyesuaian likuiditas penyesuaian likuiditas penyesuaian likuiditas penyesuaian likuiditas (liquidity adjustment(liquidity adjustment(liquidity adjustment(liquidity adjustment(liquidity adjustment) dalam bentuk) dalam bentuk) dalam bentuk) dalam bentuk) dalam bentuk pelaksanaan operasi pasar terbuka (OPT) dan instrumenpelaksanaan operasi pasar terbuka (OPT) dan instrumenpelaksanaan operasi pasar terbuka (OPT) dan instrumenpelaksanaan operasi pasar terbuka (OPT) dan instrumenpelaksanaan operasi pasar terbuka (OPT) dan instrumen pendukung lainnya. pendukung lainnya. pendukung lainnya. pendukung lainnya. pendukung lainnya. Dalam upaya meningkatkan efektivitas pelaksanaan operasi moneter, Bank Indonesia melakukan sejumlah penyempurnaan pada operasi dan piranti moneter. Pada Februari 2006, instrumen SBI Repo dibuka kembali setelah sempat nonaktif selama hampir enam bulan sejak akhir Agustus 2005. Kemudian pada Mei 2006, Bank Indonesia menonaktifkan penyediaan FASBI 7 hari untuk menyederhanakan pelaksanaan transaksi FASBI. Pada bulan yang sama, Bank Indonesia melakukan perubahan metode lelang SBI 1 bulan dari variable-rate tender (VRT) menjadi fixed-rate tender (FRT) dan penjarangan pelaksanaan lelang SBI 3 bulan dari satu bulan sekali menjadi tiga bulan sekali.",https://www.bi.go.id/id/publikasi/laporan/Pages/lpi_2006.aspx
2006,11,monetary_policy,213,"Penyempurnaan operasi dan piranti instrumen diharapkan dapat meningkatkan optimalisasi operasi moneter sekaligus tetap menjaga dan menjamin ketersediaan likuiditas jangka pendek yang diperlukan oleh pelaku pasar. Selain itu, penggunaan metode lelang FRT dimaksudkan untuk memberikan sinyal kebijakan moneter yang lebih jelas dan kuat kepada pelaku pasar. Sedangkan penjarangan lelang SBI 3 bulan merupakan upaya untuk lebih menyelaraskan dengan kebutuhan pembayaran kupon Surat Utang Negara (SUN) seri variabel yang mengacu kepada suku bunga SBI 3 bulan. Sebagai langkah awal bagi upaya menjaga Sebagai langkah awal bagi upaya menjaga Sebagai langkah awal bagi upaya menjaga Sebagai langkah awal bagi upaya menjaga Sebagai langkah awal bagi upaya menjaga level dan dan dan dan dan kestabilan suku bunga jangka pendek, Bank Indonesiakestabilan suku bunga jangka pendek, Bank Indonesiakestabilan suku bunga jangka pendek, Bank Indonesiakestabilan suku bunga jangka pendek, Bank Indonesiakestabilan suku bunga jangka pendek, Bank Indonesia menempuh berbagai alternatif kebijakan pada aspekmenempuh berbagai alternatif kebijakan pada aspekmenempuh berbagai alternatif kebijakan pada aspekmenempuh berbagai alternatif kebijakan pada aspekmenempuh berbagai alternatif kebijakan pada aspek operasional kebijakan moneter. operasional kebijakan moneter. operasional kebijakan moneter. operasional kebijakan moneter. operasional kebijakan moneter. Proyeksi likuiditas harian terus disempurnakan dan ditingkatkan akurasinya dengan tata kerja yang disempurnakan, khususnya melalui peningkatan intensitas koordinasi dengan Pemerintah dalam rangka mendapatkan informasi yang lebih akurat mengenai operasi keuangan Pemerintah.",https://www.bi.go.id/id/publikasi/laporan/Pages/lpi_2006.aspx
2006,12,monetary_policy,152,"Sementara itu, sejalan dengan implementasi metode FRT, instrumen fine tune ekspansi (FTE) tidak diaktifkan, sehingga perbankan mengandalkan SBI Repo untuk memenuhi kebutuhan likuiditasnya. Perbaikan proyeksi likuiditas berimplikasi pada kestabilan kondisi likuiditas dan suku bunga di pasar uang meskipun tidak seluruh penawaran yang masuk dalam lelang SBI 1 bulan dapat diserap. Ke depan, penguatan kerangka operasional kebijakan moneter, khususnya dalam konteks menerjemahkan esensi dari policy rate (Boks: Penguatan Kerangka Operasional Kebijakan Moneter di Era BI Rate) masih akan terus dilanjutkan guna meningkatkan efisiensi dan efektivitas proses transmisi kebijakan moneter di pasar uang. Kebijakan tersebut merupakan bagian tidak terpisahkan dari upaya yang secara berkesinambungan akan ditempuh Bank Indonesia dalam meningkatkan efektivitas kebijakan moneter. Selain itu, melalui kerjasama dengan Bab 6: Perkembangan Moneter Pemerintah, kebijakan tersebut juga merupakan bagian dari upaya pengembangan pasar keuangan domestik dan perluasan produk-produk finansial, yang pada gilirannya dapat berkontribusi dalam mengurangi ekses likuiditas dan sekaligus sebagai alternatif pembiayaan sektor riil.",https://www.bi.go.id/id/publikasi/laporan/Pages/lpi_2006.aspx
2006,13,money_supply,146,"Kegiatan operasi pasar terbuka cenderung kontraktifKegiatan operasi pasar terbuka cenderung kontraktifKegiatan operasi pasar terbuka cenderung kontraktifKegiatan operasi pasar terbuka cenderung kontraktifKegiatan operasi pasar terbuka cenderung kontraktif sejalan dengan rendahnya penyerapan likuiditas dalamsejalan dengan rendahnya penyerapan likuiditas dalamsejalan dengan rendahnya penyerapan likuiditas dalamsejalan dengan rendahnya penyerapan likuiditas dalamsejalan dengan rendahnya penyerapan likuiditas dalam perekonomian. perekonomian. perekonomian. perekonomian. perekonomian. Pada akhir 2006, OPT yang terdiri dari SBI dan FASBI tercatat mengalami kontraksi bersih sebesar Rp127,7 triliun sehingga posisinya menjadi Rp242,0 triliun. 1 Kontraksi tersebut sebagian besar berupa instrumen SBI berjangka waktu 1 bulan sehingga posisinya mencapai sebesar Rp207,0 triliun. FASBI yang merupakan instrumen untuk pemenuhan kebutuhan perbankan jangka pendek mencapai Rp41,5 triliun pada akhir 2006. Sementara itu, instrumen SBI 3 bulan hanya sebesar Rp0,4 triliun, dengan rata-rata suku bunga SBI 3 bulan sepanjang 2006 tercatat 12,06%2, atau relatif sama dengan asumsi yang digunakan Pemerintah dalam APBN-P 2006 (12,00%).",https://www.bi.go.id/id/publikasi/laporan/Pages/lpi_2006.aspx
2006,14,monetary_policy,228,"RESPON PASAR KEUANGAN DAN PELAKU EKONOMI TERHADAP BI RATE Respon Pasar Keuangan Perkembangan BI Rate telah direspon dengan kuatPerkembangan BI Rate telah direspon dengan kuatPerkembangan BI Rate telah direspon dengan kuatPerkembangan BI Rate telah direspon dengan kuatPerkembangan BI Rate telah direspon dengan kuat oleh suku bunga pasar uang antar bank Rupiah. oleh suku bunga pasar uang antar bank Rupiah. oleh suku bunga pasar uang antar bank Rupiah. oleh suku bunga pasar uang antar bank Rupiah. oleh suku bunga pasar uang antar bank Rupiah. Dalam 6 kategori tenor suku bunga pasar uang antar bank (PUAB) Rupiah yaitu overnight (O/N), 2-6, 7, 8-26, 27-31 dan lebih panjang dari 31 hari, total volume transaksi pada PUAB Rupiah masih didominasi oleh transaksi pada tenor O/N (mencapai 50%- 60% dari total volume PUAB) (Tabel 6.1). Pada fase pelonggaran kebijakan moneter, penurunan suku bunga terjadi pada seluruh tenor PUAB Rupiah dengan besaran mencapai 250 √ 470 basis poin atau secara rata-rata lebih besar dari penurunan BI Rate sebesar 300 basis poin pada periode yang sama. Kondisi tersebut disumbang oleh melimpahnya likuiditas di pasar uang, khususnya pada triwulan IV-2006, yang bersumber dari faktor autonomous, terutama operasi keuangan Pemerintah di Bank Indonesia dan penyerapan optimal dari operasi moneter yang didasarkan kepada proyeksi likuiditas perbankan. Sementara itu, selisih suku bunga PUAB 27- 31 hari dan >31hari dengan O/N semakin curam, yang mengindikasikan belum membaiknya efisiensi pasar uang.",https://www.bi.go.id/id/publikasi/laporan/Pages/lpi_2006.aspx
2006,15,monetary_policy,121,"Kondisi ini konsisten dengan kebijakan BI untuk tetap memelihara selisih suku bunga yang besar antara BI Rate dan FASBI O/N (Grafik 6.1 dan 6.2). Selama 2006, suku bunga PUAB O/N RupiahSelama 2006, suku bunga PUAB O/N RupiahSelama 2006, suku bunga PUAB O/N RupiahSelama 2006, suku bunga PUAB O/N RupiahSelama 2006, suku bunga PUAB O/N Rupiah bergerak lebih stabil dibandingkan tahun sebelumnya danbergerak lebih stabil dibandingkan tahun sebelumnya danbergerak lebih stabil dibandingkan tahun sebelumnya danbergerak lebih stabil dibandingkan tahun sebelumnya danbergerak lebih stabil dibandingkan tahun sebelumnya dan mengalami penurunan yang lebih besar dibandingkan BImengalami penurunan yang lebih besar dibandingkan BImengalami penurunan yang lebih besar dibandingkan BImengalami penurunan yang lebih besar dibandingkan BImengalami penurunan yang lebih besar dibandingkan BI Rate. Rate. Rate. Rate.",https://www.bi.go.id/id/publikasi/laporan/Pages/lpi_2006.aspx
2006,16,monetary_policy,272,"Rate. Rata-rata tertimbang, volatilitas suku bunga PUAB O/N Rupiah selama 2006 menurun menjadi sebesar 2,2% Grafik 6.1 Suku Bunga PUAB Seluruh Tenor 5,5 6,5 7,5 8,5 9,5 10,5 11,5 12,5 13,5 Persen O/N 2 - 6 7 8 - 26 27 - 31 > 31 12,80 12,36 11,23 9,51 Mar Jun Sep Des 1T ermasuk SUN 2 Rata-rata dari 7 kali lelang sepanjang 2006 Tabel 6.1 Pangsa Volume PUAB (Sesi Pagi) Triwulan I - 06 53 15 20 11 1 1 Triwulan II - 06 54 12 22 10 1 2 Triwulan III- 06 60 11 14 12 1 3 Oktober 60 14 9 14 1 3 November 58 8 15 12 1 1 Desember 57 13 13 14 1 2 Triwulan IV - 06 58 12 12 13 1 2 2006 56 12 17 12 1 2 20062006200620062006 O/NO/NO/NO/NO/N 2-62-62-62-62-6 77777 8-26 8-26 8-26 8-26 8-26 27-3127-3127-3127-3127-31 > 31> 31> 31> 31> 31 (Persen) Bab 6: Perkembangan Moneter dari 3,2% pada tahun sebelumnya. Perkembangan tersebut sejalan dengan lebih stabilnya implementasi kerangka operasional dan instrumen moneter pada 2006 dibanding 2005. Sementara itu, perubahan rata-rata level suku bunga PUAB O/N pada fase pelonggaran kebijakan moneter mencapai 400 basis poin, atau lebih tinggi dari penurunan BI Rate pada periode yang sama (Tabel 6.2). BI Rate direspon lebih kuat oleh suku bunga depositoBI Rate direspon lebih kuat oleh suku bunga depositoBI Rate direspon lebih kuat oleh suku bunga depositoBI Rate direspon lebih kuat oleh suku bunga depositoBI Rate direspon lebih kuat oleh suku bunga deposito dibanding suku bunga kredit. dibanding suku bunga kredit. dibanding suku bunga kredit. dibanding suku bunga kredit. dibanding suku bunga kredit.",https://www.bi.go.id/id/publikasi/laporan/Pages/lpi_2006.aspx
2006,17,monetary_policy,130,"Pada fase pelonggaran kebijakan moneter, penurunan suku bunga deposito Rupiah tenor 1-24 bulan tercatat 50 √ 200 basis poin , dengan penurunan terbesar pada tenor 1 bulan. Penurunan tersebut sejalan dengan lebih rendahnya suku bunga penjaminan deposito Rupiah, yang penetapannya antara lain mengacu pada BI Rate. Sementara itu, suku bunga kredit rupiah bank umum maksimal hanya turun 0,9%, yaitu untuk suku bunga kredit modal kerja, diikuti suku bunga kredit investasi , sementara suku bunga kredit konsumsi relatif tidak berubah (Grafik 6.3). Penurunan suku bunga deposito yang lebih besar pada tenor terpendek mengakibatkan semakin curamnya struktur suku bunga deposito Rupiah (Grafik 6.4). Kondisi ini menjadi insentif bagi masyarakat untuk menyimpan dananya dalam tenor yang lebih panjang, sebagaimana tercermin pada deposito Rupiah tenor lebih dari 1 bulan yang tumbuh tinggi (Grafik 6.5).",https://www.bi.go.id/id/publikasi/laporan/Pages/lpi_2006.aspx
2006,18,growth,443,"Apabila kondisi ini terus berlanjut dapat mendukung penurunan risiko maturity mismatch perbankan. Grafik 6.2 Perkembangan PUAB dan Instrumen Moneter SBI Repo Rata-rata Volume PUAB O/N (kiri) Rata-rata Suku Bunga PUAB O/NFTE - 2.000 4.000 6.000 8.000 10.000 12.000 14.000 16.000 Miliar Rp Persen 4,50 6,25 8,00 9,75 11,50 13,25 15,00 16,75 18,50 BI RATE FASBI O/N SBI REPO Okt Nov DesJan Feb Mar Apr Mei Jun Juli Ags Sep Implementasi FRT Tabel 6.2 Suku Bunga dan Volatilitas PUAB O/N Rupiah Januari 9,3 8,8 1,5 1,1 Februari 10,1 9,3 1,4 1,3 Maret 10,3 9,6 1,3 1,4 April 10,6 10,8 1,9 3,7 Mei 10,5 9,3 2,7 2,2 Juni 10,2 9,5 3,3 2,9 Juli 10,9 10,3 4,3 3,4 Agustus 10,9 10,0 4,2 3,6 September 8,9 8,4 2,6 2,4 Oktober 6,8 6,4 2,4 2,5 November 5,7 5,7 0,4 0,2 Desember 6,0 5,8 1,0 0,9 Rata-rata 2006 9,2 8,7 2,2 2,1 PagiPagiPagiPagiPagi SoreSoreSoreSoreSore PagiPagiPagiPagiPagi SoreSoreSoreSoreSore RRT PUAB O/NRRT PUAB O/NRRT PUAB O/NRRT PUAB O/NRRT PUAB O/N Volatilitas O/NVolatilitas O/NVolatilitas O/NVolatilitas O/NVolatilitas O/N PeriodePeriodePeriodePeriodePeriode Grafik 6.3 Perkembangan Berbagai Suku Bunga Persen 2004 2005 2006 123456789 1 0 1 1 1 2 123456789 1 0 1 1 1 2 123456789 1 0 1 1 1 2 BI Rate* Pnjaminan Dep Deposito 1 bulan Kredit Modal Kerja Kredit Investasi Kredit Konsumsi Grafik 6.4 Perkembangan Suku Bunga Deposito Rupiah 1 Bln 3 Bln 6 Bln 12 Bln 24 Bln Des-05 Mar-06 Juni-06 Sep-06 Des-06 Persen DEPO Rp (Bank Umum) 8,0 8,5 9,0 9,5 10,0 10,5 11,0 11,5 12,0 12,5 13,0 Persen Bab 6: Perkembangan Moneter Grafik 6.5 Pertumbuhan Nominal Deposito Rupiah 3 Termasuk chanelling Grafik 6.7 Perkembangan DPK Rupiah dan Valuta Asing Lambatnya penurunan suku bunga kredit terjadiLambatnya penurunan suku bunga kredit terjadiLambatnya penurunan suku bunga kredit terjadiLambatnya penurunan suku bunga kredit terjadiLambatnya penurunan suku bunga kredit terjadi pada seluruh bank. pada seluruh bank. pada seluruh bank. pada seluruh bank. pada seluruh bank. Penurunan suku bunga kredit modal kerja (KMK) dan kredit investasi (KI) terbesar terjadi pada kelompok bank asing dan campuran diikuti oleh kelompok bank umum swasta nasional (BUSN) (Grafik 6.6). Kondisi ini sejalan dengan karakteristik manajemen likuiditas dan bisnis kelompok bank asing dan campuran yang cenderung lebih banyak mencari sumber dana melalui pasar uang jangka pendek dengan risiko (volatilitas) yang tinggi, dan selanjutnya disalurkan dalam bentuk kredit tanpa agunan seperti kartu kredit. Kebijakan menurunkan BI Rate pada Mei 2006Kebijakan menurunkan BI Rate pada Mei 2006Kebijakan menurunkan BI Rate pada Mei 2006Kebijakan menurunkan BI Rate pada Mei 2006Kebijakan menurunkan BI Rate pada Mei 2006 diikuti melambatnya pertumbuhan Dana Pihak Ketigadiikuti melambatnya pertumbuhan Dana Pihak Ketigadiikuti melambatnya pertumbuhan Dana Pihak Ketigadiikuti melambatnya pertumbuhan Dana Pihak Ketigadiikuti melambatnya pertumbuhan Dana Pihak Ketiga (DPK).(DPK).(DPK).(DPK).(DPK).",https://www.bi.go.id/id/publikasi/laporan/Pages/lpi_2006.aspx
2006,19,monetary_policy,117,"Pada Desember 2006, DPK tercatat tumbuh sebesar 14,1% (yoy), melambat dari pertumbuhan pada Desember 2005 yang mencapai 17,1% (yoy). Pelambatan tersebut terutama dipengaruhi terus menurunnya pertumbuhan deposito (Grafik 6.7). Sumber dana perbankan terbesar tetap dalam bentuk simpanan berjangka pendek meskipun terdapat perbaikan maturitas deposito rupiah ke tenor yang lebih panjang, yaitu ke tenor 3, 6, 12, 24 bulan (Grafik 6.5). Pergeseran tersebut dipengaruhi perbaikan ekspektasi masyarakat terhadap perekonomian, tetap tingginya suku bunga deposito Rupiah pada tenor tersebut, dan antisipasi deposan terhadap kemungkinan berlanjutnya penurunan suku bunga. Berdasarkan kepemilikan, pertumbuhan DPK secara total masih ditopang oleh tingginya dana-dana milik Pemerintah Daerah (PEMDA) dan instansi terkait Pemerintah, badan usaha milik swasta, dan perorangan terutama dalam bentuk giro dan tabungan.",https://www.bi.go.id/id/publikasi/laporan/Pages/lpi_2006.aspx
2006,20,monetary_policy,271,"Pelonggaran kebijakan moneter direspon denganPelonggaran kebijakan moneter direspon denganPelonggaran kebijakan moneter direspon denganPelonggaran kebijakan moneter direspon denganPelonggaran kebijakan moneter direspon dengan akselerasi pertumbuhan kredit sejak September 2006akselerasi pertumbuhan kredit sejak September 2006akselerasi pertumbuhan kredit sejak September 2006akselerasi pertumbuhan kredit sejak September 2006akselerasi pertumbuhan kredit sejak September 2006. Pada akhir Desember 2006 kredit perbankan 3Ω mengalami pertumbuhan sebesar 14,1%, jauh lebih lambat dari periode yang sama tahun sebelumnya yang mencapai 22,7% (yoy). Secara kumulatif sepanjang 2006, kenaikan posisi kredit ditopang oleh seluruh jenis kredit dengan kenaikan tertinggi terjadi pada KMK. Secara sektoral pertumbuhan kredit dialami oleh seluruh sektor ekonomi, Grafik 6.6 Perkembangan Suku Bunga Kredit Bank Pesero BPD BUSN Bank Asing & Campuran KMK KI KK KMK KI KK KMK KI KK KMK KI KK Jan Mei Sep Des Persen Persen (yoy) (150) (100) (50) - Jun Jul Ags Sep Okt Nov Des Jan FebMar Apr Mei Jun Jul Ags Sep Okt Nov Des Jan Feb Mar Apr Mei Jun Jul Ags Sep Okt Nov 2004 2005 2006 BI Rate mulai turunLevel Puncak BI Rate (12,75%)Deposito 1 bln Deposito 6 bln Deposito 24 bln Deposito 3 bln Deposito 12 bln Des Redemption Persen (20) (10) - Total DPK Giro Tabungan Deposito 2004 2005 2006 Jun Jul Ags Sep Okt Nov Des Jan Feb Mar Apr Mei Jun Jul Ags Sep Okt Nov Des Jan Feb Mar Apr Mei Jun Jul Ags Sep Okt Nov Des Bab 6: Perkembangan Moneter dengan pertumbuhan tertinggi terjadi pada sektor pertambangan, khususnya migas dan bijih logam. Sedangkan, sektor industri pengolahan, sektor konstruksi, jasa dunia usaha dan sektor lain-lain selama 2006 mengalami pertumbuhan yang melambat dibandingkan tahun sebelumnya.",https://www.bi.go.id/id/publikasi/laporan/Pages/lpi_2006.aspx
2006,21,credit,196,"Berdasarkan debiturnya, pertumbuhan kreditBerdasarkan debiturnya, pertumbuhan kreditBerdasarkan debiturnya, pertumbuhan kreditBerdasarkan debiturnya, pertumbuhan kreditBerdasarkan debiturnya, pertumbuhan kredit diwarnai perlambatan pertumbuhan kredit pada debiturdiwarnai perlambatan pertumbuhan kredit pada debiturdiwarnai perlambatan pertumbuhan kredit pada debiturdiwarnai perlambatan pertumbuhan kredit pada debiturdiwarnai perlambatan pertumbuhan kredit pada debitur perorangan dan perusahaan swasta,perorangan dan perusahaan swasta,perorangan dan perusahaan swasta,perorangan dan perusahaan swasta,perorangan dan perusahaan swasta, yang selama ini memiliki pangsa terbesar terhadap total kredit. Pelambatan ini terkait dengan meningkatnya jumlah perusahaan yang mencari alternatif pembiayaan dari pasar saham dan penerbitan obligasi. Peningkatan signifikan pada kredit yang disalurkan kepada badan/lembaga Pemerintah dan BUMN sejak Februari 2006 tidak mampu mengangkat pertumbuhan kredit secara keseluruhan (Grafik 6.8). Sepanjang 2006, penurunan BI Rate diresponSepanjang 2006, penurunan BI Rate diresponSepanjang 2006, penurunan BI Rate diresponSepanjang 2006, penurunan BI Rate diresponSepanjang 2006, penurunan BI Rate direspon kenaikan harga saham secara signifikan. kenaikan harga saham secara signifikan. kenaikan harga saham secara signifikan. kenaikan harga saham secara signifikan. kenaikan harga saham secara signifikan. Di pasar saham, penurunan BI Rate dan terjaganya kestabilan makroekonomi berkontribusi positif mendorong kenaikan IHSG sebesar 55,3% (yoy) dan mencapai level tertingginya pada level 1.805, yang merupakan catatan tertinggi sepanjang sejarah bursa saham Indonesia (Grafik 6.9 dan 6.10).",https://www.bi.go.id/id/publikasi/laporan/Pages/lpi_2006.aspx
2006,22,global,364,"Sementara itu, indeks sektoral mengalami pertumbuhan yang bervariasi dengan sektor pertanian, properti dan keuangan sebagai sektor-sektor yang mengalami pertumbuhan indeks terbesar. Meningkatnya indeks komposit maupun sektoral tersebut juga ditopang oleh kinerja keuangan emiten yang meningkat sebesar 27,8% (yoy). Disamping itu, kondusifnya penanaman pada instrumen investasi keuangan domestik dan tingginya likuiditas global mendorong pelaku asing masuk ke pasar saham dan membukukan net beli sebesar Rp17,3 triliun sepanjang 2006. Penurunan BI Rate diantisipasi oleh penurunan imbalPenurunan BI Rate diantisipasi oleh penurunan imbalPenurunan BI Rate diantisipasi oleh penurunan imbalPenurunan BI Rate diantisipasi oleh penurunan imbalPenurunan BI Rate diantisipasi oleh penurunan imbal hasil (hasil (hasil (hasil (hasil ( yieldyieldyieldyieldyield ) Surat Utang Negara (SUN)) Surat Utang Negara (SUN)) Surat Utang Negara (SUN)) Surat Utang Negara (SUN)) Surat Utang Negara (SUN) ..... Di tengah kecenderungan menurunnya BI rate dan meningkatnya kepercayaan pelaku pasar terhadap kondisi makroekonomi, penempatan pada instrumen investasi Grafik 6.8 Pertumbuhan Kredit per Debitur Persen (yoy) Jan Feb Mar Apr Mei Jun Jul Ags Sep Okt Nov Des Jan Feb Mar Apr Mei Jun Jul Ags Sep Okt Nov Des -10 Total Perorangan Perusahaan Swasta Badan/Lembaga Pemerintahan dan BUMN 2005 2006 Grafik 6.9 Pertumbuhan IHSG dan SBI 1 Bulan/BI Rate Sumber: CEIC, diolah Indeks Persen 1.050 1.125 1.200 1.275 1.350 1.425 1.500 1.575 1.650 1.725 1.800 2005 2006 Ags Sep Okt Nov Des Jan Feb Mar Apr Mei Jun Jul Ags Sep Okt Nov Des BI Rate (aksis kanan) IHSG Grafik 6.10 Event Analysis IHSG Indeks 1.100 1.200 1.300 1.400 1.500 1.600 1.700 1.800 1.900 Jan Feb Mar Apr Mei Jun Jul Ags Sep Okt Nov Des IHSG (1.261,283) IHSG(1.553,062) BI Rate 12,50% BI Rate 12,25% BI Rate 11,75% BI Rate 11,25% BI Rate 10,75% BI Rate 10,25% BI Rate 9,75% IHSG(1.805,52) Kebijakan BOT mengenai arus modal asing - Tingginya harga minyak dunia - Konflik Timur Tengah - Fed Fund rate pause pada 5,25% - GDP Indonesia Tw II-2006 lebih tinggi dari perkiraan - Koreksi bursa dunia dan regional - Depresiasi Rupiah thd dolar AS menjadi level 9300/USD - suku bunga Fed Fund Rate naik 25 bps (5,25%) - Meski Moody's memperbaiki peringkat utang Indonesia - Apresiasi rupiah (level 8725/USD) - masuknya Indonesia dalam investmen list CalPERS.",https://www.bi.go.id/id/publikasi/laporan/Pages/lpi_2006.aspx
2006,23,decision,270,"4 Pasar SUN masih didominasi oleh seri fixed rate Bab 6: Perkembangan Moneter Grafik 6.11 BI Rate dan Yield SUN Grafik 6.12 BI Rate dan NAB reksadana Persen Sumber: Bloomberg, diolah Persen Jul Ags Sep Okt Nov Des Jan Feb Mar Apr Mei Jun Jul Ags Sep Okt Nov Des FR025 (5-7 th) BI Rate (RHS) FR020 (>7 th) FR2 (<5 th) Triliun, Rp Persen 2003 2004 2005 2006 SBI 1 Bulan/BI Rate (aksis kanan)NAB Feb Apr Jun Ags Okt Des Feb Apr Jun Ags Okt Des Feb Apr Jun Ags Okt Des Feb Apr Jun Ags Okt Des 5 Data Statistik Desember IV Bapepam 6T ermasuk Penawaran Umum Obligasi (IPO), Obligasi II, III dan selanjutnya, Obligasi Subordinasi, Syariah, Obligasi dolar AS dari 15 perusahaan keuangan berbasis pendapatan menjadi lebih menarik. Kondisi ini mendorong peningkatan volume transaksi SUN dan turunnya yield. Selama 2006, rata-rata tahunan yield SUN menurun 3,08% dibanding tahun sebelumnya. Yield jangka pendek (FR2) turun 3,98%, jangka menengah (FR25) turun 3,77%, sementara jangka panjang (FR20) turun 3,55% (Grafik 6.11). Kepercayaan investor reksadana mulai pulih seiringKepercayaan investor reksadana mulai pulih seiringKepercayaan investor reksadana mulai pulih seiringKepercayaan investor reksadana mulai pulih seiringKepercayaan investor reksadana mulai pulih seiring dengan kondisi pasar obligasi dan saham yang dengan kondisi pasar obligasi dan saham yang dengan kondisi pasar obligasi dan saham yang dengan kondisi pasar obligasi dan saham yang dengan kondisi pasar obligasi dan saham yang bullishbullishbullishbullishbullish,,,,, akibat oleh penurunan BI Rate dan terjaganya kestabilanakibat oleh penurunan BI Rate dan terjaganya kestabilanakibat oleh penurunan BI Rate dan terjaganya kestabilanakibat oleh penurunan BI Rate dan terjaganya kestabilanakibat oleh penurunan BI Rate dan terjaganya kestabilan makroekonomi.makroekonomi.makroekonomi.makroekonomi.makroekonomi.",https://www.bi.go.id/id/publikasi/laporan/Pages/lpi_2006.aspx
2006,24,monetary_policy,185,"Nilai Aktiva Bersih (NAB) reksadana mencapai Rp50,9 triliun atau meningkat 59,1% dibanding tahun sebelumnya. Kontribusi terbesar berasal dari reksadana pendapatan tetap dan terproteksi (Grafik 6.12). Selama 2006, jumlah reksadana pun masih terus mengalami pertumbuhan dari 327 reksadana pada akhir Desember 2005 menjadi 399 reksadana pada akhir Desember 2006 atau meningkat 22,0%. Pertumbuhan produk yang relatif baru seperti reksadana terproteksi dan reksadana indeks diyakini turut berkontribusi pada pertumbuhan pasar reksadana sepanjang 2006. Perkembangan suku bunga yang cukup tinggi padaPerkembangan suku bunga yang cukup tinggi padaPerkembangan suku bunga yang cukup tinggi padaPerkembangan suku bunga yang cukup tinggi padaPerkembangan suku bunga yang cukup tinggi pada paro pertama 2006 dan pasar saham yang paro pertama 2006 dan pasar saham yang paro pertama 2006 dan pasar saham yang paro pertama 2006 dan pasar saham yang paro pertama 2006 dan pasar saham yang bullishbullishbullishbullishbullish mendorong dunia usaha mencari alternatif pembiayaanmendorong dunia usaha mencari alternatif pembiayaanmendorong dunia usaha mencari alternatif pembiayaanmendorong dunia usaha mencari alternatif pembiayaanmendorong dunia usaha mencari alternatif pembiayaan melalui pasar saham dan obligasi.melalui pasar saham dan obligasi.melalui pasar saham dan obligasi.melalui pasar saham dan obligasi.melalui pasar saham dan obligasi.",https://www.bi.go.id/id/publikasi/laporan/Pages/lpi_2006.aspx
2006,25,monetary_policy,103,"Tercatat 12 perusahaan melakukan saham perdana (IPO) dan 17 perusahaan melakukan penerbitan saham baru selama 2006, dengan total emisi Rp12,9 triliun5Ω. Pada obligasi korporasi terjadi peningkatan emisi seiring dengan penurunan suku bunga. Total emisi obligasi korporasi selama 2006 mencapai Rp11,5 triliun6Ω atau meningkat sebesar 33,6% dibanding tahun sebelumnya. Respon Sektor Riil Penurunan BI Rate mendorong perbaikan ekspektasiPenurunan BI Rate mendorong perbaikan ekspektasiPenurunan BI Rate mendorong perbaikan ekspektasiPenurunan BI Rate mendorong perbaikan ekspektasiPenurunan BI Rate mendorong perbaikan ekspektasi inflasi pelaku ekonomi.inflasi pelaku ekonomi.inflasi pelaku ekonomi.inflasi pelaku ekonomi.inflasi pelaku ekonomi. Ekspektasi inflasi pedagang 6 bulan ke depan tampak bergerak searah dengan BI Rate (Grafik 6.13).",https://www.bi.go.id/id/publikasi/laporan/Pages/lpi_2006.aspx
2006,26,monetary_policy,172,"Demikian pula, indikator Consencus Forecast mengenai perkiraan inflasi oleh kalangan analis pasar Grafik 6.13 Ekspektasi Inflasi dan BI Rate -3 -2 -1 2002 2003 2004 2005 2006 BI Rate Ekspektasi Inflasi Pedagang 6 bulan ke depan Korelasi = 0,58 Persen Bab 6: Perkembangan Moneter keuangan yang cenderung bergerak mengikuti proyeksi inflasi yang disampaikan Bank Indonesia (Grafik 6.14). Perkembangan tersebut mencerminkan perbaikan dalam kredibilitas kebijakan moneter Bank Indonesia sehingga membentuk self fulfilling prophecy pelaku ekonomi di sektor riil dan analis pasar keuangan terhadap penurunan tekanan inflasi ke depan. Penurunan BI Rate juga direspon positif oleh duniaPenurunan BI Rate juga direspon positif oleh duniaPenurunan BI Rate juga direspon positif oleh duniaPenurunan BI Rate juga direspon positif oleh duniaPenurunan BI Rate juga direspon positif oleh dunia usaha. usaha. usaha. usaha. usaha. Hasil survei Jetro mengindikasikan adanya peningkatan optimisme pengusaha Jepang di Indonesia terutama menjelang akhir 2006, baik untuk kelompok manufaktur maupun nonmanufaktur (Grafik 6.15). Sementara itu, Indeks Tendensi Bisnis menunjukkan adanya indikasi peningkatan permintaan (pesanan) barang baik dari dalam negeri maupun luar negeri (Grafik 6.16).",https://www.bi.go.id/id/publikasi/laporan/Pages/lpi_2006.aspx
2006,27,monetary_policy,156,"Respon sektor riil terhadap kebijakan moneterRespon sektor riil terhadap kebijakan moneterRespon sektor riil terhadap kebijakan moneterRespon sektor riil terhadap kebijakan moneterRespon sektor riil terhadap kebijakan moneter belum sepenuhnya optimal sehingga berpengaruhbelum sepenuhnya optimal sehingga berpengaruhbelum sepenuhnya optimal sehingga berpengaruhbelum sepenuhnya optimal sehingga berpengaruhbelum sepenuhnya optimal sehingga berpengaruh pada efektivitas transmisi kebijakan moneter.pada efektivitas transmisi kebijakan moneter.pada efektivitas transmisi kebijakan moneter.pada efektivitas transmisi kebijakan moneter.pada efektivitas transmisi kebijakan moneter. Kebijakan moneter cukup kuat ditransmisikan ke pasar keuangan, namun lemah pada indikator sektor riil seperti inflasi dan pertumbuhan ekonomi. Hal ini antara lain akibat adanya efek tunda bagi kebijakan moneter dalam mempengaruhi sektor riil. Jalur transmisi kebijakan moneter yang pada saat ini dipandang cukup efektif dalam mentransmisikan stance kebijakan moneter ke sektor riil adalah jalur suku bunga dan jalur ekspektasi. Agar kebijakan moneter semakin efektif dalam mempengaruhi sektor riil, diperlukan konsistensi dan kredibilitas kebijakan, sehingga pada gilirannya kebijakan tersebut digunakan sebagai acuan oleh pelaku ekonomi dalam pengambilan keputusan.",https://www.bi.go.id/id/publikasi/laporan/Pages/lpi_2006.aspx
2006,28,money_supply,467,"PERKEMBANGAN LIKUIDITAS Perkembangan Base Money dan Ekses Likuiditas Perbankan Selama 2006 Selama 2006 Selama 2006 Selama 2006 Selama 2006 base money base money base money base money base money meningkat cukup tinggi.meningkat cukup tinggi.meningkat cukup tinggi.meningkat cukup tinggi.meningkat cukup tinggi. Kenaikan permintaan terhadap base money bersumber dari uang kartal dan giro bank umum pada Bank Indonesia. Naiknya uang kartal pada 2006 dipengaruhi oleh Grafik 6.14 Proyeksi IHK 2006: BI vs Consensus Forecast Persen Periode Penyampaian Proyeksi Persen Maret 05 Juni 05 Sept 05 Des 05 Maret 06 Juni 06 Sept 06 Des 06 Consensus Forecast Bank Indonesia Grafik 6.15 Sentimen Bisnis Grafik 6.16 Indeks Tendensi Bisnis 7 Sumber : Badan Pusat statistik (BPS) IndeksPersen 2004 2005 2006 BI Rate (aksis kiri) Indeks Tendensi Bisnis II I III IV I II III IV I II III IV -60 -50 -40 -30 -20 -10 Total Industri Pengolahan Nonindustri Pengolahan BI Rate (aksis kanan) PersenIndeks Jan Feb Mar Apr Mei Jun Jul Ags Sep Okt Nov Des Jan Feb Mar Apr Mei Jun Jul Ags Sep Okt Nov Des 2005 2006 Sumber : Jetro Sumber (Indeks Tendensi Bisnis) : BPS Bab 6: Perkembangan Moneter Tabel 6.3 Perkembangan Uang Primer PermintaanPermintaanPermintaanPermintaanPermintaan Perubahan Uang PrimerPerubahan Uang PrimerPerubahan Uang PrimerPerubahan Uang PrimerPerubahan Uang Primer 40,4 -6,0 13,9 10,1 39,3 57,3 o/w Uang Kartal 15,1 -11,7 11,1 6,2 20,9 26,6 GWM 28,7 8,1 3,2 2,2 6,1 19,6 PenawaranPenawaranPenawaranPenawaranPenawaran 99,9 1,6 31,8 21,8 92,2 147,4 Perubahan, NCG Rupiah di BI ( + ekspansi) 72,1 -6,9 22,6 16,7 82,7 115,1 Lainnya (residual) 27,8 8,5 9,2 5,1 9,5 32,3 o/w Biaya Operasi Moneter 10,3 4,4 5,3 5,5 5,5 20,6 Ekspansi (+)/Kontraksi (-) LikuiditasEkspansi (+)/Kontraksi (-) LikuiditasEkspansi (+)/Kontraksi (-) LikuiditasEkspansi (+)/Kontraksi (-) LikuiditasEkspansi (+)/Kontraksi (-) Likuiditas 59,5 7,6 17,9 11,7 52,9 90,1 Pilihan KebijakanPilihan KebijakanPilihan KebijakanPilihan KebijakanPilihan Kebijakan -59,5 -7,6 -17,9 -11,7 -52,9 -90,1 Intervensi valas ( - kontraksi) -82,6 13,8 13,7 3,2 0,0 30,7 ekuivalen juta $ -8.509 1.503,5 1.561,5 332.5 0.0 3.397,5 Perubahan OPT ( - kontraksi ) 23,2 -21,4 -31,6 -14,9 -52,9 -120,8 Posisi OPT akhir periodePosisi OPT akhir periodePosisi OPT akhir periodePosisi OPT akhir periodePosisi OPT akhir periode11111 -121,3 -142,6 -174,3 -189,1 -242,0 Memo Items Posisi Uang Primer (eop, GWM 5-8%+LDR) 239,8 233,9 247,7 257,8 297,1 End of PeriodEnd of PeriodEnd of PeriodEnd of PeriodEnd of Period 20052005200520052005 TW-1TW-1TW-1TW-1TW-1 TW-2TW-2TW-2TW-2TW-2 TW-3TW-3TW-3TW-3TW-3 TW-4TW-4TW-4TW-4TW-4 20062006200620062006 Triliun Rp meningkatnya permintaan sejalan dengan faktor musiman seperti libur sekolah, bulan puasa, serta Natal dan Tahun Baru. Di samping itu, tingginya kenaikan uang kartal juga terkait dengan diimplementasikannya kebijakan pembatasan kualitas uang yang dapat disetorkan kembali ke Bank Indonesia. Sementara itu, kenaikan giro bank umum di Bank Indonesia sebagian besar bersumber dari simpanan/giro bank guna pemenuhan ketentuan GWM, seiring dengan dikaitkannya besarnya GWM yang harus disetor ke Bank Indonesia dengan jumlah DPK dan Loan to Deposit Ratio (LDR) (Tabel 6.4).",https://www.bi.go.id/id/publikasi/laporan/Pages/lpi_2006.aspx
2006,29,money_supply,116,"Penawaran likuiditas terutama berasal dari aktivitasPenawaran likuiditas terutama berasal dari aktivitasPenawaran likuiditas terutama berasal dari aktivitasPenawaran likuiditas terutama berasal dari aktivitasPenawaran likuiditas terutama berasal dari aktivitas Pemerintah dan Bank IndonesiaPemerintah dan Bank IndonesiaPemerintah dan Bank IndonesiaPemerintah dan Bank IndonesiaPemerintah dan Bank Indonesia. Upaya Pemerintah selama 2006 untuk memberikan stimulus perekonomian yang lebih besar dibandingkan tahun sebelumnya, tercermin dari meningkatnya ekspansi rupiah bersih dari operasi Pemerintah. Ekspansi rupiah bersih Pemerintah selama 2006 mencapai Rp115,1 triliun, meningkat sebesar Rp42,0 triliun dibandingkan tahun sebelumnya. Ekspansi tersebut terutama dalam bentuk peningkatan gaji PNS, dana perimbangan daerah, bantuan langsung tunai (BLT) dan berbagai subsidi. Sementara itu, aktivitas Bank Indonesia dalam menambah likuiditas bersumber dari biaya pengelolaan moneter dan intervensi valuta asing.",https://www.bi.go.id/id/publikasi/laporan/Pages/lpi_2006.aspx
2006,30,money_supply,154,"Pada akhir 2006, seluruh kenaikan penawaran likuiditas tersebut masih melebihi kenaikan permintaan. Karena itu, dalam upaya menyeimbangkan kondisi permintaan dan penawaran likuiditas Bank Indonesia melakukan penyerapan likuiditas melalui OPT (Tabel 6.3). Dengan kelebihan likuiditas di pasar uang yangDengan kelebihan likuiditas di pasar uang yangDengan kelebihan likuiditas di pasar uang yangDengan kelebihan likuiditas di pasar uang yangDengan kelebihan likuiditas di pasar uang yang diserap melalui OPT, ekses likuiditasdiserap melalui OPT, ekses likuiditasdiserap melalui OPT, ekses likuiditasdiserap melalui OPT, ekses likuiditasdiserap melalui OPT, ekses likuiditas 88888Ω menjadi jauh lebihmenjadi jauh lebihmenjadi jauh lebihmenjadi jauh lebihmenjadi jauh lebih tinggi dari realisasi 2005.tinggi dari realisasi 2005.tinggi dari realisasi 2005.tinggi dari realisasi 2005.tinggi dari realisasi 2005. Peningkatan ekses likuiditas merupakan cerminan dari kondisi perekonomian domestik yang terkendala faktor struktural di sektor riil, sehingga berpengaruh pula terhadap kinerja intermediasi perbankan (Grafik 6.17). Disamping itu, masih terdapatnya kendala kelembagaan di daerah mendorong belum optimalnya pemanfaatan belanja daerah untuk memberikan stimulus ekonomi.",https://www.bi.go.id/id/publikasi/laporan/Pages/lpi_2006.aspx
2006,31,money_supply,184,"Hal tersebut tercermin pada meningkatnya penempatan dana milik Pemerintah Daerah di sektor perbankan, yang kemudian ditanamkan kembali oleh perbankan pada instrumen moneter Bank Indonesia. 1 termasuk SUN 8 dihitung dari rasio antara jumlah kelebihan cash in vault, excess reserve dan OPT (tanpa SUN) dengan DPK perbankan Bab 6: Perkembangan Moneter Likuiditas Perekonomian Kondisi likuiditas dalam perekonomian, terutamaKondisi likuiditas dalam perekonomian, terutamaKondisi likuiditas dalam perekonomian, terutamaKondisi likuiditas dalam perekonomian, terutamaKondisi likuiditas dalam perekonomian, terutama M1, secara riil tumbuh cukup tinggi sepanjang tahun,M1, secara riil tumbuh cukup tinggi sepanjang tahun,M1, secara riil tumbuh cukup tinggi sepanjang tahun,M1, secara riil tumbuh cukup tinggi sepanjang tahun,M1, secara riil tumbuh cukup tinggi sepanjang tahun, sementara M2 riil kembali positif pada triwulan IV-2006.sementara M2 riil kembali positif pada triwulan IV-2006.sementara M2 riil kembali positif pada triwulan IV-2006.sementara M2 riil kembali positif pada triwulan IV-2006.sementara M2 riil kembali positif pada triwulan IV-2006. Secara nominal, laju pertumbuhan tahunan M1 dan M2 mengalami akselerasi. M1 tumbuh mencapai 28,1%, jauh lebih tinggi dibanding pertumbuhan pada 2005 (11,1%). Sementara itu, M2 tumbuh mencapai 14,9%, sedikit lebih rendah dibandingkan tahun sebelumnya yang mencapai 16,4% (Grafik 6.18).",https://www.bi.go.id/id/publikasi/laporan/Pages/lpi_2006.aspx
2006,32,credit,133,"Dengan pertumbuhan demikian, secara riil9Ω pertumbuhan M1 terus mengalami akselerasi, jauh melampaui rata-rata posisinya selama dua tahun terakhir. Sementara M2 riil baru sejak Oktober kembali tumbuh positif (Grafik 6.19). Meskipun porsinya menurun, deposito masihMeskipun porsinya menurun, deposito masihMeskipun porsinya menurun, deposito masihMeskipun porsinya menurun, deposito masihMeskipun porsinya menurun, deposito masih menjadi komponen terbesar dari M2.menjadi komponen terbesar dari M2.menjadi komponen terbesar dari M2.menjadi komponen terbesar dari M2.menjadi komponen terbesar dari M2. Berdasarkan komponen pembentuknya, kenaikan pertumbuhan M2 didukung oleh meningkatnya pertumbuhan tabungan, sementara deposito mulai tumbuh stabil setelah cenderung menurun sejak awal 2006. Sementara itu, berlebihnya kondisi likuiditas di pasar uang di tengah belum cukup tingginya akselerasi penyaluran kredit tercermin pada masih rendah serta cenderung melambatnya penciptaan uang ( money multiplier ) M1 dan M2 dibandingkan perkembangan dalam dua tahun terakhir (Grafik 6.20).",https://www.bi.go.id/id/publikasi/laporan/Pages/lpi_2006.aspx
2006,33,money_supply,109,"Belum optimalnya pemanfaatan likuiditas perekonomian juga tampak pada velositas (perputaran) M2 yang masih cenderung meningkat. Meskipun demikian, perlu dicermati perkembangan velositas M1 yang menyimpang dari perkembangan 2005, sebagai indikasi adanya potensi ekses M1 dalam perekonomian (Grafik 6.21). Hal ini dapat menjadi indikator sederhana dari potensi akan naiknya tekanan inflasi ke depan (Grafik 6.22). Peningkatan uang giral terjadi sejalan denganPeningkatan uang giral terjadi sejalan denganPeningkatan uang giral terjadi sejalan denganPeningkatan uang giral terjadi sejalan denganPeningkatan uang giral terjadi sejalan dengan peningkatan alokasi dana perimbangan.peningkatan alokasi dana perimbangan.peningkatan alokasi dana perimbangan.peningkatan alokasi dana perimbangan.peningkatan alokasi dana perimbangan. Pertumbuhan uang giral masih didominasi dana yang dimiliki Pemda, lembaga Pemerintah, BUMN dan BUMD.",https://www.bi.go.id/id/publikasi/laporan/Pages/lpi_2006.aspx
2006,34,money_supply,341,"Uang giral milik Badan Usaha Milik Swasta (BUMS) dan perorangan baru mengalami akselerasi pertumbuhan sejak pertengahan 2006 dan meningkat cukup 9 diperhitungkan dengan inflasi IHK Grafik 6.17 Perkembangan Stok Ekses Likuiditas Persen 13579 1 1 13579 1 1 13579 1 1 13579 1 1 2003 2004 2005 2006 G W M Grafik 6.18 Pertumbuhan M0, M1 dan M2 Nominal 79 1 1 13579 11 1 3 579 1 1 2005 2006 Nominal M1 M2 M0 (aksis kanan) Persen (yoy) Persen (yoy) Grafik 6.19 Pertumbuhan Uang Kartal, M1 dan M2 Riil Persen (yoy) (12) (9) (6) (3) 2000 2001 2002 2003 2004 2005 2006 M1 Riil Currency Riil M2 Riil Bab 6: Perkembangan Moneter Grafik 6.20 Perkembangan Angka Pengganda Uang Grafik 6.21 Velositas M1 dan M2 Grafik 6.22 M1 Nominal dan Inflasi M1/M0M2/M0 1,0 1,5 2,0 2,5 3,0 3,5 4,0 4,5 5,0 5,5 6,0 6,5 7,0 7,5 2002 2003 2004 2005 2006 1,00 1,05 1,10 1,15 1,20 1,25 1,30 1,35 1,40 1,45 1,50 1,55 1,60 1,65 1,70 1,75 13579 1 1 135 79 1 1 13579 1 1 13579 1 1 13579 1 1 MM2 (M2/M0) MM1 (M1/M0) 8,0 8,5 9,0 9,5 10,0 10,5 11,0 1,5 1,6 1,7 1,8 1,9 2,0 2,1 2,2 2,3 2,4 2,5 2,6 2000 2001 2002 2003 2004 2005 2006 123412341234123412341234123 4 * Vel-M1 Vel-M2 (aksis kanan) Persen (yoy) 2000 2001 2002 2003 2004 2005 2006 2007 2008 (10) (5) 135791 135791135791135791135791135791135791135791135 -4 -2 M1 Inflasi (aksis kanan) M1 (MA 6) Persen (yoy) signifikan pada akhir 2006. Perkembangan tersebut sejalan dengan perkembangan kredit khususnya kredit modal kerja -umumnya dicairkan melalui rekening giro- yang sejak September 2006 pertumbuhannya terus meningkat. SSSSSelama 2006 uang beredar mengalamielama 2006 uang beredar mengalamielama 2006 uang beredar mengalamielama 2006 uang beredar mengalamielama 2006 uang beredar mengalami peningkatan yang cukup tinggi. peningkatan yang cukup tinggi. peningkatan yang cukup tinggi. peningkatan yang cukup tinggi. peningkatan yang cukup tinggi. Pada akhir Desember 2006, M2 tercatat mencapai Rp1.382,0 triliun atau meningkat Rp178,9 triliun dari akhir tahun sebelumnya. Kenaikan tersebut terutama berasal dari meningkatnya uang kuasi (tabungan dan deposito).",https://www.bi.go.id/id/publikasi/laporan/Pages/lpi_2006.aspx
2006,35,credit,108,"Sementara itu berdasarkan faktor-faktor yang mempengaruhinya, kenaikan M2 pada periode tersebut disumbang oleh kenaikan kredit kepada dunia usaha dan rumah tangga. Berlanjutnya peningkatan penyaluran kredit tersebut terjadi baik dalam kredit rupiah maupun valuta asing. Sementara itu, transaksi dengan Pemerintah ( net claims on government ) mencerminkan tingginya implikasi moneter dari kebijakan fiskal. Adapun perkembangan aktiva luar negeri bersih ( net foreign assets ) yang mengalami akselerasi signifikan antara lain didorong oleh meningkatnya aktiva luar negeri dalam bentuk penempatan call money di pasar uang luar negeri, yang mencerminkan meningkatnya aliran modal masuk ke perbankan dalam negeri. Disamping itu, kewajiban luar negeri mengalami penurunan pascapercepatan pelunasan utang kepada IMF .",https://www.bi.go.id/id/publikasi/laporan/Pages/lpi_2006.aspx
2006,36,monetary_policy,106,"Bab 6: Perkembangan Moneter Sinyal kebijakan moneter Bank Indonesia sejak penggunaan BI Rate -awal Juli 2005- telah semakin jelas, kuat dan digunakan pelaku usaha dalam pengambilan keputusan bisnisnya. Publik semakin mudah dalam melihat, memahami dan menginterpretasikan stance kebijakan Bank Indonesia berdasarkan arah perkembangan dan level BI Rate. Hal ini merupakan hasil berbagai upaya perbaikan dan penyempurnaan yang telah dilakukan, baik dalam strategi perumusan dan pengambilan keputusan kebijakan moneter serta perbaikan operasi moneter. Kondisi ini juga sangat didukung oleh intensitas dan perbaikan komunikasi serta transparansi dalam kebijakan moneter. BI Rate saat ini telah ditransmisikan melalui berbagai jalur transmisi ke sektor riil meskipun dengan besaran yang sangat bervariasi.",https://www.bi.go.id/id/publikasi/laporan/Pages/lpi_2006.aspx
2006,37,monetary_policy,154,"Struktur perekonomian yang menjadi lebih kaku (rigid) paska krisis ekonomi dan berbagai permasalahan yang masih melingkupi sektor-sektor ekonomi, mengakibatkan upaya mengoptimalkan transmisi kebijakan moneter tetap menjadi hal krusial. Sehingga upaya meningkatkan efisiensi kestabilan sistem keuangan, khususnya pasar uang, merupakan syarat perlu (necessary conditions) sebagai katalisator transmisi kebijakan moneter ke sektor riil. Berbagai literatur menunjukkan bahwa pasar uang antar bank yang berfungsi dengan baik dan efisien merupakan prasyarat bagi efektivitas mekanisme transmisi kebijakan moneter guna mempengaruhi pembentukan struktur suku bunga jangka yang lebih panjang dan relevan bagi kegiatan Penguatan Kerangka Operasional Kebijakan Moneter di Era BI RateBoks ekonomi di sektor riil. Suku bunga yang terbentuk di pasar uang ini mencerminkan cost of refinancing dari berbagai jenis investasi jangka panjang yang ditanamkan institusi keuangan/perbankan. Terlebih dalam kondisi perbankan yang secara natural mengalami maturity mismatch antara sisi aset dan kewajiban, maka pasar uang menjadi media utama perbankan dalam memenuhi kebutuhan likuiditas untuk operasional harian yang berjangka pendek.",https://www.bi.go.id/id/publikasi/laporan/Pages/lpi_2006.aspx
2006,38,monetary_policy,124,"Sesuai dengan argumen di atas, prinsip dasar operasional bank sentral di beberapa negara semakin difokuskan pada upaya mempengaruhi suku bunga pasar uang jangka pendek. Hal ini sejalan dengan semakin kompleks dan terintegrasinya transaksi pasar keuangan, baik lokal maupun global, yang pada gilirannya mengurangi kemampuan bank sentral untuk langsung mempengaruhi suku bunga jangka panjang dan perekonomian. Berangkat dari argumen tersebut maka berbagai negara di era 1990-an mulai menerapkan kebijakan moneter berbasis suku bunga dengan memperkenalkan monetary policy rate . Hal ini dipelopori oleh The Fed, Bank of Canada, Reserve Bank of Australia, dan diikuti beberapa negara di Asia, seperti Bank of Thailand, Bank of Korea, dan Bank Negara Malaysia. Dalam kegiatan operasionalnya, bank sentral melakukan pengelolaan likuiditas sedemikian rupa guna mempengaruhi suku bunga jangka pendek.",https://www.bi.go.id/id/publikasi/laporan/Pages/lpi_2006.aspx
2006,39,monetary_policy,181,"Hal ini dimungkinkan mengingat bank sentral adalah pemasok tunggal likuiditas di pasar uang, sehingga berdasarkan proyeksi likuiditas bank sentral dapat seketika mempengaruhi suku bunga Bab 6: Perkembangan Moneter pasar uang jangka pendek melalui kegiatan operasi pasar terbuka. Bahkan, konsistensi dan transparansi pendekatan bank sentral dalam mengatur dan menjaga kecukupan likuditas harian di pasar uang tersebut pada akhirnya merupakan kunci kredibilitas bank sentral dalam menjaga stabilitas suku bunga jangka pendek, sehingga peran liquidity effect dalam mempengaruhi pembentukan suku bunga di pasar uang menjadi semakin minimal. Dengan demikian, langkah bank sentral dalam mengimplementasikan kebijakan moneter yang diputuskan menjadi semakin efisien dan efektif serta dapat meminimalkan tindakan spekulatif akibat persepsi yang tidak seragam atas langkah bank sentral terkait dengan kegiatan pengelolaan likuiditas. Dalam konteks Indonesia, upaya mempengaruhi level dan stabilitas suku bunga pasar uang jangka pendek menjadi penting guna meningkatkan efisiensi pasar uang, serta menghilangkan sinyal suku bunga yang tidak konsisten atau conflicting signal, sehingga pada gilirannya mengoptimalkan transmisi kebijakan moneter. Berbagai penelitian juga mengindikasikan bahwa ketidakstabilan di pasar uang rupiah jangka pendek berpengaruh terhadap stabilitas pasar uang jangka lebih panjang dan nilai tukar.",https://www.bi.go.id/id/publikasi/laporan/Pages/lpi_2006.aspx
2006,40,monetary_policy,147,"Sementara itu, perbankan yang mengalami persistensi ekses likuiditas tidak mengurangi peran bank sentral sebagai pemasok tunggal likuiditas, sepanjang bank sentral mampu menciptakan kondisi artificial ketergantungan terhadap likuiditas melalui pengkayaan berbagai instrumen yang ada. Terkait dengan hal tersebut, Bank Indonesia terus berupaya melakukan berbagai pengembangan riset, analisis, yang pada gilirannya dapat menghasilkan kebijakan yang mampu meningkatkan efisiensi dan efektivitas kebijakan moneter. Terkait dengan implementasi Inflation Targeting Framework (ITF), kebijakan terutama akan difokuskan pada penguatan kerangka operasional kebijakan moneter, khususnya revitalisasi peran masing-masing instrumen moneter yang telah dimiliki dan penyesuaian infrastruktur pendukung kegiatan operasi pasar terbuka. Berbagai kebijakan tersebut tetap akan bergerak dalam koridor kebijakan umum yang telah disampaikan melalui pidato Gubernur Bank Indonesia di hadapan forum perbankan awal 2007. Bab 6: Perkembangan Moneter Tulisan ini merupakan kompilasi berbagai hasil penelitian Bank Indonesia (BI) terkini, baik yang terkait langsung maupun tidak dengan pengujian efektivitas transmisi kebijakan moneter 2 .",https://www.bi.go.id/id/publikasi/laporan/Pages/lpi_2006.aspx
2006,41,monetary_policy,131,"Kompilasi dilakukan untuk melihat efektivitas transmisi kebijakan melalui jalur suku bunga, kredit, harga aset, nilai tukar, dan ekspektasi, dan dilakukan secara kualitatif mengingat berbagai hasil penelitian dilakukan secara parsial dan bukan dalam satu sistem estimasi. Transmisi Kebijakan Moneter ke Pasar Keuangan Hasil pemetaan mengindikasikan kebijakan moneter berpengaruh terhadap perkembangan pasar keuangan. Jalur suku bunga dan harga asetsuku bunga dan harga asetsuku bunga dan harga asetsuku bunga dan harga asetsuku bunga dan harga aset terlihat cukup kuat merespon perubahan sinyal kebijakan moneter, yang tercermin melalui BI Rate. Pada jalur suku bunga, secara umum transmisi kebijakan moneter telah cukup kuat dan masih dapat lebih dioptimalkan, terutama pada suku bunga PUAB. Meskipun suku bunga PUAB bergerak searah dengan BI Rate, namun perlu dicermati karena dibentuk dari spread yang lebar dan dibarengi volatilitas yang tinggi.",https://www.bi.go.id/id/publikasi/laporan/Pages/lpi_2006.aspx
2006,42,monetary_policy,166,"Sementara itu, hasil pengujian menunjukkan respon Transmisi Kebijakan Moneter: Kompilasi Studi Terkini1Boks Skema 1. Transmisi Kebijakan Moneter 1 Sebagian referensi penelitian yang digunakan telah dipublikasikan oleh Direktorat Riset Ekonomi dan Kebijakan Moneter (DKM). 2 Diharapkan dapat menjadi pelengkap dari penelitian yang lebih komprehensif mengenai transmisi kebijakan moneter oleh Warjiyo dan Agung (2002). SBI FASBI RR Sterilisasi NT Likuiditas Pasar Uang Indikator : Suku Bunga PUAB Suku Bunga Kredit Harga Aset Nilai Tukar Neraca Perusahaan Ekspektasi Penawaran Domestik Permintaan Domestik Indikator : M1, M2 Kredit Bank Realisasi Kredit Indikator : SukuBunga Deposito Suku Bunga Kredit IHSG Indeks Harga Aset Nilai Tukar Rp Utang Perusahaan Aliran Kas Perusahaan Survei Output Gap Tekanan Inflasi Domestik Tekanan Inflasi Asing Indikator : Indeks Harga Barang Impor Indikator : Survei Policy Severity Informasi Inflasi Indikator : IHK Inti Harga Aset Harga BI Rate Bab 6: Perkembangan Moneter suku bunga deposito perbankan terhadap perubahan BI Rate cukup kuat. Respon tersebut bahkan lebih kuat dari periode penurunan suku bunga SBI pada 2000- 2004 (DKM-2006).",https://www.bi.go.id/id/publikasi/laporan/Pages/lpi_2006.aspx
2006,43,monetary_policy,127,"Sementara itu, transmisi kebijakan moneter melalui jalur nilai tukarjalur nilai tukarjalur nilai tukarjalur nilai tukarjalur nilai tukar masih belum optimal akibat kuatnya peran ekspektasi pelaku pasar terhadap kondisi makroekonomi ke depan. Sejalan dengan beberapa temuan BI, seperti BKM(2006), Husman (2006) dan Sahminan (2006), kondisi ini mengakibatkan elastisitas perbedaan suku bunga domestik dan luar negeri terhadap nilai tukar relatif kecil. Indikasi transmisi yang kurang kuat juga terdapat di jalur kreditjalur kreditjalur kreditjalur kreditjalur kredit, yang antara lain dipengaruhi oleh perilaku credit rationing perbankan (Armanto, 2005 dan Mochtar serta Nugroho, 2006). Adapun respon suku bunga kredit sedikit lebih rendah dibandingkan respon suku bunga deposito. Hal ini juga sejalan dengan temuan estimasi suku bunga natural (NRI) yang menunjukkan spread NRI deposito dan NRI kredit semakin melebar (Nugroho dan Mochtar, 2006).",https://www.bi.go.id/id/publikasi/laporan/Pages/lpi_2006.aspx
2006,44,monetary_policy,106,"Transmisi Kebijakan Moneter ke PDB Respon pasar keuangan yang cukup kuat di pasar keuangan belum cukup optimal ditransmisikan ke PDB. Hanya jalur suku bunga dan ekspektasi yang cukup kuat merespon sinyal kebijakan moneter. Cukup besarnya pengaruh jalur suku bungajalur suku bungajalur suku bungajalur suku bungajalur suku bunga dalam transmisi kebijakan moneter ke PDB ini memperkuat beberapa argumen tentang keberadaan jalur suku bunga, meski belum optimal. Riset BI menunjukkan bahwa perubahan suku bunga akan berpengaruh terhadap pertumbuhan ekonomi (Husman, 2006, Astiyah dan Husman, 2005, Kusmiarso, et.al, 2002, Warjiyo, 1997, dan Sarwono, 1996). Namun demikian, pengaruh jalur suku bunga terhadap PDB ini tidak merata di seluruh sektor perekonomian.",https://www.bi.go.id/id/publikasi/laporan/Pages/lpi_2006.aspx
2006,45,growth,106,"Suku bunga terindikasi hanya signifikan berpengaruh kepada sekitar 60% dari total PDB (Mochtar dan Wibowo, 2006). Sektor pertanian, pertambangan dan listrik kurang kuat merespon perubahan suku bunga, akibat kuatnya peran penggunaan dana non-kredit perbankan. Jalur ekspektasiJalur ekspektasiJalur ekspektasiJalur ekspektasiJalur ekspektasi juga terindikasi mempengaruhi pertumbuhan ekonomi, tercermin dari pergerakan searah antara beberapa hasil survei keyakinan konsumen dan pertumbuhan ekonomi. Hasil estimasi juga menunjukkan korelasi antara ekspektasi konsumen untuk kondisi perekonomian 6 bulan ke depan dan pertumbuhan ekonomi cukup besar, yaitu mencapai 0,6. Berdasarkan komponen PDB sisi penggunaan, kuatnya pengaruh ekspektasi perbaikan ekonomi ke depan akan mempengaruhi perilaku sektor riil baik di sisi konsumsi maupun investasi secara signifikan.",https://www.bi.go.id/id/publikasi/laporan/Pages/lpi_2006.aspx
2006,46,exchange_rate,99,"Efektivitas jalur lainnya berkurang pada saat memasuki ruang lingkup kegiatan ekonomi di sektor riil. Jalur kreditJalur kreditJalur kreditJalur kreditJalur kredit melemah sejalan dengan perilaku credit rationing perbankan. Jalur nilai tukarJalur nilai tukarJalur nilai tukarJalur nilai tukarJalur nilai tukar juga tidak terlalu kuat meskipun apresiasi rupiah akan meningkatkan pertumbuhan ekonomi. Jalur harga asetJalur harga asetJalur harga asetJalur harga asetJalur harga aset, melalui harga saham, diindikasi mulai berpengaruh, meskipun belum cukup kuat akibat masih kecilnya portofolio aset rumah tangga dalam bentuk saham (Astiyah dan Husman, 2005 dan Idris et.al, 2002). Sedangkan jalur harga aset melalui harga aset non-finansial juga belum kuat.",https://www.bi.go.id/id/publikasi/laporan/Pages/lpi_2006.aspx
2006,47,monetary_policy,97,"Transmisi Kebijakan Moneter ke Inflasi Transmisi kebijakan moneter ke PDB, melalui suku bunga dan ekspektasi, pada gilirannya juga Bab 6: Perkembangan Moneter mempengaruhi transmisi kebijakan moneter ke inflasi. Hasil pemetaan menunjukkan transmisi kebijakan moneter ke inflasi cukup kuat dipengaruhi oleh jalur suku bunga dan ekspektasi. Beberapa hasil pengujian menunjukkan pengaruh jalur suku bungajalur suku bungajalur suku bungajalur suku bungajalur suku bunga ke inflasi cukup kuat, meski tidak merata ke dalam seluruh kelompok barang. Husman (2006) dan Astiyah dan Husman (2005) menunjukkan bahwa suku bunga cukup signifikan mempengaruhi inflasi. Temuan ini masih searah dengan temuan Kusmiarso et.al (2002).",https://www.bi.go.id/id/publikasi/laporan/Pages/lpi_2006.aspx
2006,48,monetary_policy,96,"Namun demikian, berdasarkan kelompok barang, pengaruh tersebut tidak terjadi secara merata. Nugroho dan Mochtar (2006) mengindikasikan bahwa suku bunga kredit hanya signifikan mempengaruhi inflasi inti kelompok barang sekunder dan kelompok barang tersier. Sejalan dengan peran di PDB, jalur ekspektasijalur ekspektasijalur ekspektasijalur ekspektasijalur ekspektasi terlihat cukup kuat mempengaruhi pergerakan inflasi. Estimasi DKM (2006) menunjukkan ekspektasi inflasi cukup dominan mempengaruhi pembentukan inflasi IHK 2006 yaitu sekitar 70%, atau mengindikasikan pengaruh kuat ekspektasi inflasi dalam pembentukan inflasi di Indonesia3 . Selain itu, inflasi juga cukup kuat dipengaruhi oleh jalur nilai tukarjalur nilai tukarjalur nilai tukarjalur nilai tukarjalur nilai tukar.",https://www.bi.go.id/id/publikasi/laporan/Pages/lpi_2006.aspx
2006,49,inflation,87,"Simulasi menggunakan model makroekonomi menunjukkan bahwa 1% depresiasi rupiah dapat meningkatkan inflasi 0,08%. Sedangkan transmisi melalui jalur kreditjalur kreditjalur kreditjalur kreditjalur kredit dan harga aset harga aset harga aset harga aset harga aset dalam bentuk saham, masih lemah. Hal ini akibat pengaruh perilaku credit rationing di perbankan dan portofolio aset masyarakat dalam bentuk saham belum cukup besar. Namun pengaruh jalur harga aset dalam bentuk properti terindikasi mulai kuat, khususnya melalui harga sewa. Implikasi Hasil pemetaan menunjukkan bahwa tidak semua jalur memiliki hubungan kuat terhadap sinyal kebijakan moneter.",https://www.bi.go.id/id/publikasi/laporan/Pages/lpi_2006.aspx
2006,50,monetary_policy,107,"Dalam hubungan tersebut, beberapa aspek pengelolaan moneter tetap perlu ditingkatkan untuk meningkatkan efektivitas transmisi kebijakan moneter. Hal ini dapat dilakukan oleh Bank Indonesia melalui penguatan kerangka operasional kebijakan moneter, sehingga sinyal BI Rate dapat ditransmisikan secara penuh pada pergerakan dan level suku bunga di pasar uang antar bank. Sementara itu, perilaku perbankan yang mengakibatkan terjadinya credit rationing perlu ditindaklanjuti dalam koridor kebijakan perbankan yang lebih luas. Hal tersebut perlu ditopang bersama dengan Pemerintah dalam bentuk reformasi struktural untuk menciptakan iklim usaha yang kondusif sekaligus mengurangi persepsi risiko dunia usaha yang masih tinggi. Dalam konteks yang lebih luas, kredibilitas kebijakan makro merupakan kunci untuk mempengaruhi ekspektasi pelaku ekonomi.",https://www.bi.go.id/id/publikasi/laporan/Pages/lpi_2006.aspx
2006,51,inflation,92,"Dalam hubungan tersebut, maka konsistensi dan transparansi kebijakan perlu semakin diperkuat melalui strategi komunikasi yang efektif, sehingga pada gilirannya akan semakin meningkatkan kredibilitas dan keyakinan pelaku ekonomi terhadap pilihan kebijakan yang ditempuh. 3 Diskusi lebih lanjut tentang pengaruh ekspektasi pembentukan inflasi Indonesia bisa dilihat pada boks Perbandingan Determinan Indonesia. Bab 6: Perkembangan Moneter Perkembangan harga saham terus menunjukkan kenaikan, terutama sejak 2003. Bahkan indeks harga saham gabungan (IHSG) sempat mencapai level 1.805, rekor tertinggi sepanjang sejarah pasar saham Indonesia. Tren bullish yang terjadi (Grafik 1) searah dengan maraknya pasar saham beberapa negara.",https://www.bi.go.id/id/publikasi/laporan/Pages/lpi_2006.aspx
2006,52,growth,116,"Di dalam negeri, ekspektasi positif atas kestabilan makroekonomi, yang tercermin dari positifnya pertumbuhan ekonomi, relatif stabilnya nilai tukar rupiah, terkendalinya inflasi dan penurunan BI Rate sepanjang 2006, telah memberikan sentimen positif bagi investor untuk meningkatkan aktivitas di pasar saham. Selain itu, pertumbuhan IHSG juga didukung oleh meningkatnya likuiditas perekonomian dan daya beli masyarakat yang tercermin dari peningkatan pertumbuhan M1 riil (Grafik 2). Perkembangan IHSG tidak sepenuhnya didukung kinerja fundamental emiten yang solid, meskipun didukung oleh kondisi fundamental ekonomi yang kondusif. Di sisi makro, perkembangan IHSG didukung oleh pertumbuhan PDB (Grafik 3), meskipun peningkatan aktivitas di pasar saham masih berada di bawah tren PDB. Kondisi ini mengindikasikan dukungan fundamental makro terhadap pergerakan indeks saham yang cukup kuat.",https://www.bi.go.id/id/publikasi/laporan/Pages/lpi_2006.aspx
2006,53,banking_resilience,269,"Di sisi mikro, dukungan fundamental emiten -tercermin pada EBITDA 1 - tidak cukup mampu mendukung harga saham yang bullish. Perkembangan IHSG sejak akhir 2003 sampai akhir 2006 mengalami pertumbuhan sebesar 96%, jauh melampaui pertumbuhan EBITDA- nya yang hanya 56,1%, atau terdapat selisih (gap) 40%. Artinya dukungan fundamental mikro Assesmen Bubble Pada Perkembangan IHSGBoks Grafik 1 Perkembangan IHSG, STI, SET dan INDU Grafik 2 Perkembangan IHSG dan M1 Riil Grafik 3 Perkembangan IHSG dan GDP 1 EBITDA atau Earning Before Income Tax, Depreciation, and Amortization mencerminkan kinerja perusahaan (emiten) yang dipersepsikan akan dapat mendukung secara mikro fundamental atas saham-saham yang dimiliki di bursa tertentu. -10 -5 13579 1 1 13579 1 1 135791 1 13579 2003 2004 2005 2006 -40 -20 Pertumbuhan (aksis kanan) Pertumbuhan IHSG Dampak kenaikan BBM Persen (yoy) Persen (yoy) -10 -6 -4 -2 II I III -0.10 -0.6 -0.4 -0.2 0.2 0.4 0.8 1.0 Persen (yoy) Persen (yoy) -8 0.6 0.0 -0.8 IV I II III IV I II III IV I II III IV I II III IV I II III 2002 2003 2004 2005 2006 Pertumbuhan PDB Pertumbuhan IHSG (aksis kanan) INDU (aksis kiri) STI SET JCI Bullish Market Jan Jan Jan Jan Jan Jan Jan Jan Jan Jan Jan Jan Jan Jan Jan Jan Jan 1990 1991 1992 1993 1994 1995 1996 1997 1998 1999 2000 2001 2002 2003 2004 2005 1996 Indeks Indeks Bab 6: Perkembangan Moneter perusahaan terhadap pergerakan IHSG perusahaan cukup lemah. Kemampuan emiten menghasilkan keuntungan guna mendukung peningkatan harga saham juga sangat terbatas. Kesenjangan terbesar antara keuntungan perusahaan dan harga saham terjadi pada saham sektor industri dasar, sebesar 93%.",https://www.bi.go.id/id/publikasi/laporan/Pages/lpi_2006.aspx
2006,54,other,101,"Sektor properti dan agrobisnis juga mengalami perkembangan indeks cukup pesat namun tidak didukung kinerja fundamental mikronya. Indeks sektor infrastruktur, seperti saham Telkom, Perusahaan Gas Negara, yang selama ini menjadi motor utama penggerak bullish IHSG ternyata memiliki gap yang cukup rendah dibanding dengan indeks sektor lainnya. Namun tekanan gap fundamental yang terjadi di 2006 masih lebih rendah dibanding 2003. Pada 2003 gap fundamental mencapai 67% sedangkan pada 2006 hanya sebesar 16%, sehingga dapat disimpulkan bahwa kondisi 2006 sebenarnya tidak terlalu berisiko jika dibandingkan dengan 2003 (Tabel 1). Hasil estimasi memperkirakan ≈bubble∆ belum berpotensi pecah, jika keyakinan pelaku terhadap prospek ekonomi tetap optimis.",https://www.bi.go.id/id/publikasi/laporan/Pages/lpi_2006.aspx
2006,55,growth,364,"Hasil estimasi2 dengan pendekatan unobserved component menunjukkan komponen bubble (irregulars) yang diestimasi tidak menunjukkan sifat infinite explosive, seperti terlihat Tabel 1 Pertumbuhan Indeks dan EBITDA Agrobisnis 20.2 187 167 -24.5 88 113 -1.0 42 43 Industri Dasar -8.0 85 93 49.9 36 -14 -1.3 55 56 Properti 72.3 105 33 40.3 63 23 -63.7 63 126 Barang Konsumsi 28.2 62 34 -0.7 33 34 -0.7 51 52 Keuangan na 95 na na 44 na na 53 na Infrastruktur 107.8 123 15 49.1 47 -2 -0.3 62 62 Pertambangan 118.3 102 -17 1.0 42 41 -0.8 115 116 Aneka Industri 45.4 82 36 8.5 32 24 -1.8 36 38 Perdagangan 35.2 66 31 -14.0 34 47 -16.4 40 57 IHSG 56.1 96 40 27.8 44 16 -11.3 55 67 Papan Utama 64.0 101 37 18.0 46 27 -11.0 58 69 Papan Pengembang 66.8 58 -9 53.0 26 -27 -11.7 51 63 LQ45 33.2 94 61 18.4 42 24 0.1 58 58 2003 - 20062003 - 20062003 - 20062003 - 20062003 - 2006 20062006200620062006 20032003200320032003 EbitdaEbitdaEbitdaEbitdaEbitda IndeksIndeksIndeksIndeksIndeks GapGapGapGapGap EbitdaEbitdaEbitdaEbitdaEbitda IndeksIndeksIndeksIndeksIndeks GapGapGapGapGap EbitdaEbitdaEbitdaEbitdaEbitda IndeksIndeksIndeksIndeksIndeks GapGapGapGapGap Persen Grafik 4 Pergerakan Non Explosive Bubble Pada IHSG 2 Hardiyanto, A.V. (2006), ≈Asset Price Bubble∆, Catatan Riset. Tabel 2 Uji Komponen Bubble -30 -25 -20 -15 -10 -5 Tren Bubble IHSG dengan LQ45 Slope Bubble dengan LQ45 Irregulars dengan LQ45 2001 2002 2003 2004 2005 2006 10 12 02 04 06 08 10 12 02 04 06 08 10 12 02 04 06 08 10 12 02 04 06 08 10 12 02 04 06 08 10 Variable Coefficient Std. error t-statistic Prob. C -0.11 8464 0.710917 -0.16663 0.8678 D (IRREGULARS(-1) -0.511628 0.064530 -7.92854 0.0000 R-squared 0.262 Mean dependent var -0.068 Akaike info criterion 7.353 Akaike info criterion 7.353 Schwarz criterion 7.389 Prob(F-statistic) 0.000 Log likelihood -656,1 F-statistic 62,86 Bab 6: Perkembangan Moneter pada parameter komponen irregulars yang kurang dari 1 pada Tabel 2. Hal ini juga terlihat dari tren pergerakan irregulars (proksi bubble) pasar saham yang mengandung unsur perusahaan LQ-45 yang cenderung mendekati 0 (Grafik 4). Apabila kinerja perusahaan-perusahaan yang selama ini dikenal memiliki kinerja sangat solid dapat dipertahankan, maka persistensi bubble yang ada berpotensi terus terjadi namun tidak pecah.",https://www.bi.go.id/id/publikasi/laporan/Pages/lpi_2006.aspx
2006,56,other,23,"Namun apabila kinerja perusahaan-perusahaan tersebut, khususnya yang tergabung dalam penghitungan indeks utama IHSG (LQ45) dapat lebih ditingkatkan, maka kemungkinan pecahnya bubble semakin kecil.",https://www.bi.go.id/id/publikasi/laporan/Pages/lpi_2006.aspx
2007,1,monetary_policy,88,Pada tahun 2007 kebijakan moneter menghadapi tantangan dari kuatnya dampak gejolak perekonomian global dan ekses likuiditas di pasar uang domestik. Bank Indonesia menurunkan BI Rate untuk kemudian dipertahankan tetap sampai mendekati akhir tahun. Kebijakan tersebut diterjemahkan ke dalam operasional kebijakan moneter melalui pengelolaan likuiditas dalam bentuk operasi pasar terbuka dan berbagai instrumen lain. BI Rate telah ditransmisikan secara efektif di pasar finansial dan telah menimbulkan optimisme pelaku ekonomi di sektor riil. Kondisi tersebut didukung oleh memadainya likuiditas di perekonomian meskipun di pasar uang masih mengalami peningkatan ekses likuiditas.,https://www.bi.go.id/id/publikasi/laporan/Pages/lpi_2007.aspx
2007,2,monetary_policy,113,"Secara keseluruhan, kebijakan moneter yang didukung oleh kebijakan fiskal telah mampu menjaga keseimbangan antara upaya untuk mencapai sasaran inflasi dan untuk mendorong pertumbuhan ekonomi. Bab 6: Perkembangan Moneter Seiring dengan keyakinan perbaikan stabilitas makroekonomi, pencapaian target inflasi, dan ketahanan sistem keuangan, Bank Indonesia sejak awal tahun 2007 menurunkan suku bunga acuan secara terukur dan kemudian tetap dipertahankan sampai mendekati akhir tahun. Kondisi perekonomian domestik memasuki tahun 2007 semakin menunjukkan perbaikan pascakenaikan harga BBM pada tahun 2005. Perbaikan tersebut diperkuat oleh terpeliharanya stabilitas makroekonomi, seperti tercermin pada nilai tukar yang stabil dan inflasi yang cenderung menurun. Dengan menimbang kondisi tersebut, Bank Indonesia melanjutkan kebijakan moneter yang cenderung longgar, yang telah dimulai sejak Mei 2006.",https://www.bi.go.id/id/publikasi/laporan/Pages/lpi_2007.aspx
2007,3,exchange_rate,84,"Memasuki paruh kedua 2007, perekonomian domestik terkena imbas krisis subprime mortgage di Amerika Serikat. Gejolak tersebut menimbulkan sentimen negatif di pasar keuangan global yang kemudian berimplikasi pada pelemahan nilai tukar. Kondisi tersebut diperburuk oleh melambungnya harga minyak dunia sehingga berisiko pada peningkatan inflasi. Sehubungan dengan risiko tersebut, sejak Agustus sampai dengan November 2007 Bank Indonesia menahan penurunan BI Rate. Pada akhir tahun BI Rate kembali diturunkan sehingga menjadi 8% sejalan dengan indikasi meredanya tekanan inflasi ke depan dan sinyal dukungan terhadap keberlanjutan ekspansi perekonomian.",https://www.bi.go.id/id/publikasi/laporan/Pages/lpi_2007.aspx
2007,4,monetary_policy,104,"Konsistensi dan komitmen kebijakan moneter dalam mengendalikan inflasi diperkuat oleh transparansi kebijakan moneter dan koordinasi yang semakin baik dengan Pemerintah. Transparansi kebijakan moneter dilakukan melalui penguatan strategi dan intensitas komunikasi dan diseminasi kebijakan moneter di berbagai media dan kepada stakeholders, baik di pusat maupun di daerah. Hal tersebut diharapkan dapat menyelaraskan persepsi stakeholders dengan intensi Bank Indonesia dalam mengimplementasikan kebijakan moneter. Di samping itu, transparansi kebijakan dapat memengaruhi pembentukan ekspektasi inflasi masyarakat yang cenderung masih bersifat adaptif agar menjadi lebih sejalan dengan sasaran inflasi ke depan. Sementara itu, koordinasi kebijakan moneter-fiskal yang semakin erat telah membuahkan stabilitas makroekonomi yang kondusif bagi kesinambungan ekspansi perekonomian.",https://www.bi.go.id/id/publikasi/laporan/Pages/lpi_2007.aspx
2007,5,monetary_policy,105,"Koordinasi kebijakan tersebut, antara lain, diwujudkan melalui pertemuan rutin antara Bank Indonesia, Pemerintah, dan instansi terkait dalam forum koordinasi dan Tim Pengendalian Inflasi. Kebijakan moneter telah direspons positif oleh pasar keuangan dan memperkuat optimisme pelaku ekonomi di sektor riil. Di pasar keuangan, respons positif pelaku pasar keuangan tampak pada terus meningkatnya aktivitas perdagangan di pasar saham yang diikuti oleh akselerasi Indeks Harga Saham Gabungan (IHSG). Pasar Surat Utang Negara (SUN) cenderung marak dengan yield yang tetap menarik. Perbankan masih terus melakukan penurunan suku bunga simpanan dan pinjaman sehingga mendukung berbagai aktivitas ekonomi di sektor riil dan mendorong pembiayaan alternatif dalam bentuk penerbitan saham dan obligasi.",https://www.bi.go.id/id/publikasi/laporan/Pages/lpi_2007.aspx
2007,6,inflation,61,"Di sektor riil, respons positif tercermin pada ekspektasi inflasi pelaku ekonomi yang relatif stabil dan naiknya keyakinan konsumen, dan dunia usaha terhadap perekonomian domestik. Kondisi itu merupakan sinyal penting dalam mendukung kinerja perekonomian. Sejalan dengan ekspansi perekonomian domestik, likuiditas perekonomian mengalami akselerasi. Likuiditas perekonomian mengalami peningkatan, terutama, dalam bentuk kredit kepada sektor swasta. Sementara itu, ekses likuiditas perbankan relatif masih tinggi.",https://www.bi.go.id/id/publikasi/laporan/Pages/lpi_2007.aspx
2007,7,inflation,92,"Dalam kondisi tersebut patut dicermati implikasinya bagi stabilitas makroekonomi dan pasar keuangan. Pelaksanaan Kebijakan Moneter Strategi kebijakan moneter melalui penetapan BI Rate diarahkan pada upaya pencapaian sasaran inflasi yang ditetapkan oleh Pemerintah. Strategi tersebut ditempuh secara terukur dan hati-hati dengan mempertimbangkan proyeksi inflasi, dinamika perekonomian terkini, dan stabilitas sistem keuangan. Dalam kondisi itu, upaya menjaga stabilitas makroekonomi diwarnai dengan penurunan BI Rate pada periode Januari sampai dengan Juli 2007 dari 9,5% ke 8,25%. Di tengah penurunan tersebut, pada Maret 2007 permasalahan subprime mortgage mulai mengemuka, tetapi belum berdampak signifikan pada kestabilan perekonomian.",https://www.bi.go.id/id/publikasi/laporan/Pages/lpi_2007.aspx
2007,8,exchange_rate,87,"Pada paruh kedua tahun 2007, permasalahan subprime mortgage semakin menguat dan meluas sehingga mewarnai perkembangan BI Rate. Sejalan dengan hal tersebut, pada Agustus investor mulai menghitung kembali risiko investasinya untuk kemudian menyesuaikan portofolio kepada aset berkualitas tinggi. Kondisi dimaksud pada gilirannya memengaruhi nilai tukar rupiah dan nilai tukar beberapa negara emerging markets lainnya. Hal itu diperparah oleh cenderung membubungnya harga minyak dunia sehingga memberi tekanan tambahan pada nilai tukar dan inflasi ke depan. Menyikapi hal itu, Bank Indonesia menahan penurunan suku bunga sejak Juli hingga November 2007.",https://www.bi.go.id/id/publikasi/laporan/Pages/lpi_2007.aspx
2007,9,inflation,106,"BI Rate diputuskan tetap di level 8,25% untuk menahan akselerasi ekspektasi inflasi dan mengurangi tekanan di pasar keuangan. Pada akhir tahun 2007, setelah mempertimbangkan ekspektasi inflasi yang diindikasikan terjaga, kapasitas produksi yang mencukupi, dan pasar keuangan yang telah mencapai keseimbangan baru, BI Rate diturunkan menjadi 8%. Kebijakan tersebut diharapkan memberi sinyal positif terhadap ekspansi ekonomi yang tengah berlangsung, kendati tetap mengedepankan upaya mencapai sasaran inflasi. Strategi kebijakan diterjemahkan dalam operasional kebijakan moneter melalui pengelolaan likuiditas dalam bentuk Operasi Pasar Terbuka (OPT) dan berbagai instrumen lain. Sejalan dengan perkembangan BI Rate, seluruh instrumen moneter yang terkait langsung dengan BI Rate otomatis mengalami penurunan dengan besaran yang sama.",https://www.bi.go.id/id/publikasi/laporan/Pages/lpi_2007.aspx
2007,10,monetary_policy,123,"Pada akhir tahun 2007, suku bunga Fasilitas Simpanan Bank Indonesia overnight (FASBI O/N) yang selama ini dimanfaatkan sebagai batas bawah (floor) pergerakan suku bunga Pasar Uang Antar Bank overnight (PUAB O/N) menjadi sebesar 3% (dari sebesar 4,75% pada akhir tahun 2006). Adapun suku bunga SBI repo yang dapat menjadi batas atas (ceiling) pergerakan suku bunga PUAB O/N menjadi sebesar 11% (dari sebesar 12,75% pada akhir tahun 2006). OPT terutama difungsikan untuk menyerap ekses likuiditas dan menjaga ketersediaan likuiditas di PUAB. Kegiatan OPT secara berkala terutama bertumpu pada lelang mingguan instrumen SBI 1 bulan dengan fixed rate tender pada level BI Rate. Adapun kegiatan OPT nonrutin berupa Fine Tune Operation (FTO) diimplementasikan secara terbatas dan dengan pricing yang variatif menyesuaikan dengan kondisi pasar uang.",https://www.bi.go.id/id/publikasi/laporan/Pages/lpi_2007.aspx
2007,11,exchange_rate,108,"Berbagai instrumen moneter di pasar rupiah itu juga dilengkapi dengan instrumen intervensi valuta asing guna mengurangi volatilitas nilai tukar yang berlebihan. Respons Pasar Keuangan dan Pelaku Ekonomi terhadap BI Rate Respons Pasar Keuangan Perkembangan BI Rate diikuti oleh suku bunga pasar uang. Sepanjang tahun 2007, suku bunga PUAB O/N rupiah secara rata-rata menurun lebih besar daripada BI Rate, sejalan dengan kondisi pasar uang yang masih mengalami kelebihan likuiditas. Sementara itu volatilitasnya relatif tidak berbeda dengan kondisi pada tahun 2006 (Tabel 6.1). Pergerakan suku bunga yang seperti itu diindikasi cukup kuat yang diwarnai oleh kondisi mikrostruktur pasar uang dan efek dari pergerakan faktor otonomus terutama dari operasi keuangan pemerintah.",https://www.bi.go.id/id/publikasi/laporan/Pages/lpi_2007.aspx
2007,12,monetary_policy,87,"Secara harian, kondisi tersebut tercermin pada suku bunga PUAB O/N yang bergerak fluktuatif dengan deviasi yang cukup bervariasi terhadap BI Rate (Grafik 6.1). BI Rate direspons kuat oleh suku bunga deposito. Kuatnya respons tersebut juga mencerminkan kondisi ekses likuiditas dan sejalan dengan perkembangan suku bunga penjaminan deposito rupiah (Grafik 6.2). Suku bunga deposito rata-rata untuk keseluruhan tenor menurun 2,3% atau lebih besar daripada menurunnya BI Rate pada periode yang sama (1,75%). Hal tersebut terutama disumbang oleh penurunan suku bunga deposito tenor 12 dan 6 bulan (Grafik 6.3).",https://www.bi.go.id/id/publikasi/laporan/Pages/lpi_2007.aspx
2007,13,monetary_policy,112,"Penurunan suku bunga deposito yang paling tinggi terjadi pada kelompok bank persero, sedangkan pada kelompok bank asing campuran justru terendah dibandingkan dengan perbankan secara keseluruhan. Sejak September 2007 penurunan suku bunga deposito berbagai tenor semakin melambat, bahkan suku bunga deposito 1 bulan sedikit meningkat sejak Oktober 2007. Kondisi itu diindikasi terkait dengan upaya perbankan untuk mempertahankan nasabah dengan menjaga agar deposan tetap menerima suku bunga rupiah riil yang positif dan kompetitif. Di lain pihak, respons suku bunga kredit lebih lambat. Terbatasnya respons tersebut diindikasi terkait dengan cukup bervariasinya variabel yang memengaruhi pricing suku bunga kredit yang tidak seluruhnya mampu dipengaruhi oleh kebijakan moneter semata seperti biaya overhead, marjin keuntungan, dan faktor risiko.",https://www.bi.go.id/id/publikasi/laporan/Pages/lpi_2007.aspx
2007,14,growth,313,"Pada Desember 2007 penurunan suku bunga kredit terbesar terjadi pada suku bunga kredit modal kerja dan investasi, sedangkan penurunan suku bunga kredit konsumsi lebih lambat khususnya terkait suku bunga Kredit Tanpa Agunan dan Kartu Kredit (Grafik 6.4). Sementara itu apabila diperbandingkan secara keseluruhan rata-rata suku bunga kredit berbagai jenis Tabel 6.1 Suku Bunga dan Volatilitas Suku Bunga PUAB O/N Rupiah Periode RRT PUAB O/N (%) Volatilitas O/N (%) Pagi Sore Pagi Sore 2006 9,2 8,7 2,2 2,1 Jan 5,0 4,9 0,1 0,1 Feb 5,2 5,1 1,2 0,9 Mar 7,5 7,3 5,1 3,7 Mei 8,5 7,9 3,8 3,5 Jun 6,9 6,3 3,1 2,9 Jul 5,6 5,3 2,3 1,9 Sep 5,2 4,8 1,8 1,2 Okt 4,9 4,8 2,0 2,0 Nov 6,8 6,7 3,3 3,0 Jan 5,1 4,7 3,7 3,4 Feb 6,5 6,4 3,0 3,0 Mar 4,3 4,2 1,4 1,4 2007 6,0 5,8 2,6 2,2 Grafik 6.1 Volatilitas Harian Suku Bunga PUAB O/N Rupiah dan Deviasi terhadap BI Rate Intraday Volatility Deviasi BI Rate dengan O/N WAR PUAB (RHS) persen -1 -3 -5 -7 -9 -11 Jan Mei JunAprMarFeb persen Jul Agt Sep Okt Nov Des Grafik 6.2 Perkembangan Berbagai Suku Bunga BI Rate Kredit Modal Kerja persen 2004 2005 2006 2007 Penjaminan Dep Kredit Investasi Deposito 1 Bulan Kredit Konsumsi Grafik 6.3 Suku Bunga Deposito per Tenor Desember 2006 Maret 2007 persen 1 Bulan 3 Bulan 6 Bulan 24 Bulan Juni September Desember 2007 12 Bulan 1,77 3,39 1,01 penggunaan antarkelompok bank, tampak bahwa kelompok BPD paling lambat dalam menurunkan suku bunga kreditnya, sedangkan kelompok bank swasta nasional justru menurunkan suku bunga kredit lebih besar dari perbankan secara industri. Sejak September 2007 penurunan suku bunga kredit berbagai jenis penggunaan semakin melambat. Kondisi itu ditengarai terkait dengan telah tercapainya rencana bisnis, mulai naiknya suku bunga dana, dan sikap berhati-hati perbankan dalam memandang ekonomi ke depan. Perkembangan BI Rate direspons dengan struktur dana yang semakin berjangka pendek.",https://www.bi.go.id/id/publikasi/laporan/Pages/lpi_2007.aspx
2007,15,money_supply,272,"Pada akhir tahun 2007 pertumbuhan dana pihak ketiga masyarakat (DPK) sebesar 17,4% naik dari 14,1% pada akhir tahun 2006 (Grafik 6.5) sehingga cukup memperkuat kondisi likuiditas perbankan. Kenaikan tersebut terutama didominasi oleh tabungan sehingga saat ini pangsanya telah melampaui giro (Grafik 6.6). Sementara itu deposito terus tumbuh melambat terutama untuk tenor 24 dan 12 bulan, sejalan dengan tingginya penurunan suku bunga pada tenor ini. Dengan perkembangan tersebut, deposito semakin terkonsentrasi pada tenor 1 bulan (Grafik 6.7). Sementara itu, pertumbuhan DPK dalam valuta asing masih cenderung naik terutama dalam bentuk simpanan valuta asing yang perkembangannya secara umum diindikasi Grafik 6.4 Suku Bunga Kredit per Jenis 18,2 17,4 16,6 15,8 15,0 14,2 13,4 12,6 persen KMK Kl KK Desember 2006 Maret Juni September Desember 2007 2,07 2,09 1,45 Grafik 6.5 Pertumbuhan Dana dan Kredit Total DPK Total Kredit persen, yoy Jun Sep Des Mar Jun Sep Des 2004 2007 Mar Jun Sep Des Mar Jun Sep Des 2005 2006 Grafik 6.6 Pangsa dan Pertumbuhan DPK per Jenis Pangsa Giro Pertumbuhan Giro (RHS) persen -10 -20 persen, yoy Pangsa Tabungan Pertumbuhan Tabungan (RHS) Pangsa Deposito Pertumbuhan Deposito (RHS) 12 369 12 369 12 369 12 369 12 369 12 369 12 2001 2002 2003 2004 2005 2006 2007 Grafik 6.7 Pangsa Deposito per Tenor 1,0 0,9 0,8 0,7 0,6 0,5 0,4 0,3 0,2 0,1 Deposito 1 bulan Deposito 3 bulan persen Deposito 6 bulan Deposito 12 bulan Deposito 24 bulan Deposito Lain-lain Des 2004 2007 Des Jan Feb Mar Apr Mei Jun Jul Agu Sep OktN ov Des memiliki hubungan dengan menurunnya imbal hasil simpanan rupiah, menguatnya persepsi depresiasi, dan ekspektasi inflasi pada periode tertentu.",https://www.bi.go.id/id/publikasi/laporan/Pages/lpi_2007.aspx
2007,16,decision,75,"Respons yang kuat terhadap BI Rate juga terlihat pada akselerasi pertumbuhan kredit. Pada akhir tahun 2007 pertumbuhan kredit melesat mencapai 25,5% dari hanya 14,1% pada akhir tahun 2006 (Grafik 6.5). Meningkatnya pertumbuhan terjadi khususnya sejak paruh kedua tahun 2007 sejalan dengan menguatnya perekonomian. Dengan perkembangan tersebut, pertumbuhan kredit secara industri perbankan telah melampaui prediksi awal tahun (22%). Akselerasi pertumbuhan kredit terjadi pada seluruh jenis penggunaan dengan peningkatan pertumbuhan terbesar pada kredit modal kerja (Grafik 6.8).",https://www.bi.go.id/id/publikasi/laporan/Pages/lpi_2007.aspx
2007,17,credit,113,"Kredit-kredit tersebut dimanfaatkan untuk berbagai sektor ekonomi, dengan peningkatan pertumbuhan terbesar pada sektor pertambangan, jasa dunia usaha, pengangkutan, dan konstruksi. Pada tahun 2007, pertumbuhan kredit dalam valuta asing cenderung naik cukup tinggi melampaui pertumbuhan kredit secara total. Pertumbuhan kredit valuta asing yang tinggi tersebut, terutama, ditujukan untuk modal kerja dan investasi di sektor traded, seperti pertambangan dan nontraded, seperti perdagangan, konstruksi, dan jasa dunia usaha. Maraknya penyaluran kredit valuta asing tersebut diindikasi terkait dengan suku bunganya yang cukup kondusif pada kisaran 6,9-10,4% dan persepsi sebagian pelaku ekonomi yang meyakini bahwa Bank Indonesia akan berkomitmen pada stabilitas nilai tukar. Di pasar saham, respons terhadap BI Rate terlihat pada kecenderungan pasar saham yang semakin bullish.",https://www.bi.go.id/id/publikasi/laporan/Pages/lpi_2007.aspx
2007,18,global,84,"Indeks saham sepanjang tahun 2007 bergerak bervariasi kendati tetap dalam kecenderungan meningkat. Pada akhir tahun 2007, IHSG ditutup pada level 2.745 atau menguat 52,1% dibandingkan dengan akhir tahun 2006 (Grafik 6.9). Peningkatan itu menjadikan Bursa Efek Indonesia (BEI) sebagai bursa ke-2 yang berkinerja terbaik pada tahun 2007 di bawah bursa China. Pencapaian tersebut ditopang oleh berbagai faktor domestik dan global. Faktor domestik, seperti terjaganya stabilitas makroekonomi yang diwakili oleh pergerakan BI Rate, daya beli yang naik, dan fundamental mikro beberapa emiten yang cukup baik.",https://www.bi.go.id/id/publikasi/laporan/Pages/lpi_2007.aspx
2007,19,global,217,"Sementara itu, faktor global, yaitu persepsi investor asing yang masih positif dan juga masih tingginya harga Grafik 6.8 Pertumbuhan Kredit per Jenis Pertumbuhan KMK Pertumbuhan KI persen, yoy Jun Sep Des Mar Jun Sep Des 2004 2007 Mar Jun Sep Des Mar Jun Sep Des 2005 2006 1.200 1.000 triliun Rp Pertumbuhan KK Jumlah Kredit (RHS) Grafik 6.9 BI Rate dan IHSG 3.000 2.800 2.600 2.400 2.200 2.000 1.800 1.600 1.400 1.200 1.000 IHSG indeks 2006 2007 persen 13,50 12,75 12,00 11,25 10,50 9,75 9,00 8,25 7,50 BI Rate (RHS) 123456789 10 11 12 123456789 10 11 12 Sumber: Bank Indonesia dan Bursa Efek Indonesia Grafik 6.10 BI Rate dan Yield SUN FR020 (> 7th) FR025 (5-7th) persen Jan Mei JunAprMarFeb Jul Agu Sep Okt Nov Des FR2 (< 5th) BI Rate (RHS) Sumber: Bank Indonesia dan Bloomberg berbagai komoditas dunia. Terus menguatnya IHSG juga berimbas pada membaiknya likuiditas pasar sehingga secara rata-rata mencapai Rp4,3 triliun per hari dari tahun sebelumnya yang hanya Rp1,8 triliun per hari. BI Rate direspons dengan maraknya aktivitas perdagangan SUN, kendati yield relatif stabil. Aktivitas perdagangan SUN secara umum terus membaik sebagaimana tercermin pada meningkatnya volume dan frekuensi perdagangan SUN. Pada tahun 2007, rata-rata perdagangan SUN adalah sebesar Rp5,8 triliun per hari atau naik signifikan dari tahun sebelumnya (Rp3,3 triliun per hari).",https://www.bi.go.id/id/publikasi/laporan/Pages/lpi_2007.aspx
2007,20,global,94,"Adapun rata-rata frekuensi transaksi SUN mencapai 253,4 kali per hari, naik dibandingkan dengan tahun 2006 yang hanya sebesar 146,7 kali per hari (Grafik 6.11). Pada akhir tahun 2007, rata-rata yield SUN berbagai tenor sedikit menurun sebesar 17 bps dari akhir tahun sebelumnya. Tertahannya penurunan yield tersebut, terutama, dipengaruhi oleh kuatnya sentimen global dari krisis subprime mortgage dan menjulangnya harga minyak mentah dunia pada paruh kedua tahun 2007 (Grafik 6.10). Sebelumnya, yield sempat terus bergerak menurun sejalan dengan terjaganya stabilitas makroekonomi. BI Rate menjadi salah satu faktor pendorong terus meningkatnya Nilai Aktiva Bersih (NAB) reksadana.",https://www.bi.go.id/id/publikasi/laporan/Pages/lpi_2007.aspx
2007,21,banking_resilience,104,"Pada akhir tahun 2007, NAB reksadana tercatat mencapai Rp92,2 triliun, meningkat 78,6% dari akhir tahun 2006 (Grafik 6.12). Tingginya kenaikan NAB tersebut terutama ditopang oleh apresiasi harga, terutama, pada jenis reksadana saham. Sementara itu, aliran dana bersih dari pembelian reksadana (net subscription/new cash flow) secara total meningkat Rp20,2 triliun dengan dominasi juga pada jenis reksadana saham. Pencapaian tersebut, di samping ditopang oleh kondisi makroekonomi yang kondusif, juga didukung oleh pengetahuan investor yang semakin tinggi sejalan dengan gencarnya edukasi dan promosi dari agen penjual reksadana dan ketersediaan perangkat hukum yang lebih memadai. Dengan hal tersebut, tidak saja NAB yang meningkat, tetapi juga variasi jumlah reksadana.",https://www.bi.go.id/id/publikasi/laporan/Pages/lpi_2007.aspx
2007,22,credit,98,"Pada akhir tahun 2007 jumlah reksadana sebanyak 473 produk, meningkat dari tahun sebelumnya yang berjumlah 403 produk. Perkembangan BI Rate direspons positif melalui peningkatan pembiayaan ekonomi di luar perbankan. Berlanjutnya ekspansi ekonomi di tengah terjaganya stabilitas makroekonomi dan pasar saham yang cenderung bullish telah meningkatkan permintaan pembiayaan perusahaan. Pada tahun 2007, pembiayaan perusahaan yang berasal dari pasar modal tercatat mencapai Rp78,3 triliun, meningkat 236,1% dari akhir tahun 2006 (Rp23,3 triliun). Dari penerbitan selama tahun laporan tersebut sebesar Rp47,0 triliun dijaring melalui penawaran umum perdana saham (Initial Public Offering atau IPO) dan right issue, sementara selebihnya melalui penerbitan obligasi.",https://www.bi.go.id/id/publikasi/laporan/Pages/lpi_2007.aspx
2007,23,credit,147,"IPO saham dilakukan oleh 21 emiten senilai Rp17,2 triliun dan right issue sebesar Rp29,8 triliun yang terutama digunakan untuk ekspansi usaha. Adapun penerbitan obligasi bersumber dari 43 emiten yang sebagian besar dimanfaatkan untuk pembiayaan kembali (refinancing). Respons Sektor Riil Penurunan BI Rate dipandang mampu meningkatkan optimisme dalam berusaha di Indonesia. Hal itu Grafik 6.11 Rata-rata Aktivitas Perdagangan Harian SUN Rata-rata Volume triliun Rp 2006 2007 kali per hari Rata-rata Frekuensi (RHS) 123456789 10 11 12 123456789 10 11 12 Grafik 6.12 BI Rate dan NAB Reksadana BI Rate persen 2006 2007 triliun Rp NAB Reksadana (RHS) 123456789 10 11 12 123456789 10 11 12 Sumber: Bank Indonesia dan Bapepam dikonfirmasi oleh hasil survei tendensi bisnis yang dilakukan oleh Badan Pusat Statistik (BPS). Hasil survei tersebut mengindikasikan bahwa terdapat kecenderungan perbaikan tendensi bisnis oleh dunia usaha sejalan dengan terpeliharanya kondisi makroekonomi dan prospek berlanjutnya ekspansi perekonomian (Grafik 6.13).",https://www.bi.go.id/id/publikasi/laporan/Pages/lpi_2007.aspx
2007,24,monetary_policy,110,"Sementara itu, kebijakan moneter dipersepsikan secara positif oleh konsumen sebagaimana tercermin dari membaiknya ekspektasi konsumen secara agregat terhadap perekonomian ke depan, penghasilan, dan ketersediaan lapangan kerja (Grafik 6.14). Kebijakan moneter yang diterapkan juga mendorong terjaganya ekspektasi inflasi pelaku ekonomi. Pada tahun 2007, komitmen dan konsistensi kebijakan moneter untuk mengendalikan inflasi cukup efektif dalam memengaruhi pembentukan ekspektasi inflasi, baik pada pelaku di sektor riil (Grafik 6.15) maupun analis pasar keuangan (Grafik 6.16). Kondisi tersebut menunjukkan terus membaiknya transparansi kebijakan yang tercermin dari semakin mampunya stakeholders memahami kebijakan moneter Bank Indonesia. Hal itu memungkinkan Bank Indonesia meningkatkan kredibilitas (credibility gain) sehingga bermanfaat dalam menghadapi tantangan untuk mencapai sasaran inflasi pada tahun-tahun mendatang.",https://www.bi.go.id/id/publikasi/laporan/Pages/lpi_2007.aspx
2007,25,money_supply,208,"Grafik 6.13 BI Rate dan Indeks Tendensi Bisnis 13,5 12,5 11,5 10,5 9,5 8,5 7,5 BI Rate Indeks Tendensi Bisnis (RHS) persen Mar April Jan Feb Mar Apr Jan 2005 2007 Feb Mar Apr indeks Sumber: Bank Indonesia dan Badan Pusat Statistik Grafik 6.14 BI Rate dan Keyakinan Konsumen BI Rate Keyakinan Konsumen (Ekspektasi) (RHS) BI Rate indeks 789 10 11 12 123456789 10 11 12 123456789 10 11 12 2005 2006 2007 Grafik 6.15 BI Rate dan Ekspektasi Inflasi Pedagang BI Rate Ekspekstasi Inflasi Pedagang 6 Bulan (RHS) BI Rate indeks 789 10 11 12 123456789 10 11 12 123456789 10 11 12 2005 2006 2007 Grafik 6.16 Proyeksi IHK dan Consensus Forecast Proyeksi Inflasi BI Consensus Forecast (pada waktu penyampaian proyeksi BI) persen, yoy Jun-06 Des-07Sep-06 Des-06 Mar-07 Jun-07 Sep-07 Sumber: Bank Indonesia dan Consensus Forecast GWM sebesar Rp1,0 triliun. Di luar GWM, giro perbankan (excess reserve) meningkat signifikan dari tahun sebelumnya. Hal itu terjadi pada hari terakhir tahun 2007 terkait dengan realisasi pengeluaran Pemerintah di akhir tahun. Kenaikan base money, terutama, dipengaruhi oleh aktivitas Pemerintah dan Bank Indonesia. Peningkatan permintaan uang primer yang mencapai Rp82,5 triliun dari tahun sebelumnya masih dapat dipenuhi oleh transaksi rupiah Pemerintah yang bersifat ekspansif dan aktivitas Bank Indonesia (Grafik 6.17).",https://www.bi.go.id/id/publikasi/laporan/Pages/lpi_2007.aspx
2007,26,money_supply,126,"Tambahan likuiditas bersih dari Pemerintah yang bersumber dari rekeningnya di Bank Perkembangan Likuiditas Perkembangan Base Money dan Ekses Likuiditas Perbankan Peningkatan base money sejalan dengan kegiatan perekonomian. Pada akhir tahun 2007, base money tumbuh 27,8% menjadi Rp379,6 triliun (Tabel 6.2). Kondisi tersebut terutama disumbang oleh cukup tingginya pertumbuhan uang kartal di masyarakat selaras dengan berlanjutnya ekspansi perekonomian di sektor riil. Sementara itu, perkembangan Giro Wajib Minimum (GWM) milik perbankan lebih moderat. Insentif Loan to Deposit Ratio (LDR) mengurangi kewajiban pemenuhan Grafik 6.17 Permintaan dan Penawaran Likuiditas Perbankan -20 -40 Permintaan Penawaran triliun Rp Jan Mei JunAprMarFeb Jul Agt Sep Okt Nov Des Kebijakan Tabel 6.2 Perkembangan Base Money miliar Rp 2005 2006 2007 Base Money 239.781 297.080 379.582 I Uang yang Diedarkan 144.869 178.572 220.785 1.",https://www.bi.go.id/id/publikasi/laporan/Pages/lpi_2007.aspx
2007,27,payment_system,135,"Uang Kartal di Masyarakat 124.316 151.009 183.419 2. Kas Bank Umum 20.553 27.563 37.366 II Saldo Giro Positif pada BI 94.531 118.417 158.452 III Giro Sektor Swasta 381 91 345 Aktiva Luar Negeri Bersih 173.806 274.694 356.883 Aktiva Dalam Negeri Bersih 65.976 22.386 22.700 I Tagihan Bersih pada Pemerintah 39.357 49.865 49.458 II Tagihan pada Bank Umum 233.398 243.220 227.555 III Tagihan Lainnya 19.984 19.919 8.407 IV Operasi Pasar Terbuka (121.325) (242.001) (281.163) 1. SBI (74.632) (208.762) (247.687) 2. FASBI (57.212) (41.568) (48.933) 3. SUN (Surat Utang Negara) 10.519 8.330 15.457 V Lainnya Bersih -105.438 -48.618 18.444 Grafik 6.18 Perkembangan Stok Ekses Likuiditas persen 2003 2004 2005 2006 2007 Nisbah OPT terhadap PDB (annualized) 123 4 123 4 123 4 123 4 123 4 Indonesia mencapai Rp66,9 triliun, menurun signifikan dari tahun 2006 (Rp115,1 triliun).",https://www.bi.go.id/id/publikasi/laporan/Pages/lpi_2007.aspx
2007,28,money_supply,96,"Dalam kondisi rasio defisit fiskal terhadap PDB yang sedikit meningkat dari 0,9% pada tahun 2006 menjadi sekitar 1,3% pada tahun 2007, penurunan tersebut ditengarai terkait dengan perubahan strategi financing Pemerintah yang lebih menitikberatkan kepada penerbitan SUN di dalam negeri daripada pemanfaatan rekeningnya di Bank Indonesia. Sementara itu, aktivitas Bank Indonesia menambah likuiditas dari biaya pengelolaan moneter. Hal tersebut dilakukan sesuai dengan komitmen Bank Indonesia untuk menjaga stabilitas nilai rupiah demi terpeliharanya stabilitas makroekonomi yang berkesinambungan. Ekses likuiditas di pasar uang bertambah. Bank Indonesia melakukan penyerapan melalui OPT untuk mengurangi likuiditas yang bertambah lebih besar dari kebutuhannya.",https://www.bi.go.id/id/publikasi/laporan/Pages/lpi_2007.aspx
2007,29,money_supply,188,"Pada tahun 2007, posisi OPT secara agregat meningkat Rp39,2 triliun sehingga mencapai Rp281,2 triliun. Naiknya posisi OPT tersebut mencerminkan terus bertambahnya ekses likuiditas di pasar uang yang belum mampu digunakan secara optimal dalam kegiatan perekonomian di sektor riil (Grafik 6.18). Dalam hubungannya dengan itu, berbagai upaya, seperti pendalaman pasar keuangan (financial deepening), serta peningkatan komitmen dan konsistensi Bank Indonesia dalam melakukan operasi moneter di pasar uang akan terus dilanjutkan. Grafik 6.21 Perkembangan M1 dan Inflasi -5 -10 -15 -20 2003 2004 2006 2008 2009 M1 Nominal Inflasi (RHS) M1-Giro Pemda persen -2 -4 persen 2005 2007 Grafik 6.22 Perkembangan M1 dan M2 Riil -5 -10 M1 Riil Uang Kartal Riil persen M2 Riil 2003 2004 2005 2006 2007 2008 Grafik 6.19 Pertumbuhan M0, M1, dan M2 Nominal M1 M2 persen 20052003 2004 M0 (RHS) Grafik 6.20 Nisbah Likuiditas Perekonomian terhadap PDB (Annualized) C/PDB M2/PDB persen M1/PDB (RHS) Rata-rata 2006 2007 C/PDB 3,9 3,9 M1/PDB 10,0 10,4 M2/PDB 40,2 39,4 dalam 5 tahun terakhir kendati secara rasio terhadap PDB relatif stabil dari tahun sebelumnya (Grafik 6.20). Tingginya pertumbuhan likuiditas perekonomian tersebut mengindikasikan potensi tekanan inflasi ke depan1 (Grafik 6.21).",https://www.bi.go.id/id/publikasi/laporan/Pages/lpi_2007.aspx
2007,30,money_supply,76,"Sebagaimana pertumbuhan nominalnya, pertumbuhan tahunan riil2 M1 dan M2 juga meningkat mencapai masing-masing sebesar 21,0% dan 12,3% (Grafik 6.22). BI Rate cukup kuat memengaruhi perkembangan komponen likuiditas perekonomian. Penurunan BI Rate memengaruhi komponen likuiditas perekonomian 1 Dalam grafik, pertumbuhan M1 dijadikan indikator penuntun (leading) 18 bulan terhadap inflasi. 2 Diperhitungkan dengan inflasi IHK. Di samping itu, berbagai kebijakan di sektor riil semakin diperkuat guna mempercepat pertumbuhan ekonomi yang pada gilirannya dapat menyerap ekses likuiditas secara permanen.",https://www.bi.go.id/id/publikasi/laporan/Pages/lpi_2007.aspx
2007,31,money_supply,237,"Likuiditas perekonomian Likuiditas perekonomian yang tercermin pada M1 dan M2 menunjukkan peningkatan. Pada akhir Desember 2007, likuiditas perekonomian dalam arti sempit (M1) tumbuh 27,6% sehingga mencapai level Rp460,8 triliun. Likuiditas perekonomian dalam arti luas (M2) tumbuh 18,9% atau tercatat sebesar Rp1.643,2 triliun. Pertumbuhan likuiditas perekonomian tersebut dapat dikategorikan tinggi apabila dibandingkan dengan kondisi historisnya Tabel 6.3 Uang Beredar dan Faktor-faktor yang Memengaruhinya 2006 2007 2006 2007 Miliar Rp Pertumbuhan (persen) Uang Beredar dalam Arti Luas (M2) 1.382.074 1.643.203 14,87 18,89 M2 Rupiah 1.198.141 1.427.296 18,13 19,13 Uang Beredar dalam Arti Sempit (M1) 361.073 460.842 28,08 27,63 – Uang Kartal di Masyarakat 151.009 183.419 21,47 21,46 – Uang Giral 210.064 277.423 33,30 32,07 Uang Kuasi 1.021.001 1.182.361 10,82 15,80 – Simpanan dalam Rupiah 837.068 966.454 14,30 15,46 = Simpanan Berjangka 506.565 533.376 11,94 5,29 = Tabungan 330.503 433.078 18,10 31,04 – Simpanan dalam Valas 183.933 215.907 (2,65) 17,38 (miliar $) 20.392 22.922 6,09 12,41 Aktiva Luar Negeri Bersih 413.265 524.703 32,00 26,97 Bank Indonesia: 377.936 530.913 51,09 40,48 – Aktiva Luar Negeri 385.820 538.775 12,19 39,64 – Kewajiban Luar Negeri 7.884 7.862 (91,59) (0,28) Bank Umum: 35.329 -6.210 (43,87) (117,58) – Aktiva Luar Negeri 93.924 70.907 (20,89) (24,51) – Kewajiban Luar Negeri 58.595 77.117 5,03 31,61 Aktiva Dalam Negeri Bersih 968.809 1.118.500 8,84 15,45 1. Tagihan Bersih pada Pemerintah 506.488 497.478 1,52 (1,78) – Bank Indonesia 265.919 249.069 11,19 (6,34) – Bank Umum 240.569 248.409 (7,39) 3,26 2.",https://www.bi.go.id/id/publikasi/laporan/Pages/lpi_2007.aspx
2007,32,credit,119,"Tagihan Bersih pada BPPN 0 0 3. Tagihan kepada Sektor Usaha 837.072 1.040.996 13,29 24,36 – Kredit kepada Sektor Swasta 787.136 995.111 14,13 26,42 Kredit kepada Sektor Swasta (miliar $) 87.27 105.65 24,38 21,07 = Kredit dalam Rupiah 639.152 793.186 12,84 24,10 = Kredit dalam Valas 147.984 201.925 20,09 36,45 Kredit dalam Valas (miliar $) 16.41 21.44 30,88 30,67 – Tagihan Lainnya 49.936 45.885 1,55 (8,11) 4. Lainnya Bersih -374.751 -419.974 7,81 12,07 terutama, didominasi oleh kelompok asuransi, dana pensiun, dan kategori lainnya (antara lain, perusahaan sekuritas atau manajer investasi). Sebagaimana tampak pada Grafik 6.23, hubungan antara indeks saham dengan kelompok giro itu meningkat pasca 2005. Hal tersebut mengindikasikan kemungkinan terjadinya peningkatan peran institusi dalam meramaikan pasar saham domestik.",https://www.bi.go.id/id/publikasi/laporan/Pages/lpi_2007.aspx
2007,33,money_supply,91,"Faktor domestik dominan memengaruhi perkembangan likuiditas perekonomian. Faktor domestik dalam bentuk kredit kepada sektor bisnis mendominasi kinerja likuiditas perekonomian. Pada Desember 2007, total kredit untuk sektor tersebut naik 26,4% atau secara level bertambah sebesar Rp208,0 triliun dari posisi akhir tahun 2006. Dari jumlah itu sebesar Rp154,0 triliun disalurkan dalam bentuk kredit rupiah, sedangkan selebihnya Rp54,0 triliun atau $5,0 miliar berupa kredit dalam valuta asing. Faktor eksternal yang tercermin pada perkembangan aktiva luar negeri bersih (Net Foreign Assets – NFA) secara keseluruhan meningkat sebesar 27,0% atau secara level bertambah sebesar Rp111,4 triliun.",https://www.bi.go.id/id/publikasi/laporan/Pages/lpi_2007.aspx
2007,34,bop,145,"Tambahan tersebut terjadi pada NFA Bank Indonesia sejalan dengan meningkatnya cadangan devisa yang bersumber dari penerimaan hasil migas akibat tingginya harga minyak dunia. Sementara itu, NFA perbankan justru menurun, terutama, pada sisi foreign asset dalam bentuk call money dan demand deposit pada bank di luar negeri. Grafik 6.23 Pertumbuhan IHSG dan Giro per Pemilik -20 -40 IHSG Giro Asuransi persen, yoy Giro Lainnya Giro Perorangan 12 24 68 10 12 24 68 10 12 24 68 10 12 2004 2005 2006 2007 Sumber: Bank Indonesia dan Bursa Efek Indonesia yang berupa semakin meningkatnya preferensi likuiditas masyarakat seperti tampak pada percepatan pertumbuhan tabungan relatif terhadap deposito. Hal tersebut diikuti pula oleh semakin meningkatnya aktivitas giro milik swasta sejalan dengan bergairahnya pasar saham. Perkembangan giro milik swasta tersebut, Bab 7 Neraca Pembayaran Indonesia Bab 7: Neraca Pembayaran Indonesia Neraca Pembayaran Indonesia (NPI) mencatat kinerja yang tetap positif.",https://www.bi.go.id/id/publikasi/laporan/Pages/lpi_2007.aspx
2007,35,bop,99,"Pada akhir tahun 2007, NPI mencatat surplus yang terutama bersumber dari surplus transaksi berjalan sebesar 2,5% PDB. Kenaikan surplus transaksi berjalan ditopang oleh harga komoditas di pasar internasional dan permintaan dunia yang cukup tinggi. Sementara itu, surplus transaksi modal dan finansial didukung oleh menariknya imbal hasil rupiah di pasar keuangan domestik dan terjaganya kestabilan makro ekonomi dalam negeri. Dengan perkembangan tersebut, cadangan devisa terus meningkat, sehingga berdampak positif terhadap kepercayaan pelaku ekonomi dan mampu meredam dampak gejolak yang terjadi di pasar finansial global. Secara umum, kinerja NPI dan indikator kerentanan eksternal terus membaik sehingga stabilitas nilai tukar rupiah terjaga.",https://www.bi.go.id/id/publikasi/laporan/Pages/lpi_2007.aspx
2007,36,global,88,"NPI tahun 2007 menunjukkan perkembangan yang tetap mantap. Kondisi ekonomi internasional dan domestik masih kondusif bagi peningkatan kinerja NPI. Dari sisi internasional, meskipun tidak sebaik tahun 2006, perekonomian dunia 2007 masih mengalami ekspansi yang cukup tinggi. Dampak perlambatan ekonomi AS terhadap ekonomi dunia dapat diimbangi oleh pertumbuhan negara - negara berkembang (emerging markets) seperti China dan India yang masih tinggi. Namun demikian, ekspansi ekonomi dunia yang berlangsung cukup kuat pada semester I 2007, sempat tertahan oleh gejolak pasar finansial dunia yang dipicu oleh krisis subprime mortgage di AS.",https://www.bi.go.id/id/publikasi/laporan/Pages/lpi_2007.aspx
2007,37,growth,121,"Dampak besar yang ditimbulkan dari krisis tersebut adalah terjadinya arus balik aliran modal swasta ke luar dari negara-negara berkembang yang berlangsung sejak awal semester II 2007. Kuatnya perekonomian negara emerging markets mendorong minat investor asing, sehingga mendukung perkembangan transaksi finansial di Indonesia yang positif. Dari sisi domestik, berbagai perbaikan di bidang makroekonomi telah memberikan fondasi yang lebih kokoh sehingga pasar finansial Indonesia menjadi lebih tahan terhadap gejolak eksternal. Aliran masuk modal asing, baik dalam bentuk investasi langsung (FDI) maupun portofolio, tetap berlangsung dan meningkat dibandingkan dengan tahun 2006. Imbal hasil rupiah masih menarik dibandingkan dengan negara lain di kawasan regional, sejalan dengan faktor risiko yang menurun seperti ditunjukkan oleh perbaikan rating dari berbagai lembaga pemeringkat mendorong peningkatan investasi asing ke Indonesia.",https://www.bi.go.id/id/publikasi/laporan/Pages/lpi_2007.aspx
2007,38,growth,90,"Peningkatan kegiatan ekonomi domestik, yang dicerminkan oleh kenaikan investasi dan konsumsi, berpengaruh pada meningkatnya impor. Namun demikian, kenaikan nilai ekspor yang lebih tinggi dari impor menyebabkan surplus transaksi perdagangan meningkat. Dengan berbagai perkembangan tersebut, NPI mencatat surplus yang cukup tinggi mencapai $12,5 miliar sehingga cadangan devisa mencapai $56,9 miliar atau 5,7 bulan impor dan pembayaran utang luar negeri pemerintah (Tabel 7.1). Seiring dengan perkembangan tersebut, indikator kerentanan eksternal menunjukkan perbaikan dibandingkan dengan tahun 2006 (Tabel 7.2). Untuk mendorong penguatan kinerja sektor eksternal, Pemerintah berkoordinasi dengan pihak terkait menempuh berbagai upaya.",https://www.bi.go.id/id/publikasi/laporan/Pages/lpi_2007.aspx
2007,39,bop,181,"Dari sisi peraturan, Pemerintah telah menerbitkan beberapa ketentuan terkait dengan pengaturan Penanaman Modal Asing (PMA), pengembangan dan pemberdayaaan Usaha Mikro, Kecil dan Menengah (UMKM), dan ketentuan yang menekankan pada implementasi dan pemantauan kebijakan/ ketentuan.1 Selain itu, Pemerintah juga mengeluarkan kebijakan pengembangan ekspor, khususnya komoditas tekstil dan produk tekstil (TPT), dengan memberikan bantuan pembelian mesin dan pinjaman dengan bunga lebih rendah. Kebijakan lain pada pengelolaan utang luar negeri pemerintah yang lebih mandiri ditandai dengan pembubaran forum CGI yang selama ini menjadi forum kreditur kepada Indonesia. Pembubaran tersebut juga 1 Antara lain adalah Undang-undang No 25 tahun 2007 tentang Penanaman Modal Asing dan Inpres RI No 6 tahun 2007 tentang Kebijakan Percepatan Pengembangan Sektor Riil dan Pemberdayaan Usaha Mikro, Kecil, dan Menengah, sejalan dengan kebijakan menurunkan ketergantungan pembiayaan dari luar negeri dan upaya menurunkan rasio utang Indonesia sehingga ketahanan terhadap gejolak eksternal semakin baik. Transaksi Berjalan Transaksi berjalan mencatat surplus yang semakin tinggi menjadi $11,0 miliar atau 2,5% dari PDB (Tabel 7.3). Sejalan dengan harga komoditas internasional yang meningkat dan permintaan eksternal yang cukup kuat, nilai ekspor Indonesia mencatat kenaikan yang cukup tinggi.",https://www.bi.go.id/id/publikasi/laporan/Pages/lpi_2007.aspx
2007,40,exchange_rate,77,"Di sektor pertambangan nonmigas, kenaikan volume ekspor juga didukung oleh peningkatan kapasitas produksi. Di sektor pertambangan migas, khususnya minyak, walaupun terjadi penurunan produksi secara alamiah setiap tahunnya, volume ekspor minyak mentah masih mengalami peningkatan. Dari sisi impor, kegiatan ekonomi domestik yang membaik dan nilai tukar rupiah yang relatif stabil mendorong peningkatan pertumbuhan impor. Impor minyak mentah juga mengalami peningkatan untuk memenuhi kebutuhan kilang dalam negeri. Transaksi jasa-jasa dan pendapatan bersih mencatat peningkatan defisit dibandingkan dengan tahun 2006.",https://www.bi.go.id/id/publikasi/laporan/Pages/lpi_2007.aspx
2007,41,bop,108,"Kenaikan defisit transaksi jasa-jasa terkait dengan peningkatan jumlah kunjungan wisatawan asing, sedangkan pada transaksi pendapatan terkait dengan meningkatnya aliran profit transfer ke perusahaan induk di luar negeri atas kegiatan usaha di Indonesia yang membaik. Untuk transaksi transfer berjalan, surplus tercatat relatif sama dengan tahun sebelumnya, antara lain didukung oleh mulai berlakunya kenaikan gaji TKI pada tahun 2007 terutama untuk beberapa negara di Timur Tengah. Perkembangan Ekspor Ekspor tumbuh cukup tinggi terutama ditopang oleh ekspor nonmigas. Total nilai ekspor selama tahun 2007 Tabel 7.1 Neraca Pembayaran Indonesia juta $ Rincian 2005 2006 2007 I.Transaksi Berjalan 278 10.836 11.009 A. Barang, Bersih (Neraca Perdagangan) 17.534 29.660 33.083 – Ekspor, fob.",https://www.bi.go.id/id/publikasi/laporan/Pages/lpi_2007.aspx
2007,42,bop,52,"86.995 103.528 118.014 – Impor, fob. -69.462 -73.868 -84.930 1. Nonmigas 13.321 22.875 27.048 – Ekspor 66.753 80.578 93.142 – Impor -53.431 -57.703 -66.094 2. Migas 4.212 6.785 6.036 – Ekspor 20.243 22.950 24.872 – Impor -16.030 -16.165 -18.836 B. Jasa-jasa, Bersih -9.122 -9.888 -11.103 C. Pendapatan, Bersih -12.927 -13.800 -15.875 D.",https://www.bi.go.id/id/publikasi/laporan/Pages/lpi_2007.aspx
2007,43,growth,33,"Transfer Berjalan, Bersih 4.793 4.863 4.903 II. Transaksi Modal dan Finansial 345 2.944 2.753 A. Transaksi Modal 333 350 530 B. Transaksi Finansial 12 2.594 2.223 1. Investasi Langsung 5.271 2.211 1.164 2.",https://www.bi.go.id/id/publikasi/laporan/Pages/lpi_2007.aspx
2007,44,growth,32,Investasi Portofolio 4.190 4.174 6.981 3. Investasi Lainnya -9.449 -3.792 -5.922 III. Jumlah (I+II) 623 13.780 13.726 IV. Selisih Perhitungan Bersih -179 729 -1.220 V. Neraca Keseluruhan (III+IV) 444 14.510 12.543 VI.,https://www.bi.go.id/id/publikasi/laporan/Pages/lpi_2007.aspx
2007,45,other,63,"Cadangan Devisa dan yang Terkait1) -444 -14.510 -12.543 A. Perubahan Cadangan Devisa 663 -6.902 -12.543 B. Pinjaman IMF -1.107 -7.608 0 1. Penarikan 0 0 0 2. Pembayaran -1.107 -7.608 0 Catatan: Posisi Cadangan Devisa 34.724 42.586 56.920 (Setara Impor dan Pembayaran Utang Luar Negeri Pemerintah) 4,0 4,5 5,7 1) Tanda - (minus) menunjukan surplus dan sebaliknya untuk tanda + (plus) menunjukan defisit.",https://www.bi.go.id/id/publikasi/laporan/Pages/lpi_2007.aspx
2007,46,bop,205,"Tabel 7.2 Perkembangan Indikator Kerentanan Eksternal persen Rincian 1996 1997 2005 2006 2007 Transaksi Berjalan/PDB -3,4 -2,3 0,1 2,9 2,5 Ekspor Barang dan Jasa/PDB 25,7 29,1 37,5 33,5 32,0 Ekspor Nonmigas/PDB 16,7 19,7 23,1 21,8 21,2 Pembayaran Bunga ULN/PDB 2,7 3,0 1,0 1,3 1,2 Pembayaran ULN (pokok dan bunga)/Ekspor barang dan jasa1) 35,9 44,5 17,3 24,8 19,2 Transaksi Modal dan Keuangan/PDB 4,8 1,1 0,1 0,7 1,3 Posisi ULN/Ekspor Barang dan Jasa 188,7 207,3 120,7 104,1 97,3 Posisi ULN/PDB 48,5 60,3 45,3 34,9 31,2 Cadangan Devisa/ Pembayaran ULN2) 91,2 73,4 185,6 138,8 210,8 Cadangan Devisa/Posisi ULN 17,4 15,7 26,6 33,1 41,7 Cadangan Devisa/Impor dan Pembayaran ULN Pemerintah (bulan)3) 5 5,5 4,3 4,5 5,7 Posisi ULN (miliar $) 110,171 136,088 130,652 128,736 136,640 Posisi Cadangan Devisa (miliar $)4) 19,215 21,418 34,724 42,586 56,920 Sumber: BI dan BPS (diolah). 1) DSR (peningkatan DSR di 2006 terjadi karena percepatan pelunansan pembayaran utang IMF). 2) Pembayaran total ULN baik utang pokok dan bunga. 3) Tahun 1996 dan 1997 faktor pembagi cadangan devisa belum termasuk pembayaran ULN pemerintah. 4) Tahun 1996 menggunakan konsep devisa resmi, 1997-1999 atas dasar konsep Gross Foreign Assets, dan mulai 2000 dengan konsep International Reserve and Foreign Currency Liquidity (IRFCL). meningkat 14,0% menjadi $118,0 miliar (Tabel 7.4).",https://www.bi.go.id/id/publikasi/laporan/Pages/lpi_2007.aspx
2007,47,bop,109,"Kenaikan nilai ekspor tersebut terutama disebabkan oleh peningkatan harga komoditas, meskipun kenaikan volume ekspor juga terjadi pada berbagai komoditas. Namun demikian, kenaikan volume yang terjadi cenderung belum merata dan masih terkonsentrasi pada komoditas sumber daya alam (SDA), khususnya pertambangan. Hal ini sejalan dengan kecenderungan kenaikan harga komoditas tambang yang berlangsung sejak tahun 2004. telah direspon oleh eksportir dengan peningkatan volume. Di sisi lain, kenaikan volume ekspor industri belum merata, bahkan terjadi penurunan pada komoditas utama seperti produk turunan CPO dan peralatan listrik. Demikian juga dengan kinerja sektor migas yang belum menunjukkan perbaikan signifikan dan masih menunjukkan penurunan produksi alami akibat respon investasi dan eksplorasi baru migas yang agak lambat.",https://www.bi.go.id/id/publikasi/laporan/Pages/lpi_2007.aspx
2007,48,global,89,"Kenaikan harga komoditas di pasar internasional masih menjadi faktor utama peningkatan nilai ekspor nonmigas. Harga komoditas ekspor nonmigas Indonesia secara komposit meningkat 14,9% dibandingkan dengan tahun 2006 (Grafik 7.1). Secara lebih rinci, kenaikan harga kelompok pertanian, kelompok pertambangan, dan kelompok industri masing-masing sebesar 9,5%, 10,5%, dan 26,1%. Beberapa komoditas yang mengalami kenaikan harga relatif tinggi adalah CPO (74,1%), nikel (55,6%), timah (65,5%), dan kopi (25,7%). Sejalan dengan kenaikan harga yang berlangsung cukup lama, beberapa komoditas ekspor menunjukan peningkatan volume, antara lain nikel, alumunium, mesin dan mekanik, serta produk kimia.",https://www.bi.go.id/id/publikasi/laporan/Pages/lpi_2007.aspx
2007,49,bop,125,"Namun demikian, terdapat beberapa komoditas yang mengalami penurunan volume, di antaranya komoditas utama seperti produk turunan CPO, udang, tembaga, TPT dan peralatan listrik. Di tengah kenaikan harga komoditas dunia, beberapa komoditas tidak bisa mengoptimalkan peluang dengan meningkatkan volume ekspor akibat adanya kendala yang dihadapi. Salah satu komoditas yang cukup besar penurunan volume ekspor adalah CPO dan produk turunannya. Penurunan volume ekspor CPO yang terjadi pada awal tahun terkait dengan puncak masa panen tanaman sawit yang bergeser dari awal tahun 2007 menjadi akhir tahun 2006. Sementara itu, penyebab penurunan volume ekspor produk turunan CPO, terkait dengan peningkatan pajak ekspor CPO pada pertengahan tahun menyusul kelangkaan minyak goreng di pasaran dalam negeri,2 Pemerintah menaikkan pajak ekspor untuk menjaga stabilitas harga bahan pokok khususnya minyak goreng dalam negeri.",https://www.bi.go.id/id/publikasi/laporan/Pages/lpi_2007.aspx
2007,50,bop,89,"Secara potensial, kesempatan peningkatan ekspor CPO masih terbuka terkait dengan luas lahan kelapa sawit Indonesia yang terus meningkat dan menjadi terbesar di seluruh dunia. Saat ini luas lahan yang dimanfaatkan sekitar 5,5 juta hektar dan masih tersedia sekitar 3,7 juta hektar untuk dapat dikembangkan. Kendala peningkatan volume ekspor juga terjadi pada komoditas tembaga. Penurunan volume ekspor tembaga terkait dengan permasalahan ketenagakerjaan. Sementara itu, penurunan ekspor udang terkait dengan aliran lumpur di Sidoarjo yang berdampak pada sentra-sentra tambak udang di provinsi Jawa Timur, yang merupakan salah satu sentra produksi udang.",https://www.bi.go.id/id/publikasi/laporan/Pages/lpi_2007.aspx
2007,51,bop,256,"Permasalahan pada komoditas TPT, terkait dengan produktivitas mesin-mesin yang relatif rendah terjadi dalam waktu yang cukup lama. Rendahnya produktivitas tersebut berdampak pada penurunan volume dan jenis/kualitas komoditas TPT. Terkait dengan hal tersebut, Pemerintah mengeluarkan kebijakan 2 Peraturan Menteri Keuangan No, 61/PMK,011/2007 tanggal 15 Juni 2007, tentang Perubahan Kelima atas Peraturan Menteri Keuangan No.92/PMK,02/2005 tentang Penetapan Jenis Barang Ekspor tertentu dan Besaran tarif Pungutan Ekspor, Tabel 7.3 Transaksi Berjalan juta $ Rincian 2005 2006 2007 Transaksi Berjalan 278 10.836 11.009 – Nonmigas -2.548 5.424 6.225 – Migas 2.826 5.412 4.784 Barang, bersih (Neraca Perdagangan) 17.534 29.660 33.083 – Nonmigas 13.321 22.875 27.048 – Migas 4.212 6.785 6.036 Ekspor, fob 86.995 103.528 118.014 – Nonmigas 66.753 80.578 93.142 – Migas 20.243 22.950 24.872 Impor, fob -69.462 -73.868 -84.930 – Nonmigas -53.431 -57.703 -66.094 – Migas -16.030 -16.165 -18.836 Jasa-jasa, bersih -9.122 -9.888 -11.103 Pendapatan, bersih -12.927 -13.800 -15.875 Transfer berjalan, bersih 4.793 4.863 4.903 Tabel 7.4 Perkembangan Ekspor Rincian 2006 2007 2007 Perubahan (%) Nilai fob (juta $) Pangsa (%) Ekspor Nonmigas 20,7 15,6 93,142 78,9 Pertanian 255,4 14,7 11,704 9,9 Pertambangan 130,1 17,2 21,609 18,3 Perindustrian -7,0 15,2 59,829 50,7 Ekspor Migas 13,4 8,4 24,872 21,1 Total 19,0 14,0 118,014 100,0 Sumber: BI dan BPS (diolah), pengembangan ekspor TPT dengan memberikan bantuan pembelian mesin dan pinjaman dengan bunga lebih rendah. Kebijakan ini diharapkan dapat merestrukturisasi mesin-mesin di sektor TPT sehingga dapat menghasilkan produk yang lebih kompetitif di pasar internasional. Kinerja ekspor yang tetap baik, di tengah perlambatan ekspansi dunia, juga ditopang oleh upaya diversifikasi negara tujuan ekpor.",https://www.bi.go.id/id/publikasi/laporan/Pages/lpi_2007.aspx
2007,52,bop,102,"Meskipun tujuan ekspor masih tergantung pada beberapa negara utama tertentu, peran negara kawasan Asia dalam perdagangan (intraregional trade) meningkat. Lima negara utama tujuan ekspor dengan pangsa ekspor nonmigas terbesar saat ini adalah Jepang (14,3%), AS (12,0%), Singapura (9,6%), China (7,3%), dan India (5,3%) (Grafik 7.2). Jumlah pangsa ekspor ke lima negara tersebut mencapai sekitar 48,5% dari total ekspor nonmigas Indonesia, sedikit turun dibandingkan dengan tahun 2006. Apabila dicermati lebih lanjut, terdapat perkembangan positif terkait dengan pergeseran peran negara maju sebagai mitra dagang utama. Pangsa ekspor nonmigas ke AS, Jepang dan kawasan Eropa saat ini sekitar 40%, turun dari 50% pada tahun 2000.",https://www.bi.go.id/id/publikasi/laporan/Pages/lpi_2007.aspx
2007,53,bop,95,"Dengan penyebaran negara tujuan ekspor yang lebih luas diharapkan meningkatkan fleksibilitas kinerja ekspor Indonesia dalam mengantisipasi berubahnya siklus perekonomian di berbagai negara mitra dagang, khususnya perlambatan ekonomi yang terjadi di negara maju (Boks: Perdagangan Intraregional Asia). Jenis komoditas ekspor ke negara tujuan utama cukup bervariasi (Tabel 7.5). Komoditas utama ekspor nonmigas ke AS dan Jepang masing-masing adalah pakaian dan biji logam. Sementara ekspor ke China dan India, sebagian besar berupa ekspor minyak sayur dan lemak. Distribusi pangsa ekspor komoditas lainnya relatif merata, tidak terkonsentrasinya ekspor pada produk dan tujuan kawasan tertentu merupakan perkembangan yang positif.",https://www.bi.go.id/id/publikasi/laporan/Pages/lpi_2007.aspx
2007,54,bop,279,"Kondisi tersebut dapat mengurangi ketergantungan produk dan kawasan tertentu. Grafik 7.2 Pangsa Ekspor Nonmigas Berdasarkan Negara Tujuan 1997 2001 2002 2003 2004 2005 2006 2007 Jepang United States Singapura 1998 1999 2000 China India persen Grafik 7.1 Indeks Harga Komoditas Ekspor Indonesia 2000 2001 2002 2003 2004 2005 2006 2007 Nonmigas Migas Total Indeks (2000=100) indeks Pertumbuhan IHKEI (yoy) 2005 2006 2007 Nonmigas 12,6 33,8 14,9 Pertanian 13,4 35,7 9,5 Pertambangan 26,6 50,3 10,5 Industri -2,8 9,9 26,1 Migas 29,6 19,0 6,6 Total 17,0 29,5 12,7 Tabel 7.5 Pangsa Komoditas Ekspor Nonmigas Utama Berdasarkan Negara Tujuan Ekspor Tahun 2007 Jepang A S Singapura China India Komoditas Pangsa Komoditas Pangsa Komoditas Pangsa Komoditas Pangsa Komoditas Pangsa Biji Logam & Sisa Logam 4,22 Pakaian 3,84 Mesin Listrik & Alat-alatnya 1,35 Minyak Sayur & Lemak 1,33 Minyak Sayur & Lemak 2,36 Batubara, Krokas & Briket 1,4 Karet Mentah 1,29 Mesin Kantor & Pengolah Data 1,05 Biji Logam & Sisa Logam 0,82 Batubara, Krokas & Briket 0,93 Logam Tidak Mengandung Besi 1,23 Ikan & Kerang- kerangan 0,81 Logam Tidak Mengandung Besi 0,98 Karet Mentah 0,78 Biji Logam & Sisa Logam 0,57 Mesin Listrik & Alat-alatnya 0,93 Barang-barang Manufaktur 0,62 Telekomunikasi & Alat-alatnya 0,64 Kimia Organik 0,59 Minyak Hewan & Sayur & Lemak 0,12 Secara umum, produk ekspor Indonesia masih bertumpu pada komoditas berbasis sumber daya alam. Berdasarkan indikator daya saing yang diukur dari Revealed Comparative Advantage (RCA), komoditas ekspor berbasis primer masih kompetitif. Komoditas pertanian seperti, karet alam, memiliki RCA yang tinggi dan menduduki peringkat kedua terbesar dari nilai ekspor Indonesia. Komoditas pertambangan, seperti pada timah, tembaga, dan batubara, juga mempunyai daya saing yang masih cukup tinggi serta menempati urutan utama perdagangan dunia.",https://www.bi.go.id/id/publikasi/laporan/Pages/lpi_2007.aspx
2007,55,exchange_rate,70,"Sementara itu, pada kelompok barang industri, CPO mempunyai nilai RCA yang tertinggi (Tabel 7.6). Selama tahun 2007, perkembangan nilai tukar yang bergerak stabil mendukung daya saing ekspor Indonesia. Secara rata-rata nilai tukar selama tahun 2007 cenderung menguat. Namun apabila dibandingkan dengan negara lain di kawasan regional, penguatan rupiah masih relatif rendah sehingga mendukung daya saing ekspor dari sisi harga. Nilai ekspor migas masih meningkat sejalan dengan kenaikan harga minyak dunia.",https://www.bi.go.id/id/publikasi/laporan/Pages/lpi_2007.aspx
2007,56,global,109,"Nilai ekspor migas mengalami peningkatan sebesar 8,4% menjadi $24,9 miliar. Pertumbuhan nilai tersebut lebih didorong oleh harga minyak yang meningkat. Secara rata-rata, harga minyak internasional berbagai jenis mengalami peningkatan, bahkan untuk jenis WTI sempat mendekati level $100 per barel pada November 2007 (Grafik 7.3). Perkembangan faktor fundamental, yang dicerminkan dari tambahan pasokan dan sisa kapasitas produksi minyak yang masih relatif rendah, menjadi rentan terhadap faktor nonfundamental seperti faktor sentimen dan geopolitik, Di samping itu, tren pelemahan nilai tukar dolar AS memicu peningkatan aksi spekulatif dengan meningkatnya transaksi noncommercial di pasar komoditas minyak. Dengan perkembangan tersebut, rata-rata harga ekspor minyak mentah Indonesia selama 2007 naik 12,2% menjadi $70,1 per barel.",https://www.bi.go.id/id/publikasi/laporan/Pages/lpi_2007.aspx
2007,57,global,268,"Grafik 7.3 Perkembangan Harga Minyak WTI Minas Rata-rata Tahunan WTI $/bbl Sumber: Bloomberg 2005 2006 2007 Rata-rata WTI 2007 = 72,3 Rata-rata minas 2007 = 70,0 Rata-rata OPEC 2007 = 69,0 Rata-rata WTI, Brent, Dubai 2007 = 71,1 Tabel 7.6 Revealed Comparative Advantage (RCA) Rincian SITC RCA Peringkat di Dunia1) 2004 2005 2006 2004 2005 2006 Pertanian – Udang, Kerang dan Sejenisnya, Segar/Dingin 036 9,4 6,2 7,1 3 6 4 – Kopi 071 3,9 4,0 4,1 9 6 5 – Coklat 072 12,1 9,4 10,8 3 4 4 – Getah Karet Alam, Karet Alam Lainnya 231 66,0 14,5 35,6 1 2 2 Pertambangan – Bijih Tembaga 283 20,6 12,8 16,9 2 2 2 – Batubara 321 11,6 9,5 14,0 4 3 2 – Barang-barang Timah 687 29,1 34,3 31,5 1 1 1 Industri – Produk TPT – Benang Tekstil 651 8,1 4,9 4,9 7 7 7 – Pakaian Lelaki dan Anak Lelaki Rajutan 843 2,8 2,3 3,2 12 12 6 – Kayu dan Produk Kayu – Kayu Bakar dan Arang Kayu 245 7,2 5,6 6,0 5 2 3 – Plywood, Tripleks, dsb 634 8,4 8,8 6,8 4 3 5 – Barang-barang Kayu 635 5,2 4,4 4,2 6 7 6 Minyak Nabati Lainnya, Cair atau Kental (CPO) 422 46,6 39,5 42,2 2 1 1 Sumber: UNCOMTRADE, di olah. 1) Peringkat berdasarkan urutan nilai ekspor di pasar dunia sesuai dengan kode SITC. Berdasarkan kontribusi, nilai ekspor gas sedikit di bawah nilai ekspor minyak. Selama 2007, ekspor gas mencapai $12,4 miliar, sementara ekspor minyak $12,5 miliar. Dari sisi volume, walaupun terjadi kecenderungan penurunan produksi minyak, ekspor minyak mentah tetap mengalami peningkatan.",https://www.bi.go.id/id/publikasi/laporan/Pages/lpi_2007.aspx
2007,58,growth,90,"Hal ini terkait dengan masih belum optimalnya pemanfaatan minyak domestik untuk diolah di kilang dalam negeri. Di sisi lain, impor minyak, baik crude maupun produk olahan, juga tetap mengalami peningkatan untuk memenuhi kebutuhan kilang dan konsumsi BBM dalam negeri. Sementara itu untuk gas, peningkatan nilai ekspornya tidak diikuti oleh peningkatan volume. Hal itu terkait dengan kebijakan pemerintah yang memprioritaskan pemanfaatan gas alam untuk kebutuhan domestik, antara lain untuk mendukung program konversi BBM dari minyak tanah ke LPG. Perkembangan Impor Pertumbuhan impor cukup tinggi sejalan dengan pertumbuhan ekonomi domestik yang meningkat.",https://www.bi.go.id/id/publikasi/laporan/Pages/lpi_2007.aspx
2007,59,exchange_rate,86,"Secara keseluruhan, total impor (c&f) tumbuh sebesar 15,0% menjadi $92,4 miliar (Tabel 7.7). Kenaikan impor yang cukup besar terjadi pada komoditas minyak seiring dengan kenaikan harga, penurunan produksi dalam negeri, dan peningkatan konsumsi BBM domestik. Stabilnya pergerakan nilai tukar rupiah juga mendorong naiknya impor barang nonmigas, khususnya barang konsumsi yang mencapai 46,8%. Namun demikian, peningkatan tersebut perlu dicermati dan dapat menjadi indikasi daya saing produk dalam negeri yang semakin menurun. Sementara itu, impor barang modal dan bahan baku juga menunjukkan peningkatan sejalan dengan ekspansi ekonomi domestik.",https://www.bi.go.id/id/publikasi/laporan/Pages/lpi_2007.aspx
2007,60,banking_resilience,85,"Berdasarkan asal negara, pangsa impor dari lima negara utama relatif tetap. Secara keseluruhan, pangsa impor nonmigas (c&f) dari lima negara mencapai 54,5% menjadi $39,2 miliar, atau relatif tidak banyak berubah dari pangsa 2006 sebesar 56,5% (Grafik 7.4). Penetrasi barang impor dari China yang terus meningkat, telah menyamai pangsa impor dari Jepang. Maraknya impor barang dari China dengan harga yang relatif murah menjadi substitusi impor dari negara lain, sehingga kecenderungan impor dari Jepang dan AS menunjukkan penurunan. Jenis barang impor dari negara asal utama relatif bervariasi.",https://www.bi.go.id/id/publikasi/laporan/Pages/lpi_2007.aspx
2007,61,banking_resilience,98,"Impor kendaraan bermotor, terutama berasal dari Jepang dan Thailand. Sementara itu, impor mesin secara umum berasal dari lima negara utama, dengan pangsa terbesar dari Singapura (Tabel 7.8). Perkembangan Transaksi Jasa-jasa, Pendapatan, dan Transfer Berjalan Defisit transaksi jasa-jasa dan pendapatan bersih mengalami peningkatan, sementara surplus transaksi transfer berjalan relatif tetap. Transaksi jasa-jasa mencatat peningkatan defisit, terutama bersumber dari kenaikan biaya transportasi untuk impor dan arus wisatawan Indonesia ke manca negara, termasuk perjalanan haji dan umroh. Dari sisi penerimaan, aliran devisa masuk terutama disumbang oleh kunjungan turis asing yang meningkat menjadi 5,5 juta orang atau merupakan pencapaian tertinggi selama ini.",https://www.bi.go.id/id/publikasi/laporan/Pages/lpi_2007.aspx
2007,62,global,186,"Peningkatan kunjungan turis asing sejalan dengan membaiknya isu keamanan, serta meningkatnya kegiatan MICE (meeting, incentives, conference and exhibition) berskala internasional. Berbagai usaha juga telah dilakukan oleh berbagai pihak termasuk Pemerintah untuk menarik turis asing termasuk melalui berbagai promosi di berbagai bursa pariwisata, pengembangan daerah unggulan wisata, serta penambahan negara penerima fasilitas visa on arrival (VOA) dari 52 pada tahun 2006 menjadi 63 negara pada akhir 2007. Transaksi pendapatan bersih mencatat kenaikan defisit dari 15,0% menjadi $15,9 miliar. Peningkatan defisit Grafik 7.4 Pangsa Impor Nonmigas Berdasarkan Negara Tujuan 1997 2001 2002 2003 2004 2005 2006 2007 Jepang Amerika Serikat Singapura 1998 1999 2000 China Thailand persen Tabel 7.7 Perkembangan Impor Rincian 2006 2007* 2007 Perubahan (%) Nilai c&f (Juta $) Pangsa (%) Impor Nonmigas 8,0 14,6 71.907 78,2 Barang Konsumsi 18,4 46,8 7.241 6,1 Bahan Baku 7,8 12,0 50.502 56,1 Bahan Modal 5,4 11,0 14.164 15,9 Impor Migas 3,0 16,7 20.474 21,8 Total 6,9 15,0 92.381 100,0 tersebut terutama disumbang oleh peningkatan profit transfer dan reinvested earning perusahaan PMA di Indonesia. Hal ini sejalan dengan meningkatnya keuntungan dari perusahaan PMA karena prospek usaha di Indonesia yang membaik.",https://www.bi.go.id/id/publikasi/laporan/Pages/lpi_2007.aspx
2007,63,global,121,"Sementara itu, transfer berjalan mencatat surplus terutama disumbang dari transfer (TKI) yang bekerja di luar negeri. Selama 2007, transaksi transfer masuk dari TKI mencatat surplus $4,9 miliar atau meningkat 7%. Salah satu upaya yang terkait dengan perkembangan TKI adalah terealisasinya kenaikan gaji TKI di beberapa negara khususnya Timur Tengah pada 2007.3 Berdasarkan negara, Arab Saudi dan Malaysia tetap merupakan negara dengan penempatan TKI terbesar. Secara keseluruhan, posisi penempatan TKI tahun 2007 sebanyak 4,3 juta, lebih rendah dibanding tahun 2006 sebanyak 4,6 juta, Transaksi Modal dan Finansial Transaksi modal dan finansial mencatat surplus yang lebih rendah dari tahun sebelumnya menjadi $2,8 miliar. Berdasarkan komposisinya, aliran masuk bersih dalam bentuk investasi portofolio masih cukup dominan, sementara investasi langsung (FDI) menunjukkan perkembangan yang positif.",https://www.bi.go.id/id/publikasi/laporan/Pages/lpi_2007.aspx
2007,64,growth,85,"Masih relatif tingginya imbal hasil rupiah dan terjaganya stabilitas makroekonomi mendorong masuknya aliran modal portofolio. Sementara itu, berbagai kemajuan di bidang infrastruktur telah mendorong iklim investasi yang semakin kondusif dan berdampak positif bagi perkembangan FDI. Transaksi Investasi Langsung Pada tahun 2007 FDI mencatat surplus yang lebih rendah dari tahun sebelumnya, namun dengan komposisi yang lebih baik dibandingkan dengan tahun 2006. Peningkatan aliran masuk bersih FDI diimbangi oleh peningkatan aliran 3 Antara lain diatur melalui Surat Edaran No. 01/BNP2TKI/V/2007 tanggal 16 Mei 1007 dan SE No.",https://www.bi.go.id/id/publikasi/laporan/Pages/lpi_2007.aspx
2007,65,growth,93,"02/BNP2TKI/VI/ 2007 tanggal 14 Juni 2007 masing-masing tentang kenaikan upah minimum TKI di Singapura dan Arab Saudi. keluar bersih FDI (Tabel 7.9). Dari sisi liabilities, transaksi FDI mencatat kenaikan surplus sejalan dengan iklim investasi dan kegiatan ekonomi domestik yang membaik. Investasi FDI sektor migas terus meningkat sejalan dengan harga minyak yang tinggi. Peningkatan tersebut juga sejalan dengan usaha pemerintah meningkatkan produksi minyak melalui penawaran langsung sejumlah blok migas yang diadakan sejak tahun 2006. Sepanjang tahun 2007, terdapat kontrak baru untuk 35 proyek hulu dan 26 blok migas dengan total komitmen mencapai $13,0 miliar.",https://www.bi.go.id/id/publikasi/laporan/Pages/lpi_2007.aspx
2007,66,other,92,"Demikian pula halnya dengan FDI sektor nonmigas yang mencatat kenaikan selama tahun 2007. Aliran FDI masuk, baik yang bersumber dari penarikan pinjaman dari induk perusahaan di luar negeri maupun dari penambahan modal (equity) naik cukup tinggi. Salah satu sumber peningkatan modal FDI lainnya yang cukup penting adalah dalam bentuk reinvested earning. Peningkatan dari sumber tersebut mencerminkan keyakinan investor FDI pada iklim usaha di Indonesia dengan terus meningkatkan ekspansi bisnis. Selama tahun 2007, aliran masuk bersih FDI sektor migas dan nonmigas masing-masing mencatat kenaikan 18,3% dan 12,4% menjadi $0,9 miliar dan $4,6 miliar.",https://www.bi.go.id/id/publikasi/laporan/Pages/lpi_2007.aspx
2007,67,banking_resilience,96,"Dari sisi aset, terjadi kenaikan aliran modal keluar sebesar 63,0% menjadi $4,4 miliar. Hal ini dapat dipandang sebagai perkembangan yang positif karena perusahaan Indonesia mampu berkompetisi di luar negeri. Dengan demikian, meskipun secara keseluruhan FDI bersih mencatat surplus yang relatif tetap, berdasarkan komposisinya menunjukkan perkembangan yang positif. Berbagai upaya dilakukan untuk menarik minat investor asing ke Indonesia. Salah satu upaya memberi kepastian usaha telah dilakukan antara lain melalui UU No 25 tahun 2007 tentang Penanaman Modal Asing dan Inpres RI No.6 tahun 2007 tentang Kebijakan Percepatan Pengembangan Sektor Riil dan Pemberdayaan Usaha Mikro, Kecil, dan Menengah.",https://www.bi.go.id/id/publikasi/laporan/Pages/lpi_2007.aspx
2007,68,growth,216,"Melalui perangkat peraturan tersebut, kepastian usaha asing di Indonesia diharapkan Tabel 7.8 Pangsa Komoditas Impor Nonmigas Utama Berdasarkan Negara Tujuan Ekpor Singapura Jepang China Amerika Serikat Thailand Komoditas Pangsa Komoditas Pangsa Komoditas Pangsa Komoditas Pangsa Komoditas Pangsa Mesin Listrik & Alat-alatnya 2,24 Kendaraan Bermotor 1,92 Besi & Baja 1,65 Peralatan Transportasi Lainnya 0,89 Kendaraan Bermotor 1,53 Alat Telekomunikasi 1,44 Besi & Baja 1,56 Alat Telekomunikasi 1,23 Mesin Industri & Peralatan 0,54 Gula & Madu 0,49 Kimia Organik 1,43 Mesin Khusus Untuk Industri Tertentu 1,25 Mesin Listrik & Alat- alatnya 0,96 Serat Tekstil & Sisanya 0,53 Mesin Industri & Peralatan 0,43 Mesin Kantor & Pengolah Data 1,10 Mesin Industri & Peralatan 1,23 Tekstil, Benang, Kain & Produk Tekstil 0,93 Biji Minyak, Kacang & Minyak Biji- bijian 0,52 Mesin Listrik & Alat-alatnya 0,38 lebih terjamin, misalnya dari risiko nasionalisasi, penetapan bidang usaha yang terbuka dan tertutup, serta pelayanan terpadu dengan struktur birokrasi yang lebih baik. Melalui Inpres tersebut semua rencana tindak dipastikan dapat berjalan, dengan memantau implementasi tiap-tiap rencana tindak yang telah ditetapkan tahun 2006 dan tahun 2007. Selama tahun 2007, kepercayaan asing atas iklim investasi di Indonesia cenderung membaik. Berbagai lembaga pemeringkat menaikkan peringkat untuk Indonesia (sovereign rating). Secara berurutan, Moody’s, Rating & Investment, dan Japan Credit Rating Agency menaikkan rating masing-masing menjadi Ba3, BB+, dan BB.",https://www.bi.go.id/id/publikasi/laporan/Pages/lpi_2007.aspx
2007,69,growth,88,"Transaksi Investasi Portofolio Transaksi investasi portofolio mencatat peningkatan surplus dan menunjukkan ketahanan terhadap efek gejolak finansial global. Sepanjang tahun 2007, total surplus transaksi investasi portofolio mencatat $7,0 miliar atau lebih tinggi dari tahun sebelumnya. Dari sisi eksternal, meningkatnya aliran masuk modal portofolio ditunjang oleh masih besarnya likuiditas di pasar keuangan global. Dari sisi domestik, peningkatan surplus terutama dipengaruhi oleh membaiknya kepercayaan terhadap kondisi makroekonomi dan prospek ekonomi. Perbandingan imbal hasil investasi dalam bentuk rupiah juga relatif masih lebih menarik dibandingkan dengan hasil penempatan di negara emerging markets lainnya.",https://www.bi.go.id/id/publikasi/laporan/Pages/lpi_2007.aspx
2007,70,global,92,"Pasar portofolio Indonesia menunjukkan ketahanan yang meningkat dari efek kejutan di pasar global. Aliran modal keluar, sebagai akibat dari goncangan pasar finansial dunia yang dipicu oleh krisis subprime mortgage di AS, terjadi dalam jumlah yang tidak terlalu besar. Berdasarkan komponen, aliran masuk investasi portofolio sisi liabilities meningkat dibandingkan dengan tahun sebelumnya, sedangkan pada sisi aset relatif tidak banyak berubah. Secara keseluruhan, investasi portofolio pada sisi liabilities mencatat kenaikan surplus menjadi $10,0 miliar (Tabel 7.10). Di sektor publik, peningkatan surplus disumbang dari SUN dalam rupiah dan SBI, sedangkan yang bersumber SUN valas menurun.",https://www.bi.go.id/id/publikasi/laporan/Pages/lpi_2007.aspx
2007,71,growth,96,"Di sektor swasta, peningkatan surplus disumbang pembelian asing pada saham dan surat utang perusahaan domestik. Transaksi Investasi Lainnya Transaksi investasi lainnya mencatat defisit yang lebih tinggi dari tahun sebelumnya menjadi $5,9 miliar, sejalan dengan strategi pengelolaan utang pemerintah yang lebih mandiri. Di sektor publik, transaksi investasi lainnya mencatat kenaikan defisit menjadi $2,4 miliar (Tabel 7.11). Kecenderungan defisit tersebut merupakan cerminan kebijakan pemerintah yang berusaha mengurangi beban utang luar negeri dengan menerapkan strategi penarikan yang lebih rendah dari pembayaran utang. Perkembangan menarik dalam pengelolaan utang pemerintah tahun 2007 diwarnai adanya pembubaran forum CGI pada awal tahun 2007.",https://www.bi.go.id/id/publikasi/laporan/Pages/lpi_2007.aspx
2007,72,banking_resilience,72,"Dengan demikian fleksibilitas pengelolaan utang luar negeri dapat lebih baik dengan dilakukan secara bilateral. Usaha tersebut juga dibarengi dengan efektivitas pencairan pinjaman sisa komitmen yang belum ditarik. Pembubaran CGI tidak serta-merta menyebabkan penurunan pencairan utang pemerintah secara drastis. Meskipun pencairan pinjaman proyek turun, tapi pencairan pinjaman program meningkat. Pencairan utang luar negeri dalam bentuk pinjaman program yang diperoleh pada tahun 2007 bahkan meningkat menjadi $1,9 miliar dari tahun 2006 sebesar $1,5 miliar.",https://www.bi.go.id/id/publikasi/laporan/Pages/lpi_2007.aspx
2007,73,credit,95,"Demikian juga dengan penarikan utang proyek yang sebagian besar merupakan komitmen CGI tahun lalu masih cukup besar. Meskipun pencairan pinjaman pemerintah secara umum tidak mengalami hambatan, namun besaran pinjaman disesuaikan dengan kebutuhan pembiayaan fiskal dan dijaga pada level yang lebih rendah dari pembayarannya. Strategi pengelolaan utang pemerintah yang mandiri juga terefleksi pada prioritas pembiayaan yang bersumber dari domestik. Di sektor swasta, transaksi investasi lainnya mencatat kenaikan defisit menjadi $3,6 miliar. Salah satu faktor penyebab peningkatan defisit tersebut adalah aliran modal keluar negeri yang dicatat di sisi aset dalam bentuk simpanan milik residen di luar negeri.",https://www.bi.go.id/id/publikasi/laporan/Pages/lpi_2007.aspx
2007,74,bop,199,"Berdasarkan pengalaman selama ini, aliran modal keluar tersebut dapat menjadi sumber pasokan valas ketika terjadi kejutan yang Tabel 7.9 Investasi Langsung (FDI) juta $ Rincian 2005 2006 2007 FDI (net) 5.271 2.211 1.164 Ke Luar Negeri (net) -3.065 -2.703 -4.407 Di Indonesia (net) 8.336 4.914 5.571 Nonmigas 7.282 4.122 4.633 Migas 1.054 793 938 Tabel 7.10 Investasi Portofolio Sisi Liabilities juta $ Rincian 2005 2006 2007 Sektor Publik, bersih 4.826 4.514 5.270 Obligasi Valas 2.095 1.930 1.425 SUN 2.054 2.209 2.612 SBI 677 375 1.233 Sektor Swasta, bersih 444 1.593 4.711 Saham -165 1.898 3.559 Surat Utang 609 -305 1.152 Total 5.270 6.107 9.981 berakibat pada peningkatan permintaan valas di pasar domestik. Fenomena ini juga menjadi satu faktor yang dapat menjelaskan relatif stabilnya pergerakan nilai tukar rupiah di tengah ketidakpastian pasar finansial dunia. Indikator Kerentanan Eksternal Dengan pencapaian surplus pada transaksi berjalan, transaksi modal, dan finansial tersebut di atas, total NPI selama tahun 2007 mencatat surplus $12,5 miliar. Meningkatnya kinerja NPI tersebut disertai dengan struktur yang semakin baik sehingga memberikan dukungan fundamental bagi stabilitas nilai tukar rupiah sepanjang tahun 2007. Meskipun peranan arus masuk modal jangka pendek masih cukup besar, arus modal jangka panjang semakin menunjukkan perkembangan yang positif.",https://www.bi.go.id/id/publikasi/laporan/Pages/lpi_2007.aspx
2007,75,growth,197,"Indikator kerentanan eksternal cenderung membaik, Meskipun posisi ULN meningkat menjadi $136,6 miliar (Tabel 7.12), rasio ULN terhadap PDB dan ekspor tetap menurun masing-masing menjadi 31,2% dan 97,3% (Grafik 7.5). Kedua indikator tersebut semakin menunjukkan perbaikan dari batasan kritis yang ditetapkan oleh Bank Dunia. Demikian juga dengan indikator rasio pembayaran utang terhadap ekspor barang dan jasa (DSR) menjadi 19,2% atau di bawah batasan kritis 20%. Grafik 7.5 Indikator Kerentanan Sektor Eksternal Utang Luar Negeri / Ekspor Utang Luar Negeri / PDB DSR 1990 1998 2000 2002 2004 20061992 1994 1996 persen 97,3% 31,2% 19,2% Tabel 7.11 Transaksi Investasi Lainnya juta $ Rincian 2005 2006 2007 Investasi Lainnya, bersih (Sektor Publik) -848 -2.497 -2.363 Aset 0 0 0 Kewajiban -848 -2.497 -2.363 Investasi Lainnya, bersih (Sektor Swasta) -8.601 -1.296 -3.559 Aset -8.646 -1.588 -5.633 Kewajiban 45 292 2.075 Total -9.449 -3.793 -5.922 Tabel 7.12 Posisi Utang Luar Negeri Indonesia juta $ Keterangan 2005 2006 Maret Juni September Desember* Pemerintah 75.406 67.722 69.085 66.155 68.088 69.340 Swasta 48.601 50.983 51.127 52.073 53.641 53.909 a. Lembaga Keuangan 6.371 6.560 6.992 6.900 6.948 7.465 – Bank 4.042 4.544 4.963 4.935 4.837 5.351 – Bukan Bank 2.329 2.017 2.029 1.965 2.111 2.114 b.",https://www.bi.go.id/id/publikasi/laporan/Pages/lpi_2007.aspx
2007,76,global,175,"Bukan Lembaga Keuangan 42.229 44.423 44.135 45.173 46.693 46.444 Surat-surat berharga 6.646 10.031 11.071 15.253 15.218 13.391 – Pemerintah 4.666 8.087 9.105 13.233 13.147 11.269 – Bank 15 30 47 75 52 50 – Bukan Lembaga Keuangan 1.965 1.914 1.919 1.944 2.019 2.073 Total 130.652 128.736 131.283 133.482 136.947 136.640 * Angka sementara Perdagangan intraregional Asia dalam beberapa tahun terakhir cenderung meningkat. Peningkatan perdagangan intraregional ini telah menggantikan dominasi pangsa perdagangan dari Asia ke negara maju. Pangsa perdagangan intraregional untuk sesama kawasan ASEAN, ASEAN+4, negara berkembang Asia dan Asia semakin meningkat terhadap total perdagangan dunia (Grafik 1).1 Pertumbuhan intraregional negara berkembang Asia tahun 2006 mencapai 44% atau meningkat tajam dari 33% tahun 1990 (Grafik 2). Peningkatan tersebut telah menggantikan dominasi pangsa perdagangan dari negara berkembang Asia ke negara maju utama atau G3 (AS, kawasan Eropa, dan Jepang) dari 53% pada tahun 1990 menjadi sekitar 42% tahun 2006. Meskipun peranan perdagangan ke negara maju G3 masih cukup besar, menurunnya pangsa perdagangan ke negara maju merupakan perkembangan positif di tengah perlambatan ekonomi yang terjadi di negara maju.",https://www.bi.go.id/id/publikasi/laporan/Pages/lpi_2007.aspx
2007,77,growth,89,"Hal ini menunjukkan meningkatnya kemandirian perdagangan negara berkembang di kawasan Asia. Ditinjau per negara, perdagangan intraregional Asia ke AS, kawasan Eropa dan Jepang terus menunjukkan penurunan, sementara perdagangan dengan China meningkat pesat (Tabel 1). Dalam kondisi ekonomi negara maju yang melambat, maka dampak perlambatan tersebut sebagian dapat dikompensasi oleh peningkatan perdagangan dengan China dan negara lain di kawasan Asia. Peningkatan perdagangan intraregional didukung oleh tingginya pertumbuhan ekonomi kawasan Asia terutama China dan India. Perdagangan intraregional Asia yang meningkat didukung oleh tingginya pertumbuhan ekonomi kawasan terutama di China dan India.",https://www.bi.go.id/id/publikasi/laporan/Pages/lpi_2007.aspx
2007,78,global,174,"Dukungan volume PDB dan jumlah penduduk yang sangat besar menjadi sumber permintaan eksternal utama bagi negara lain di kawasan Asia. Pada tahun 2007 pangsa PDB China dan India terhadap PDB negara berkembang Asia telah lebih dari separo atau masing-masing mencapai 47,6% dan 16,0%.2 Perkembangan lain yang mendukung 1 (Negara Berkembang Asia = Asia-Jepang-Timur Tengah). (ASEAN = Indonesia, Malaysia, Singapura, Thailand, Vietnam, Filipina, Brunei Darusslam, Kamboja, Myanmar, dan Laos). (ASEAN+4 = ASEAN + Jepang+ China + India + Korea Selatan). 2 Menggunakan PDB nominal yang bersumber dari data base WEO-IMF Oktober 2007. peningkatan perdagangan intraregional adalah kebijakan relokasi industri dari negara maju, terutama dari Jepang, ke berbagai negara di Asia. Perkembangan tersebut juga didukung oleh arus investasi modal langsung ke Asia yang besar serta berbagai kebijakan kerjasama perdagangan Grafik 1 Pangsa Perdagangan Intraregional terhadap Perdagangan Dunia Intra ASEAN Trade Intra ASEAN+4 Trade persen 1992 2006 Intra Dev. Asia Trade Intra Asia Trade Sumber: Direction of Trade Statistic IMF, diolah 1990 1994 20042002200019981996 1,6 10,1 12,1 14,6 Grafik 2 Pangsa Tujuan Ekspor Negara Berkembang Asia Dev.",https://www.bi.go.id/id/publikasi/laporan/Pages/lpi_2007.aspx
2007,79,other,34,"Asia to ASEAN Dev. Asia to ASEAN+4 persen 1992 2006 Dev. Asia to Dev. Asia Dev. Asia to G3 Sumber: Direction of Trade Statistic IMF, diolah 1990 1994 20042002200019981996 In percent of total Dev.",https://www.bi.go.id/id/publikasi/laporan/Pages/lpi_2007.aspx
2007,80,bop,145,"Asia's export Perdagangan Intraregional Asia bilateral dan multilateral di kawasan Asia yang cukup intensif sejak tahun 1990-an. Ketergantungan intraregional terhadap G3 yang menurun, didukung oleh struktur perdagangan intraregional yang bersifat intra-industry, sementara perdagangan dengan negara maju lebih bersifat inter-industry.3 Intra- industry trade di dalam perdagangan sesama negara Asia mengindikasikan spesialisasi sesuai dengan daya saing komparatif tiap negara untuk tujuan ekspor. Hal ini sejalan dengan meningkatnya korelasi business cycle ke sesama negara Asia, sementara korelasi business cycle negara berkembang Asia dengan negara maju cenderung menurun (Tabel 2).4 Penurunan ketergantungan perdagangan Indonesia dengan negara maju juga tercermin dari penurunan korelasi business cycle antara Indonesia dengan ketiga negara maju tersebut. Korelasi bahkan menjadi negatif (pada periode 2003-2007), sejalan dengan periode dimana pertumbuhan ekonomi Indonesia yang cenderung ekspansif ditengah perlambatan ekonomi negara maju. Dari sisi komoditas yang diperdagangkan, perdagangan intraregional Asia didominasi oleh bahan baku dan penolong (intermediate goods).",https://www.bi.go.id/id/publikasi/laporan/Pages/lpi_2007.aspx
2007,81,bop,116,"Secara umum, pangsa ekspor dari negara berkembang Asia, termasuk Indonesia, 3 Perdagangan yang bersifat intra-industry cenderung meningkatkan korelasi siklus bisnis antar negara, sedangkan inter-industry cenderung mengurangi korelasi siklus bisnis. Lihat Harm Zebregs, Intraregional Trade in Emerging Asia, IMF Policy Discussion Paper, PDP/04/1, April 2004. 4 Perhitungan korelasi siklus bisnis berdasarkan model Phase Average Trend yang dikembangkan oleh OECD. sebagian besar dalam bentuk bahan baku (Tabel 3).5 Kecenderungan dominasi pangsa ekspor dalam bentuk bahan baku, terjadi pada perdagangan intraregional maupun dengan negara maju G3. Ekspor bahan baku tersebut sebagian besar berupa produk primer yang belum diproses lebih lanjut. Struktur ekspor tersebut, sayangnya memiliki nilai tambah yang relatif kecil dalam kegiatan sektor riil seperti misalnya penyerapan tenaga kerja.",https://www.bi.go.id/id/publikasi/laporan/Pages/lpi_2007.aspx
2007,82,growth,118,"Khusus Indonesia, struktur ekspor ke AS relatif sudah baik dengan dominasi ekspor barang konsumsi (55%) khususnya TPT. Namun demikian, ekspor dari Indonesia ke negara lain masih didominasi oleh komoditas bahan baku (barang primer). Kecenderungan ekspor komoditas primer juga terjadi ke negara utama tujuan ekspor seperti Jepang (hasil tambang, karet mentah), China (CPO dan karet mentah), dan India (CPO dan hasil tambang). Bagi perekonomian domestik, struktur ekspor yang kurang berimbang ini mengimplikasikan perlunya peningkatan sisi supply dan daya saing ekspor guna memanfaatkan momentum pertumbuhan ekonomi negara berkembang yang tinggi, dan perlunya strategi industri yang mengarah pada ekspor barang jadi sehingga bernilai tambah lebih besar. 5 Penggolongan komoditas menggunakan Broad Economic Indicators (BEC) United Nations Statistic Division 9 April 2007.",https://www.bi.go.id/id/publikasi/laporan/Pages/lpi_2007.aspx
2007,83,bop,312,"Tabel 1 Tujuan Ekspor Intraregional ke Beberapa Negara persen Negara Asal Tujuan Ekspor* Amerika Serikat Kawasan Eropa Jepang China India 1990 1999 2006 1990 1999 2006 1990 1999 2006 1990 1999 2006 1990 1999 2006 Negara Berkembang Asia 21,9 21,9 16,9 16,9 17,0 16,2 14,3 11,1 8,5 15,7 17,4 22,2 0,7 1,0 1,6 ASEAN 19,4 20,1 14,1 16,0 16,5 13,0 18,9 12,4 10,6 6,4 8,6 14,8 1,2 1,7 2,4 ASEAN+4 25,1 24,4 18,2 18,2 17,2 16,0 8,4 7,8 6,9 5,0 7,7 10,8 0,7 0,9 1,5 Indonesia 13,1 14,2 11,5 12,3 15,1 12,2 42,5 21,4 19,4 5,7 6,9 9,3 0,2 1,9 3,2 * Pangsa terhadap total ekspor negara asal. Sumber: IMF Trade Directions Statistics, diolah. Tabel 2 Korelasi Business Cycle dengan Negara Maju Amerika Serikat Kawasan Eropa Jepang 1995-98 1999-02 2003-07 1995-98 1999-02 2003-07 1995-98 1999-02 2003-07 EM Asia -0,64 0,71 0,56 0,16 0,28 0,17 0,66 0,36 0,04 Indonesia -0,50 0,10 -0,53 0,14 0,27 -0,50 0,64 0,55 -0,58 Tabel 3 Komoditas Ekspor Intraregional & Indonesia ke Beberapa Kawasan persen Negara Asal Negara Tujuan Ekspor* Amerika Serikat Kawasan Eropa Jepang China India 1995 1999 2006 1995 1999 2006 1995 1999 2006 1995 1999 2006 1995 1999 2006 Negara Berkembang Asia Barang Modal 20,1 20,0 26,0 17,5 20,6 27,0 10,2 12,5 16,6 12,5 11,8 19,0 14,9 11,1 22,0 Bahan Baku 34,8 35,3 34,0 39,4 39,9 39,3 49,3 46,5 53,2 66,5 66,1 67,4 75,8 73,7 68,4 Barang Konsumsi 43,6 42,0 36,6 40,2 36,3 29,6 39,9 37,5 25,6 20,2 18,4 9,6 6,3 8,2 5,1 Indonesia Barang Modal 12,1 6,0 4,9 3,8 4,4 7,8 1,0 1,6 2,5 2,4 1,6 4,9 1,1 0,8 2,8 Bahan Baku 42,5 39,5 39,4 55,9 50,2 59,1 81,3 81,7 84,7 84,6 83,2 87,8 89,7 81,4 91,8 Barang Konsumsi 45,3 51,3 55,4 40,3 40,6 33,1 17,0 13,2 6,8 12,5 13,1 5,0 5,7 6,3 3,9 * Pangsa terhadap total ekspor negara asal. Sumber: UN Comtrade, diolah.",https://www.bi.go.id/id/publikasi/laporan/Pages/lpi_2007.aspx
2008,1,monetary_policy,125,"RESPONS KEBIJAKAN BANK INDONESIA Kebijakan Moneter | Kebijakan Perbankan | Kebijakan Sistem Pembayaran |Koordinasi Kebijakan Moneter, Fiskal, Dan Sektor Riil V. Semakin terintegrasinya perekonomian domestik dengan perekonomian dunia telah menyebabkan meningkatnya risiko instabilitas pada perekonomian Indonesia. Perkembangan perekonomian Indonesia pada tahun 2008 penuh diwarnai oleh dinamika dan tantangan yang cukup berat seiring dengan meningkatnya risiko stabilitas ekonomi yang terutama disebabkan oleh gejolak perekonomian global. Meskipun demikian, perekonomian Indonesia masih menunjukkan ketahanan yang relatif lebih baik dibandingkan dengan negara-negara lain, khususnya di wilayah regional. Menyikapi berbagai perkembangan tersebut, respons kebijakan Bank Indonesia dilakukan secara cermat dan berhati-hati dengan mengarahkan upaya menjaga stabilitas perekonomian dan sistem keuangan dengan tetap mengacu pada pencapaian sasaran inflasi jangka menengah yang rendah dan stabil guna menopang pencapaian pertumbuhan ekonomi yang berkesinambungan.",https://www.bi.go.id/id/publikasi/laporan/Pages/lpi_2008.aspx
2008,2,global,90,"Dinamika perekonomian Indonesia pada tahun 2008 dapat dibagi dalam 2 (dua) periode yang masing- masing memiliki perbedaan cukup signifikan. Pada semester I-2008, terjadi kenaikan harga komoditas internasional yang memberikan tekanan kuat pada inflasi, sedangkan nilai tukar rupiah dan pasar finansial relatif stabil. Namun, memasuki triwulan III-2008, terjadi kontraksi pertumbuhan pada negara maju dan perlambatan ekonomi global yang menyebabkan harga komoditas internasional menurun. Sejalan dengan melambatnya ekspansi ekonomi global, kinerja ekspor mengalami penurunan. Hingga triwulan III-2008 impor masih berada pada level yang cukup tinggi sebagai akibat dari masih tingginya permintaan domestik.",https://www.bi.go.id/id/publikasi/laporan/Pages/lpi_2008.aspx
2008,3,bop,97,"RESPONS KEBIJAKAN BANK INDONESIA Sementara itu, laju ekspansi ekonomi domestik hingga triwulan III-2008 masih cukup tinggi, didorong oleh masih tingginya permintaan domestik. Masih kuatnya permintaan hingga triwulan III- 2008 memberikan tekanan tambahan terhadap perkembangan inflasi. Tekanan berat pada perekonomian mulai dirasakan pada triwulan IV-2008. Ekspor Indonesia terus menurun dan derasnya aliran keluar modal asing terkait dengan proses deleveraging di negara maju dan repricing risk terhadap aset negara berkembang memberi tekanan pada neraca pembayaran. Hal tersebut pada gilirannya juga memberi tekanan pada nilai tukar sejalan dengan semakin derasnya aliran keluar modal asing dari negara emerging markets termasuk Indonesia.",https://www.bi.go.id/id/publikasi/laporan/Pages/lpi_2008.aspx
2008,4,monetary_policy,93,"Sementara itu, turunnya harga komoditas global telah memberi kontribusi pada menurunnya tekanan inflasi domestik. Masalah lain yang dihadapi oleh perekonomian Indonesia adalah menciutnya akses korporasi dan perbankan Indonesia terhadap sumber pembiayaan luar negeri. Meskipun eksodus dana dari negara-negara berkembang mulai mereda, tanda-tanda pembalikan arus kembali masuk belum terlihat. Menyikapi kondisi di atas, Bank Indonesia melakukan serangkaian kebijakan moneter, perbankan, dan sistem pembayaran yang bertujuan untuk memitigasi dampak krisis global tersebut terhadap perekonomian domestik. Kebijakan moneter pada tahun 2008 diarahkan untuk menurunkan tekanan inflasi yang didorong oleh tingginya permintaan agregat terutama pada semester I-2008.",https://www.bi.go.id/id/publikasi/laporan/Pages/lpi_2008.aspx
2008,5,monetary_policy,106,"Memasuki triwulan IV-2008, seiring dengan turunnya harga komoditas dunia serta mulai melambatnya V. 144 BAB 5 Respons Kebijakan Bank Indonesia permintaan agregat, Bank Indonesia memperkirakan tekanan inflasi pada tahun 2009 akan menurun. BI Rate pada Desember 2008 mulai diturunkan. Strategi kebijakan moneter Bank Indonesia pada tahun 2008 diterjemahkan melalui stance kebijakan moneter yang dapat dibagi dalam 3 (tiga) periode yaitu periode BI Rate tetap (Januari-April), periode kenaikan BI Rate (Mei-Oktober), dan periode penurunan BI Rate (November-Desember). Kenaikan BI Rate mulai Mei 2008 hingga Oktober 2008 terkait dengan masih tingginya risiko inflasi sejalan dengan perkiraan kenaikan harga komoditas yang masih terus berlanjut serta masih kuatnya permintaan domestik.",https://www.bi.go.id/id/publikasi/laporan/Pages/lpi_2008.aspx
2008,6,global,123,"Sementara itu, penurunan BI Rate pada periode November 2008 sampai dengan Desember 2008 dilakukan setelah mendapat keyakinan akan menurunnya tekanan inflasi ke depan sebagai akibat dari menurunnya harga komoditas internasional dan semakin dalamnya penurunan ekspansi ekonomi dunia. Krisis keuangan global berdampak pada keketatan di pasar uang antarbank (PUAB) serta mendorong peningkatan tekanan depresiasi nilai tukar rupiah. Untuk mengurangi tekanan yang berlebihan di PUAB pada semester II-2008, Bank Indonesia menerapkan kebijakan yang bertujuan untuk melonggarkan keketatan yang sempat terjadi di PUAB. Sementara itu, upaya untuk meminimalkan volatilitas nilai tukar rupiah, Bank Indonesia melakukan kebijakan stabilisasi secara terukur dan berhati-hati serta kebijakan pengelolaan permintaan dan pasokan valuta asing. Disamping itu, sejumlah penyempurnaan juga dilakukan untuk memperkuat infrastruktur pasar keuangan sekaligus meningkatkan efektivitas transmisi kebijakan moneter.",https://www.bi.go.id/id/publikasi/laporan/Pages/lpi_2008.aspx
2008,7,banking_resilience,119,"Di sisi perbankan, kebijakan perbankan secara umum ditandai dengan upaya untuk memperkuat ketahanan sistem perbankan dalam rangka mengurangi imbas krisis global pada perbankan domestik melalui penyesuaian ketentuan Fasilitas Pendanaan Jangka Pendek (FPJP). Hal tersebut dimaksudkan untuk mempermudah akses bank umum dan BPR terhadap fasilitas pendanaan tersebut. Di samping itu, Bank Indonesia terus melanjutkan berbagai kebijakan penguatan ketahanan perbankan, baik dalam kerangka Basel II maupun Arsitektur Perbankan Indonesia (API). Langkah tersebut termasuk pengaturan secara lebih mendalam, terkait dengan upaya peningkatan transparansi perbankan, penguatan efektivitas manajemen risiko likuiditas, dan produk-produk derivatif industri perbankan. Di sektor sistem pembayaran, kebijakan pengedaran uang kartal difokuskan pada upaya optimalisasi dan efektivitas layanan dan manajemen kas dengan tetap memperhatikan misi Bank Indonesia di bidang pengedaran uang.",https://www.bi.go.id/id/publikasi/laporan/Pages/lpi_2008.aspx
2008,8,payment_system,136,"Sementara itu di sisi pembayaran nontunai, kebijakan terus diarahkan pada upaya peningkatan keamanan, penjagaan kelancaran dan kehandalan sistem pembayaran dengan upaya mitigasi risiko sistem pembayaran serta peningkatan efisiensi terhadap penyelenggaraan dan instrumen sistem pembayaran. 145BAB 5Respons Kebijakan Bank Indonesia Strategi Kebijakan Moneter Strategi kebijakan moneter melalui BI Rate diarahkan pada upaya pencapaian target inflasi dalam jangka menengah yang ditetapkan Pemerintah. Strategi tersebut ditempuh secara terukur dan hati-hati dengan mempertimbangkan tekanan inflasi ke depan, dinamika perekonomian terkini dan stabilitas sist em keuangan. Dalam implementasinya, stance kebijakan moneter selama tahun 2008 secara umum dapat dibagi dalam tiga periode yaitu periode BI Rate tetap (Januari- April), periode kenaikan BI Rate (Mei-Oktober), dan periode penur unan BI Rate (November-Desember). Perbedaan stance kebijakan dalam masing-masing periode mencerminkan adanya perubahan risiko tekanan inflasi ke depan, perkembangan ekonomi domestik dan stabilitas sistem keuangan.",https://www.bi.go.id/id/publikasi/laporan/Pages/lpi_2008.aspx
2008,9,global,101,"Perubahan risiko tersebut sangat terkait dengan semakin dalamnya krisis ekonomi global pada semester II-2008, serta potensi perlambatan ekonomi domestik yang lebih dalam. Periode BI Rate Tetap (Januari-April) Gejolak di pasar keuangan global yang dimulai sejak pertengahan tahun 2007 masih belum mereda. Kekhawatiran akan dampak krisis subprime yang lebih dalam dan resesi ekonomi di Amerika Serikat (AS) telah memicu sentimen negatif pada pelaku pasar keuangan global. Melemahnya dolar AS yang disertai dengan tertekannya pasar keuangan global memicu pengalihan investasi dari pasar finansial ke pasar komoditas yang selanjutnya mendorong peningkatan harga komoditas internasional. Tingginya harga komoditas internasional tersebut memberi tekanan pada inflasi global.",https://www.bi.go.id/id/publikasi/laporan/Pages/lpi_2008.aspx
2008,10,exchange_rate,117,"Perilaku penanam modal asing yang cenderung menghindari risiko sempat mendorong aliran keluar modal asing dari pasar keuangan domestik, meskipun secara keseluruhan triwulan I-2008 penanaman dana asing masih mencatat net inflow sebagai akibat dari masih tetap menariknya kondisi imbal hasil rupiah . Di pasar saham, aliran keluar modal asing mendorong pelemahan kinerja pasar saham. Sementara itu, di pasar obligasi, yield Surat Utang Negara (SUN) masih meningkat akibat kekhawatiran terhadap sustainabilitas fiskal dan peningkatan inflasi ke depan. Aliran keluar modal asing yang sempat terjadi menyebabkan nilai tukar secara rata-rata mengalami sedikit pelemahan dibandingkan dengan triwulan sebelumnya. Seiring dengan aliran keluar modal asing yang sempat terjadi pada awal tahun, surplus Neraca Pembayaran Indonesia (NPI) mencatat penurunan meskipun masih cukup tinggi.",https://www.bi.go.id/id/publikasi/laporan/Pages/lpi_2008.aspx
2008,11,growth,108,"Dampak gejolak eksternal belum memengaruhi pertumbuhan ekonomi domestik, sebagaimana tercermin pada masih cukup kuatnya KEBIJAKAN MONETER 5.1 146 BAB 5 Respons Kebijakan Bank Indonesia pertumbuhan ekonomi selama triwulan I-2008 sejalan masih kuatnya ekspor barang dan jasa. Di sisi inflasi, tekanan inflasi pada triwulan I-2008 lebih banyak dipengaruhi oleh faktor biaya (cost-push) yang bersumber dari luar negeri. Kenaikan harga komoditas energi dan pangan internasional mendorong peningkatan tekanan inflasi yang bersumber dari imported inflation. Tekanan inflasi yang bersumber dari melemahnya nilai tukar dalam periode ini, secara umum relatif minimal. Ekspektasi inflasi masyarakat yang meningkat, sebagaimana tercermin pada hasil survei konsumen dan pedagang eceran, juga turut memberikan sumbangan pada tekanan inflasi.",https://www.bi.go.id/id/publikasi/laporan/Pages/lpi_2008.aspx
2008,12,global,131,"Meningkatnya ekspektasi inflasi masyarakat tersebut terkait dengan kenaikan harga komoditas internasional dan kelangkaan pasokan minyak tanah. Sementara itu, kenaikan permintaan domestik masih dapat diimbangi dengan kenaikan sisi penawaran sehingga belum memberikan dampak yang signifikan pada tekanan inflasi. Dengan mempertimbangkan prospek ekonomi ke depan, perkiraan inflasi yang masih berada dalam kisaran sasaran inflasi tahun 2008, serta ketidakpastian gejolak pasar keuangan global, Bank Indonesia memutuskan untuk tetap mempertahankan level BI Rate sejak Januari 2008 hingga April 2008 pada level 8%. Perkiraan inflasi ke depan yang masih berada pada kisaran sasaran inflasi tersebut, didasari oleh pertimbangan bahwa kenaikan harga komoditas internasional akan bersifat temporer sejalan dengan melemahnya permintaan dunia akibat melambatnya aktivitas ekonomi global. Sementara itu, ketidakpastian perkembangan pasar keuangan global juga berpotensi memengaruhi aliran modal ke negara emerging markets sekaligus mengganggu stabilitas makroekonomi.",https://www.bi.go.id/id/publikasi/laporan/Pages/lpi_2008.aspx
2008,13,credit,99,"Kenaikan BI Rate juga dapat mengakselerasi penurunan harga SUN (peningkatan yield SUN) yang telah terjadi pada triwulan I-2008. Hal itu dapat mengurangi kemampuan Pemerintah untuk memperoleh pembiayaan fiskal dari penerbitan SUN. Periode BI Rate Naik (Mei-Oktober) Memasuki triwulan II-2008, perkembangan ekonomi dunia masih tetap diwarnai oleh perlambatan ekspansi ekonomi serta tingginya inflasi. Berlanjutnya tren kenaikan harga energi dan semakin tingginya harga pangan dunia telah mendorong peningkatan laju inflasi, baik di negara berkembang maupun di negara maju. Tekanan kenaikan harga minyak dunia yang semakin tinggi, pada akhirnya mendorong Pemerintah untuk menaikkan harga BBM bersubsidi rata-rata sebesar 28,7% pada Mei 2008.",https://www.bi.go.id/id/publikasi/laporan/Pages/lpi_2008.aspx
2008,14,global,80,"Meskipun langkah tersebut berhasil menjaga kepercayaan pelaku pasar atas sustainabilitas fiskal, namun di sisi lain menyebabkan inflasi meningkat cukup tajam. Inflasi IHK pada Mei 2008 mencapai 10,4% (yoy). Memasuki triwulan III-2008, tekanan global terus berlanjut sehingga semakin mendorong pelemahan ekspansi global. Sejalan dengan hal tersebut, harga komoditas internasional mulai menunjukkan penurunan, meskipun masih diliputi oleh ketidakpastian yang tinggi. Sentimen negatif yang dipicu oleh dalamnya gejolak di pasar keuangan AS telah mendorong keluarnya modal asing dari negara di kawasan, termasuk Indonesia.",https://www.bi.go.id/id/publikasi/laporan/Pages/lpi_2008.aspx
2008,15,exchange_rate,98,"Tekanan terhadap nilai tukar rupiah meningkat, meskipun dapat diredam dengan kebijakan stabilisasi Bank Indonesia. Dalam periode triwulan II dan III-2008, tekanan inflasi yang bersumber dari sisi biaya, baik yang berasal dari luar negeri maupun dalam negeri, masih cukup tinggi. Sementara itu, tekanan dari sisi permintaan mulai memberikan pengaruh yang signifikan pada inflasi. Dari sisi eksternal, tekanan inflasi yang berasal dari imported inflation terus meningkat sejalan dengan kenaikan harga komoditas energi dan pangan internasional. Harga minyak dunia sempat menyentuh level diatas 140 dolar AS per barel pada minggu keempat Juni 2008, walaupun mulai menunjukkan gejala penurunan sejak Agustus 2008.",https://www.bi.go.id/id/publikasi/laporan/Pages/lpi_2008.aspx
2008,16,exchange_rate,118,"Meskipun mengalami tekanan akibat sentimen negatif krisis keuangan global, perkembangan nilai tukar rupiah dalam periode ini relatif stabil sehingga dampaknya terhadap tekanan inflasi belum signifikan. Sementara itu, dari sisi permintaan, masih kuatnya permintaan domestik mulai memberikan sumbangan pada tekanan inflasi. Masih kuatnya permintaan domestik yang tercermin pada masih tingginya impor didorong oleh pesatnya pertumbuhan kredit. Sejalan dengan kenaikan harga komoditas internasional dan kenaikan harga BBM bersubsidi, ekspektasi inflasi masyarakat juga mengalami peningkatan, yang pada gilirannya menambah intensitas tekanan inflasi melalui dampak tidak langsung kenaikan harga BBM (second-round effect). Sebagai upaya untuk menjangkar ekspektasi inflasi ke depan serta mengendalikan permintaan domestik yang masih cukup kuat, Bank Indonesia menaikkan BI Rate secara bertahap dari 8% menjadi 9,5% pada Oktober 2008.",https://www.bi.go.id/id/publikasi/laporan/Pages/lpi_2008.aspx
2008,17,monetary_policy,168,"Kenaikan BI Rate secara gradual dilakukan dengan mempertimbangkan bahwa: (i) tekanan inflasi yang terjadi tidak hanya bersumber dari sisi permintaan (ii) kenaikan suku bunga secara drastis akan memberatkan kinerja dan stabilitas sistem keuangan termasuk perbankan. Stance kebijakan moneter yang relatif ketat hingga Oktober 2008 juga dijumpai di beberapa negara emerging markets Asia seperti Thailand, Malaysia, dan Filipina (Grafik 5.1). 147BAB 5Respons Kebijakan Bank Indonesia Periode Penurunan BI Rate (November – Desember) Periode tersebut ditandai dengan tekanan inflasi yang menurun dibandingkan dengan periode sebelumnya sebagai akibat dari makin meningkatnya intensitas krisis keuangan global yang diikuti oleh semakin dalamnya laju pelemahan ekspansi ekonomi dunia. Lambatnya ekspansi ekonomi dunia tersebut mendorong penurunan tajam harga komoditas energi dan pangan internasional yang selanjutnya menyebabkan berkurangnya tekanan inflasi yang bersumber dari imported inflation. Di sisi lain, derasnya aliran keluar modal asing akibat menurunnya kepercayaan investor terhadap emerging markets, termasuk Indonesia, dan penurunan ekspor akibat melemahnya ekspansi ekonomi global, mengakibatkan melambatnya pertumbuhan ekonomi, menurunnya kinerja NPI, dan tekanan depresiatif nilai tukar rupiah yang semakin kuat.",https://www.bi.go.id/id/publikasi/laporan/Pages/lpi_2008.aspx
2008,18,credit,102,"Namun demikian, dampak negatif pelemahan nilai tukar terhadap laju inflasi sebagian dapat dikompensasi oleh penurunan harga komoditas internasional sehingga menurunkan tekanan dari imported inflation. Dari sisi domestik, makin melambatnya laju ekpansi ekonomi domestik dan relatif stabilnya ekspektasi inflasi masyarakat merupakan faktor-faktor yang turut mendukung penurunan tekanan inflasi. Sejalan dengan melambatnya permintaan dan meningkatnya risiko kredit, penyaluran kredit perbankan menunjukkan perlambatan (Grafik 5.2). Ke depan, memburuknya kondisi ekonomi global berpotensi menurunkan prospek ekonomi domestik, sementara tekanan inflasi diperkirakan menurun. Selama tahun 2009, perekonomian domestik berpotensi tumbuh jauh lebih lambat dari tahun sebelumnya terkait dengan melambatnya pertumbuhan ekspor seiring dengan anjloknya ekspansi ekonomi global.",https://www.bi.go.id/id/publikasi/laporan/Pages/lpi_2008.aspx
2008,19,global,99,"Gejolak eksternal tersebut diperkirakan tidak memberi dampak yang signifikan pada prospek inflasi. Tekanan inflasi yang berasal dari pelemahan nilai tukar diperkirakan dapat dikompensasi dengan penurunan harga komoditas internasional sebagai akibat anjloknya ekspansi ekonomi global. Dari sisi domestik, menurunnya tekanan inflasi ditopang oleh melemahnya permintaan domestik. Berdasarkan prospek ekonomi ke depan, khususnya tekanan inflasi yang menurun dan diperkirakan berada pada kisaran proyeksinya serta perkiraan pertumbuhan ekonomi yang melambat, maka mulai terbuka ruang untuk menurunkan BI Rate. Namun demikian, momentum untuk menurunkan BI Rate pada November 2008 masih belum tepat, antara lain, disebabkan oleh berbagai faktor risiko yang melingkupi prospek ekonomi.",https://www.bi.go.id/id/publikasi/laporan/Pages/lpi_2008.aspx
2008,20,monetary_policy,118,"Risiko tersebut di antaranya berupa risiko berlanjutnya capital outflow dan meningkatnya volatilitas nilai tukar serta risiko tekanan terhadap stabilitas makro yang bersumber dari kondisi likuiditas yang secara umum masih longgar, serta preferensi bank untuk menempatkan ekses likuiditas pada instrumen yang berjangka pendek. Dengan mempertimbangkan berbagai hal tersebut, Bank Indonesia memandang belum perlu untuk mengubah stance kebijakan dan BI Rate diputuskan tetap pada level 9,5% pada November 2008. Keputusan BI untuk mempertahankan suku bunga kebijakannya ini berbeda dengan stance kebijakan moneter global. Secara umum, bank sentral, terutama di berbagai negara maju, menempuh pelonggaran kebijakan moneter guna memitigasi perlambatan ekonomi. Di samping itu, terdapat indikasi yang semakin kuat bahwa tekanan inflasi ke depan di negara maju tersebut menurun secara signifikan.",https://www.bi.go.id/id/publikasi/laporan/Pages/lpi_2008.aspx
2008,21,monetary_policy,112,"Untuk kasus Indonesia, sampai dengan triwulan III-2008, imbas dari gejolak eksternal belum menyebabkan Grafik 5.1. Suku Bunga Kebijakan Negara Berkembang Grafik 5.2. Peningkatan Kredit Bulanan Grafik IV.02 triliun rupiah 2002 2003 2004 2005 2006 2007 2008 (-20) (-10) Grafik IV.02 % Sumber: Bloomberg Thailand Filipina 5.50China 5.31 India 6.50 Hong Kong 0.50 Malaysia Vietnam 8.25 Indonesia 9.25 2.75 3.25 2006 2007 2008 I II III IV I II III IV I II III IV 148 BAB 5 Respons Kebijakan Bank Indonesia perlambatan ekspansi ekonomi secara signifikan. Ekonomi Indonesia masih menunjukkan pertumbuhan tinggi sebesar 6,1% (yoy) selama triwulan III-2008. Masih kuatnya laju ekspansi tersebut terkait dengan masih kuatnya permintaan domestik, terutama konsumsi swasta.",https://www.bi.go.id/id/publikasi/laporan/Pages/lpi_2008.aspx
2008,22,decision,150,"Selain itu, masih tingginya risiko tekanan terhadap stabilitas makro juga bersumber dari kondisi likuiditas yang secara umum masih longgar. Hal tersebut mendorong Bank Indonesia untuk tetap mempertahankan BI Rate. Seiring dengan turunnya tekanan inflasi ke depan serta untuk menghindari perlambatan ekspansi perekonomian domestik yang terlalu dalam, Bank Indonesia memutuskan untuk menurunkan BI Rate sebesar 25 bps menjadi 9,25% pada Desember 2008. Keyakinan penurunan tekanan inflasi ke depan tersebut didukung oleh: (i) indikasi anjloknya permintaan domestik yang semakin kuat, yang juga dikonfirmasi oleh ekspansi kredit perbankan yang mulai menunjukkan penurunan tajam pada Oktober 2008 dan November 2008 (ii) terjaganya kecukupan pasokan bahan pokok dan energi; (iii) minimalnya kebutuhan untuk menaikkan harga barang administered, terutama bahan bakar minyak (BBM) dalam negeri, karena rendahnya harga minyak dunia. Selain itu, penurunan BI Rate tersebut juga didasari oleh kondisi imbal hasil rupiah yang masih menarik dan merupakan upaya untuk mengurangi tekanan pada stabilitas sistem keuangan.",https://www.bi.go.id/id/publikasi/laporan/Pages/lpi_2008.aspx
2008,23,monetary_policy,120,"Pelaksanaan Kebijakan Moneter Manajemen Likuiditas di Pasar Uang Rupiah Ketatnya likuiditas global akibat krisis keuangan yang terjadi di negara maju berimbas pula pada pasar uang domestik, khususnya pada paruh kedua tahun 2008. Krisis kredit di pasar global memicu investor asing untuk mencairkan aset-asetnya yang ada di emerging markets termasuk Indonesia. Kondisi tersebut disertai pula oleh meningkatnya perilaku investor asing yang menghindari risiko, yang selanjutnya berakibat pada meningkatnya tekanan di pasar keuangan. Di samping itu, masih terdapat peluang untuk lebih menyempurnakan efektivitas kebijakan moneter melalui upaya penyelarasan sinyal kebijakan (BI Rate) dengan perkembangan pasar uang antarbank (PUAB). Menyikapi berbagai kondisi tersebut, Bank Indonesia menempuh berbagai kebijakan penyempurnaan pengelolaan likuiditas di pasar uang rupiah baik melalui perubahan skim maupun pengayaan instrumen moneter.",https://www.bi.go.id/id/publikasi/laporan/Pages/lpi_2008.aspx
2008,24,credit,105,"Pada awal tahun 2008, kondisi likuiditas di pasar uang rupiah cenderung berlebih yang sebagian di antaranya ditempatkan di Bank Indonesia dalam bentuk Sertifikat Bank Indonesia (SBI). Imbas krisis keuangan global, tingginya pertumbuhan kredit perbankan serta kontraktifnya dampak moneter dari operasi keuangan Pemerintah neto belum berdampak signifikan terhadap likuiditas sampai dengan paruh pertama tahun 2008. Sementara itu, suku bunga yang terbentuk di pasar uang bergerak bervariasi. Rata-rata suku bunga PUAB overnight (O/N) lebih rendah dari BI Rate dan dengan fluktuasi yang cukup tinggi, terutama pada triwulan I-2008. Dalam kondisi tersebut, struktur suku bunga dari tenor O/N ke 1 bulan relatif curam dan rentan terhadap risiko likuiditas.",https://www.bi.go.id/id/publikasi/laporan/Pages/lpi_2008.aspx
2008,25,monetary_policy,155,"Kondisi tersebut dapat mengganggu proses transmisi kebijakan moneter sehingga Bank Indonesia memandang perlu adanya upaya untuk menyempurnakan operasi kebijakan moneter di pasar uang rupiah. Penyempurnaan dilakukan dalam bentuk menjaga stabilitas suku bunga pasar uang antarbank (PUAB) khususnya O/N, sebagai alat transmisi kebijakan moneter, yang sekaligus pula sebagai mekanisme pembentuk struktur kurva imbal hasil jangka pendek (short term yield curve) yang lebih wajar1. Penyempurnaan tersebut diharapkan dapat meningkatkan efektivitas kebijakan moneter serta memperbaiki infrastruktur pasar keuangan, yang pada gilirannya dapat mempercepat terciptanya kondisi pasar uang yang stabil, kuat dan efisien, mengurangi risiko likuiditas atas penempatan aset/investasi jangka menengah dan panjang, serta memperdalam pasar keuangan domestik. Untuk itu, sejak Januari 2008 telah dimulai proses pentahapan penyempurnaan kerangka operasional kebijakan moneter sehingga sejak 9 Juni 2008 suku bunga PUAB O/N secara resmi digunakan sebagai target operasional kebijakan moneter, menggantikan SBI 1 bulan (Tabel 5.1). Memasuki paruh kedua tahun 2008, kondisi likuiditas sempat mengalami keketatan khususnya pada triwulan III-2008.",https://www.bi.go.id/id/publikasi/laporan/Pages/lpi_2008.aspx
2008,26,credit,131,"Kondisi tersebut terutama terkait dengan tingginya pertumbuhan kredit perbankan di tengah jauh lebih rendahnya pertumbuhan dana pihak ketiga. Di samping itu, semakin menguatnya imbas krisis di pasar keuangan global memicu investor asing untuk mencairkan aset-asetnya yang ada di emerging markets termasuk Indonesia. Kondisi tersebut mendorong meningkatnya kebutuhan likuiditas perbankan, khususnya bank-bank campuran dan kantor cabang bank asing. Krisis keuangan global yang berimbas ke nilai tukar rupiah dan kinerja pasar keuangan domestik juga berimplikasi pada naiknya risiko likuiditas dan risiko pasar sehingga direspons dengan pengetatan credit line dan credit limit antarpelaku PUAB, 1 Materi pertemuan tahunan perbankan (Banker’s Dinner), 2008 149BAB 5Respons Kebijakan Bank Indonesia khususnya kepada bank terkait asing dan bank kecil. Berbagai hal tersebut kemudian sempat memengaruhi likuiditas pada salah satu bank sehingga tidak dapat mengikuti kliring di Bank Indonesia.",https://www.bi.go.id/id/publikasi/laporan/Pages/lpi_2008.aspx
2008,27,monetary_policy,136,"Hal ini kemudian sedikit banyak menaikkan risiko antarpelaku pasar (counterparty risk) dan memengaruhi tingkat kepercayaan bertransaksi (confidence) sehingga semakin mempertajam segmentasi di PUAB. Menyikapi hal tersebut, Bank Indonesia berupaya untuk semakin mengintensifkan penggunaan berbagai instrumen moneter yang dimiliki sekaligus melakukan eksekusi kebijakan baru untuk mengurangi tekanan yang berlebihan di PUAB. Pada semester II-2008, Bank Indonesia melakukan 3 kali penyempitan koridor suku bunga (standing facilities2) sehingga menjadi BI Rate +/-50bps. Sementara itu, untuk memfasilitasi kebutuhan likuiditas 2 Standing facilities dibentuk oleh standing deposit facility atau fasilitas menyimpan di bank sentral dan standing lending facility atau fasilitas meminjam dari bank sentral. Keberadaan standing facilities membentuk koridor bagi pergerakan suku bunga yang menjadi target operasional suatu bank sentral. perbankan yang lebih berjangka panjang maka instrumen fine tune diperpanjang tenornya sampai maksimum 3 bulan dari sebelumnya yang hanya 14 hari.",https://www.bi.go.id/id/publikasi/laporan/Pages/lpi_2008.aspx
2008,28,monetary_policy,121,"Lebih lanjut Bank Indonesia juga membuka window repo tenor 2 - 14 hari dengan suku bunga 25 bps dari suku bunga repo O/N sejak Desember 2008. Bank Indonesia juga merelaksasi ketentuan Giro Wajib Minimum (GWM) menjadi hanya dalam bentuk statutory reserves sebesar 5%3 DPK pada Oktober 2008. Dalam kondisi tidak meratanya distribusi likuiditas antarbank dan menajamnya segmentasi di PUAB, berbagai kebijakan tersebut cukup efektif menyediakan likuiditas yang memadai bagi transaksi bank dan menjaga stabilitas suku bunga PUAB. Manajemen Likuiditas di Pasar Valuta Asing Krisis keuangan global, gejolak harga komoditas serta ekspektasi resesi ekonomi di berbagai kawasan berpengaruh signifikan terhadap kondisi pasokan dan 3 Dan berupa secondary reserve sebesar 2,5% dari DPK yang akan efektif berlaku pada 24 Oktober 2009. Tabel 5.1.",https://www.bi.go.id/id/publikasi/laporan/Pages/lpi_2008.aspx
2008,29,monetary_policy,323,"Rangkaian Penyempurnaan Kerangka Operasional Kebijakan Moneter I t e m L a m a B a r u Implementasi SBI Sistem Lelang 1 bulan :FRT (Fixed Rate Tender) VRT untuk semua tenor 6 Februari 20083 bulan : VRT (Variable Rate Tender) Tenor 1 dan 3 bulan 1, 3 , dan 6 bulan 6 Februari 2008 Frekuensi 1 bulan mingguan mingguan 6 Februari 2008 3 bulan 3 bulanan mingguan 6 Februari 2008 6 bulan - bulanan 23 April 2008 Fine Tune Operation (Fine Tune Kontraksi & Fine Tune Ekspansi) - Sistem Lelang FRT VRT 21 Januari 2008 - Frekuensi Operasi Tidak aktif Aktif: s.d. 2 kali sehari, pagi & sore 21 Januari 2008 - Acuan harga BI Rate 21 Januari 2008 - Tenor s.d. 14 hari 3 bulan 23 September 2008 Standing Facilities Window Time FASBI : 08:00 – 16:00 WIB FASBI : 16:00 – 17:00 WIB 1 Februari 2008Repo : 15.00 – 17.00WIB Repo : 16.00 – 17.00 WIB Koridor FASBI : BI Rate -500 bps BI Rate +/- 300 bps 3 April 2008 Repo : BI Rate +300 bps FASBI : BI Rate-200 bps, Repo : BI Rate+300 bps 4 September 2008 BI Rate +/- 100 bps 16 September 2008 BI Rate +/- 50 bps 4 Desember 2008 Repo 2 -14 hari Tenor 2 -14 hari 9 Desember 2008 Metode FRT Pricing Repo Rate standing facility + 25 bps Window time 10.00 - 12.00 WIB Eligible Asset Jenis transaksi - Repo SBI plafon 50% SBI dan SUN, plafon 100% 1 Februari 2008 - FTE SBI, plafon 100% SBI dan SUN, plafon 100% 1 Februari 2008 - Repo 2-14 hari - SBI dan SUN, plafon 100% 9 Desember 2008 150 BAB 5 Respons Kebijakan Bank Indonesia permintaan valuta asing. Secara umum, pasokan valas menurun tajam sejalan dengan derasnya aliran keluar modal asing dan menurunnya devisa hasil ekspor. Sementara itu, tingginya harga komoditas, khususnya minyak, dan ekspansi ekonomi domestik mengakibatkan peningkatan permintaan valas domestik.",https://www.bi.go.id/id/publikasi/laporan/Pages/lpi_2008.aspx
2008,30,exchange_rate,97,"Sebagai akibatnya, rupiah mengalami tekanan depresiatif yang cukup tinggi. Menghadapi kondisi tersebut, di samping melakukan kebijakan intervensi secara terukur dan hati- hati, Bank Indonesia menempuh serangkaian kebijakan pengelolaan permintaan dan pasokan valuta asing sebagai upaya untuk tetap menjaga kestabilan nilai tukar dan kondisi ekonomi makro secara keseluruhan. Sampai dengan paruh pertama tahun 2008, kondisi pasar valas ditandai dengan kelebihan permintaan. Tingginya permintaan valas terutama terkait dengan meningkatnya impor, khususnya minyak, seiring dengan kenaikan harga minyak dunia. Sementara itu, pasokan valas yang terbatas terutama bersumber dari pelaku asing sejalan dengan aliran masuk modal asing dalam instrumen keuangan domestik.",https://www.bi.go.id/id/publikasi/laporan/Pages/lpi_2008.aspx
2008,31,bop,117,"Terbatasnya pasokan valas tersebut dipicu oleh krisis likuiditas global dan berkurangnya minat investasi asing sebagai imbas lanjutan dari krisis subprime yang muncul sejak pertengahan tahun 2007. Dengan terus berlanjutnya kenaikan harga minyak, terbatasnya pasokan juga didorong oleh sentimen negatif terhadap sustainabilitas fiskal dan meningkatnya ekspektasi inflasi. Dalam kondisi neraca transaksi berjalan pada paruh pertama tahun 2008 yang masih mencatat surplus cukup besar dan respons kebijakan ekonomi makro yang cukup berhati-hati serta kebijakan stabilisasi di pasar valuta asing secara terukur dan berhati-hati dapat menahan tekanan depresiasi nilai tukar. Memasuki paruh kedua tahun 2008, kondisi kelebihan permintaan di pasar valas semakin meningkat. Tingginya permintaan valas didorong oleh masih tingginya impor, khususnya impor nonminyak, terkait dengan masih kuatnya permintaan domestik.",https://www.bi.go.id/id/publikasi/laporan/Pages/lpi_2008.aspx
2008,32,global,87,"Sementara itu, pasokan valas berkurang secara signifikan. Berkurangnya pasokan valas dari pelaku domestik didorong oleh penurunan devisa hasil ekspor seiring dengan penurunan harga komoditas internasional dan melambatnya ekspansi ekonomi dunia. Pelaku asing yang pada paruh pertama masih memasok valas dalam jumlah terbatas mencatat kelebihan permintaan sejalan dengan semakin derasnya aliran keluar modal asing. Derasnya aliran modal keluar diakibatkan oleh semakin berlanjutnya krisis keuangan global dengan intensitas yang semakin tinggi. Kondisi kelebihan permintaan di pasar valas yang disertai dengan defisit transaksi berjalan mendorong tekanan depresiasi yang semakin kuat.",https://www.bi.go.id/id/publikasi/laporan/Pages/lpi_2008.aspx
2008,33,exchange_rate,123,"Rupiah sempat diperdagangkan pada level sekitar Rp12.000,00 per dolar AS. Menghadapi hal tersebut, Bank Indonesia secara aktif terus memonitor berbagai perkembangan terkini yang terjadi di pasar valuta asing, melakukan kebijakan intervensi secara terukur dan berhati-hati, serta meluncurkan serangkaian kebijakan baik dari sisi pengelolaan permintaan maupun pasokan valuta asing (Tabel 5.2). Selain itu, pada tanggal 28 Oktober 2008, Pemerintah berkoordinasi dengan Bank Indonesia mengeluarkan 10 langkah Stabilisasi Ekonomi sebagai bagian dari upaya meminimalkan dampak gejolak pasar keuangan global. Serangkaian kebijakan Bank Indonesia dan Pemerintah yang juga disertai dengan komunikasi yang intens kepada pelaku pasar direspons cukup baik oleh pelaku pasar dan masyarakat. No Kebijakan Tujuan Tanggal Efektif Berlaku 1 Penurunan rasio GWM valuta asing untuk bank umum konvensional dan syariah dari 3,0% menjadi 1,0%.",https://www.bi.go.id/id/publikasi/laporan/Pages/lpi_2008.aspx
2008,34,money_supply,80,Untuk menambah ketersediaan likuiditas valuta dolar AS bagi bank. 13 Oktober 2008 2 Pencabutan ketentuan pasal 4 PBI No. 7/1/PBI/2005 tentang batasan posisi saldo harian Pinjaman LN jangka pendek dengan meniadakan batasan posisi saldo harian Pinjaman Luar Negeri jangka pendek maksimum 30% dari modal bank. Untuk mengurangi tekanan pembelian dolar AS karena adanya pengalihan rekening rupiah ke valuta asing oleh nasabah asing. 13 Oktober 2008 3 Perpanjangan tenor foreign exchange swap dari paling lama 7 hari menjadi sampai 1 bulan.,https://www.bi.go.id/id/publikasi/laporan/Pages/lpi_2008.aspx
2008,35,exchange_rate,74,Untuk menambah pasokan valas yang bersifat temporer. 15 Oktober 2008 4 Penyediaan pasokan valuta asing bagi perusahaan domestik melalui perbankan. Untuk memberi kepastian tersedianya valuta asing yang memadai bagi aktivitas usaha. 15 Oktober 2008 5 Pengaturan pembelian valuta asing oleh nasabah kepada Bank. Pembelian valuta asing terhadap rupiah oleh Nasabah atau Pihak Asing kepada Bank diatas USD100.000 (seratus ribu US Dollar) per bulan per Nasabah atau per Pihak Asing hanya dapat dilakukan dengan underlying.,https://www.bi.go.id/id/publikasi/laporan/Pages/lpi_2008.aspx
2008,36,bop,48,"Untuk meminimalkan transaksi valas untuk tujuan spekulatif. 13 November 2008 6 Pembelian Wesel Ekspor Berjangka oleh Bank Indonesia. Untuk menambah pasokan valas bagi eksportir. 5 Desember 2008 7 Pengaturan transaksi valas terhadap rupiah, termasuk larangan transaksi structured product . Untuk meminimalkan permintaan valas yang digunakan untuk tujuan spekulatif.",https://www.bi.go.id/id/publikasi/laporan/Pages/lpi_2008.aspx
2008,37,exchange_rate,84,"16 Desember 2008 Tabel 5.2. Kebijakan Stabilisasi Nilai Tukar Rupiah 151BAB 5Respons Kebijakan Bank Indonesia Transmisi Kebijakan Moneter Arah kebijakan moneter belum sepenuhnya direspons oleh perbankan. Hal itu, antara lain tercermin pada masih meningkatnya suku bunga deposito di penghujung tahun di tengah menurunnya BI Rate. Kondisi tersebut diperkirakan sebagai imbas lanjutan dari kondisi likuiditas perbankan yang sempat mengetat sejak pertengahan tahun 2008. Selain itu, dampak dari kenaikan BI Rate sejak Mei 2008 hingga Oktober 2008 pada perlambatan pertumbuhan kredit baru terjadi sejak November 2008.",https://www.bi.go.id/id/publikasi/laporan/Pages/lpi_2008.aspx
2008,38,monetary_policy,87,"Masih kuatnya kegiatan ekonomi domestik hingga triwulan III-2008 mengakibatkan perbankan tetap menyalurkan kreditnya. Di pasar saham dan SUN, pergerakan IHSG dan yield SUN tidak sepenuhnya merespons pergerakan BI Rate. Faktor sentimen juga turut memengaruhi pergerakan IHSG dan yield SUN. Sementara itu, komitmen menjaga stabilitas makro melalui penetapan BI Rate dipersepsikan secara positif oleh konsumen dan berkontribusi dalam menjaga ekspektasi inflasi pelaku ekonomi. Sejak ditetapkannya suku bunga PUAB O/N sebagai target operasional kebijakan moneter (Juni 2008), pergerakan BI Rate telah direspons oleh suku bunga PUAB O/N (Grafik 5.3).",https://www.bi.go.id/id/publikasi/laporan/Pages/lpi_2008.aspx
2008,39,monetary_policy,119,"Kenaikan BI Rate secara gradual selama periode Juni-Oktober 2008 telah diikuti oleh kenaikan suku bunga PUAB O/N. Arah hubungan yang sama juga ditemui ketika BI Rate tetap atau turun. Di samping suku bunga PUAB O/N, perubahan BI Rate juga telah ditransmisikan pada perubahan suku bunga PUAB dengan tenor lebih dari 1 hari (Grafik 5.4). Sejalan dengan kenaikan BI Rate pada periode Mei- Oktober 2008, rata-rata tertimbang suku bunga deposito Grafik 5.3. Suku Bunga dan Volume PUAB O/N miliar rupiah Grafik IV.01 - 2.000 4.000 6.000 8.000 7,0 7,8 8,5 9,3 10,0 % Volume PUAB O/N (rata-rata) RRT Suku Bunga PUAB O/N (rhs) 1 2 3 4 5 6 7 8 9 10 11 12 tenor 1-12 bulan mengalami peningkatan.",https://www.bi.go.id/id/publikasi/laporan/Pages/lpi_2008.aspx
2008,40,monetary_policy,99,"Kenaikan tersebut terus berlanjut pada periode turunnya BI Rate pada penghujung tahun 2008 (Grafik 5.5). Masih berlanjutnya kenaikan suku bunga deposito tersebut di tengah penurunan BI Rate merupakan imbas lanjutan dari kondisi likuiditas perbankan yang sempat mengetat sejak pertengahan tahun 2008. Keketatan likuiditas tersebut mengakibatkan perbankan berupaya untuk mendapatkan dana yang lebih besar dari masyarakat. Upaya tersebut tercermin pada lonjakan yang cukup signifikan pada suku bunga deposito tertinggi (prime rate) yang ditawarkan oleh perbankan, khususnya untuk tenor jangka pendek yaitu 1 dan 3 bulan. Kenaikan suku bunga deposito tertinggi terjadi pada kelompok Bank Asing dan Campuran serta Bank Persero.",https://www.bi.go.id/id/publikasi/laporan/Pages/lpi_2008.aspx
2008,41,monetary_policy,79,"Sementara itu, kelompok BPD merespons lebih moderat, sesuai dengan karakteristik BPD yang lebih konservatif karena memiliki sumber pendanaan yang lebih permanen dari Pemerintah Daerah. Kenaikan BI Rate direspons dengan kenaikan suku bunga kredit. Rata-rata tertimbang suku bunga untuk seluruh jenis kredit mulai mengalami kenaikan pada Juni 2008 (Grafik 5.6). Pada periode selanjutnya besaran kenaikan suku bunga kredit tersebut semakin akseleratif seiring dengan meningkatnya BI Rate dan suku bunga deposito. Besaran kenaikan suku bunga kredit tertinggi terjadi pada Oktober 2008.",https://www.bi.go.id/id/publikasi/laporan/Pages/lpi_2008.aspx
2008,42,growth,131,"Hingga penghujung tahun 2008, meskipun BI Rate mulai memasuki periode penurunan, suku bunga kredit masih meningkat terkait dengan masih meningkatnya suku bunga deposito. Sepanjang tahun 2008, rata-rata tertimbang suku bunga kredit modal kerja (KMK) mengalami peningkatan tertinggi dibandingkan dengan suku bunga kredit investasi dan konsumsi (Grafik 5.6). Kenaikan suku bunga kredit modal kerja dan investasi tersebut terutama disumbang oleh % 4,00 4,75 5,50 6,25 7,00 7,75 8,50 9,25 10,00 10,75 11,50 12,25 O/N 2 - 6 7 8 - 26 27 - 30 > 30 Jun-08Des-07 Nov-08 Des-08 Grafik 5.4. Suku Bunga PUAB Berbagai Tenor 152 BAB 5 Respons Kebijakan Bank Indonesia kelompok Bank Asing dan Campuran, sedangkan BPD justru menurunkan suku bunga kredit investasinya. Kenaikan suku bunga kredit konsumsi relatif terbatas bahkan beberapa kelompok bank menurunkan suku bunga kredit konsumsinya.",https://www.bi.go.id/id/publikasi/laporan/Pages/lpi_2008.aspx
2008,43,decision,104,"Dampak kenaikan BI Rate pada perlambatan pertumbuhan kredit baru terjadi sejak November 2008 sejalan dengan mulai melemahnya kegiatan ekonomi domestik (Grafik 5.7). Namun, seiring dengan menguatnya dampak krisis ekonomi global pada pelemahan ekonomi domestik, pertumbuhan kredit mengalami penurunan yang signifikan pada 2 bulan terakhir tahun 2008. Dengan perkembangan tersebut, pertumbuhan kredit pada Desember 2008 mencapai 26,1%, sedikit meningkat dari realisasi 25,5% pada akhir tahun 2007. Di pasar saham, pergerakan IHSG tidak sepenuhnya merespons pergerakan BI Rate (Grafik 5.8). Sepanjang tahun 2008 indeks saham bergerak bervariasi yaitu pada setengah tahun pertama cenderung bullish bahkan mencapai rekor tertinggi sepanjang sejarah bursa Indonesia dan selebihnya berperilaku kebalikannya.",https://www.bi.go.id/id/publikasi/laporan/Pages/lpi_2008.aspx
2008,44,monetary_policy,114,"Variasi tersebut dipengaruhi antara lain oleh kondisi fundamental (termasuk perubahan stance kebijakan moneter), sentimen, perilaku arus modal, serta dampak rambatan pergerakan pasar saham regional dan bursa utama dunia yang semakin tertekan khususnya paruh kedua tahun 2008. Tekanan terberat terjadi pada triwulan IV-2008 saat indeks harga saham sempat ditutup pada level terendah sepanjang tahun yaitu sebesar 1.113. Indeks kemudian sedikit membaik dan pada akhir tahun 2008 ditutup pada level 1.355 atau terkoreksi lebih dari 50% dari level penutupan tahun sebelumnya. Pelemahan kinerja indeks juga berimbas pada likuiditas pasar saham. Rata-rata likuiditas pasar sepanjang triwulan IV-2008 sempat hanya mencapai Rp2,6 triliun per hari, atau menurun signifikan dari semester I-2008 yang rata-rata mencapai Rp5,6 triliun per hari.",https://www.bi.go.id/id/publikasi/laporan/Pages/lpi_2008.aspx
2008,45,growth,151,"Sebagaimana perkembangan di pasar saham, faktor sentimen cukup dominan sehingga pergerakan yield Grafik 5.5. Suku Bunga Deposito Grafik 5.7. Pertumbuhan Kredit Grafik 5.6. Suku Bunga Kredit Grafik IV.05 % 1 Bln 3 Bln 6 Bln 12 Bln Des-07 Des-08Jun-08Mar-08 Sep-08 Grafik IV.07 %, y-o-y 2006 2007 2008 I II III IV I II III IV I II III IV Modal Kerja Investasi Konsumsi Grafik IV.05 % 12,2 12,8 13,4 14,0 14,6 15,2 15,8 16,4 17,0 KMK KI KK Des-07 Mar-08 Jun-08 Sep-08 Des-08 1,39 2,22 0,27 Grafik 5.8. BI Rate dan IHSG Grafik IV.08 indeks % sumber: Bloomberg 1.000 1.200 1.400 1.600 1.800 2.000 2.200 2.400 2.600 2.800 3.000 7,50 8,25 9,00 9,75 10,50 11,25 12,00 12,75 13,50 IHSG BI Rate (rhs) 2006 2007 2008 I II III IV I II III IV I II III IV 153BAB 5Respons Kebijakan Bank Indonesia SUN tidak sepenuhnya merefleksikan pergerakan BI Rate (Grafik 5.9).",https://www.bi.go.id/id/publikasi/laporan/Pages/lpi_2008.aspx
2008,46,global,113,"Pergerakan yield SUN selama tahun 2008 bervariasi dengan kecenderungan naik sebagai implikasi dari perubahan perilaku pemodal asing pasca menguatnya krisis keuangan global serta sentimen negatif terhadap sustainabilitas fiskal. Dalam kondisi terburuknya pada akhir Oktober 2008, yield SUN tenor acuan (benchmark) sempat menyentuh level 21%. Hal tersebut kemudian dimitigasi dengan berbagai kebijakan koordinatif antar- otoritas terkait yang ditopang oleh kondisi ekonomi makro dalam negeri yang cukup terjaga sehingga yield SUN membaik di kisaran 11,0%-11,8% pada akhir tahun 2008. Sementara itu, aktivitas perdagangan SUN cenderung melemah sebagaimana tercermin pada menurunnya rata- rata volume perdagangan harian SUN. Pada tahun 2008, rata-rata perdagangan SUN hanya mencapai Rp4,5 triliun perhari, menurun dari tahun sebelumnya sebesar Rp5,8 triliun perhari.",https://www.bi.go.id/id/publikasi/laporan/Pages/lpi_2008.aspx
2008,47,decision,163,"Komitmen menjaga stabilitas makro melalui penetapan BI Rate dipersepsikan secara positif oleh konsumen dan berkontribusi dalam menjaga ekspektasi inflasi pelaku ekonomi. Hasil survei konsumen menunjukkan indikasi perbaikan indeks ekspektasi ekonomi konsumen, Grafik 5.9. BI Rate dan Yield SUN Grafik 5.11. BI Rate dan Ekspektasi Harga Pedagang Grafik 5.10. BI Rate dan Keyakinan Konsumen Grafik IV.09 sumber: Bloomberg 1 2 3 4 5 6 7 8 9 10 11 12 7,0 7,5 8,0 8,5 9,0 9,5 10,0 % % BI Rate (rhs) Yield SUN 10 tahun Yield SUN 6 tahun Yield SUN 8 Tahun Yield SUN 4 tahun Grafik IV.10 % indeks 2005 2006 2007 2008 III IV I II III IV I II III IV I II III IV BI Rate Ekspektasi Keyakinan Konsumen (rhs) Grafik IV.11 % indeks 2005 2006 2007 2008 III IV I II III IV I II III IV I II III IV BI Rate Ekspektasi Inflasi Pedagang 6 Bulan (rhs) khususnya mulai paruh kedua tahun 2008 (Grafik 5.10).",https://www.bi.go.id/id/publikasi/laporan/Pages/lpi_2008.aspx
2008,48,monetary_policy,121,"Sementara itu, kebijakan moneter yang diterapkan juga mendorong terjaganya ekspektasi inflasi pelaku ekonomi. Pada tahun 2008, komitmen dan konsistensi kebijakan moneter untuk menjaga stabilitas ekonomi makro diperkirakan cukup efektif dalam memengaruhi pembentukan ekspektasi inflasi para pelaku bisnis di sektor riil (Grafik 5.11) 154 BAB 5 Respons Kebijakan Bank Indonesia KEBIJAKAN PERBANKAN dan mulai memberikan tekanan pada sistem perbankan nasional. Untuk mengantisipasi berlanjutnya tekanan yang dapat membahayakan stabilitas sistem keuangan dan perekonomian nasional tersebut, Pemerintah bersama Bank Indonesia mengajukan Peraturan Pemerintah Pengganti Undang-Undang (PERPPU) yang mengamandemen pasal 11 UU No.3 tahun 2004 tentang Bank Indonesia. PERPPU tersebut kemudian disetujui oleh Dewan Perwakilan Rakyat. Dengan ketentuan tersebut, perbankan dapat memperoleh akses yang lebih besar terhadap sumber dana jangka pendek dari Bank Indonesia (FPJP).",https://www.bi.go.id/id/publikasi/laporan/Pages/lpi_2008.aspx
2008,49,banking_resilience,100,"Untuk mendapatkan fasilitas tersebut, bank dapat menggunakan kredit lancar sebagai agunan. Di samping kebijakan perbankan untuk memitigasi dampak krisis global, Bank Indonesia juga terus melanjutkan berbagai kebijakan penguatan ketahanan perbankan, baik dalam kerangka Basel II maupun Arsitektur Perbankan Indonesia (API). Kebijakan tersebut dilakukan melalui implementasi program jangka pendek-menengah dan jangka panjang. Implementasi Program Jangka Pendek-Menengah Kebijakan jangka pendek-menengah yang telah diterapkan Bank Indonesia pada tahun 2008 terutama diarahkan untuk persiapan implementasi Basel II. Berbagai Sejak paruh kedua tahun 2008, kebijakan perbankan secara umum ditandai dengan upaya untuk memperkuat ketahanan sistem perbankan dalam rangka meminimalkan imbas krisis global pada perbankan domestik.",https://www.bi.go.id/id/publikasi/laporan/Pages/lpi_2008.aspx
2008,50,banking_resilience,140,"Upaya tersebut, salah satunya, dilakukan melalui penyesuaian ketentuan Fasilitas Pendanaan Jangka Pendek (FPJP), yang bertujuan untuk mempermudah akses bank umum dan Bank Perkreditan Rakyat (BPR) terhadap fasilitas pendanaan tersebut. Adapun kebijakan perbankan syariah secara khusus difokuskan pada berbagai upaya akselerasi pengembangan perbankan syariah nasional yang sejalan dengan cetak biru grand strategy pengembangan perbankan syariah Indonesia. Selain kebijakan perbankan yang terkait dengan krisis global, Bank Indonesia terus melanjutkan berbagai kebijakan penguatan ketahanan perbankan, baik dalam kerangka Basel II dan Arsitektur Perbankan Indonesia (API). Kebijakan Perbankan Konvensional Kebijakan perbankan pada tahun 2008 ditujukan untuk memperkuat ketahanan sistem perbankan dalam upaya memitigasi dampak krisis ekonomi global terhadap perbankan domestik. Dalam paruh kedua tahun 2008, intensitas krisis keuangan global semakin meningkat 5.2 155BAB 5Respons Kebijakan Bank Indonesia program terkait rencana implementasi Basel II yang telah dilaksanakan pada tahun 2008 adalah sebagai berikut : a.",https://www.bi.go.id/id/publikasi/laporan/Pages/lpi_2008.aspx
2008,51,banking_resilience,101,"Pilar 1 (kebutuhan modal minimum) Pada akhir triwulan III-2008 telah diterbitkan PBI No. 10/15/PBI/2008 tentang perhitungan Kewajiban Penyediaan Modal Minimum (KPMM) oleh bank yang akan berlaku efektif sejak 1 Januari 2009. Untuk meningkatkan pemahaman terhadap substansi ketentuan ini, kegiatan sosialisasi telah dilakukan yang diikuti oleh bank dan pengawas bank. b. Pilar 2 (proses review pengawasan ) Telah diterbitkan consultative paper (CP) “Implementasi Pilar 2 Sesuai Basel II di Indonesia”. Substansi CP ini mencakup penjabaran dari 4 prinsip yang ada dalam Pilar 2, yaitu internal capital adequacy assessment process (ICAAP), supervisory review process and evaluation (SREP), CAR above minimum and early intervention.",https://www.bi.go.id/id/publikasi/laporan/Pages/lpi_2008.aspx
2008,52,global,139,"Masih terkait dengan Pilar 2, program kerja lainnya yang telah dilakukan antara lain berupa penyusunan kajian dan rekomendasi ketentuan terkait dengan interest rate risk in the banking book (IRRBB), risiko konsentrasi dan risiko likuiditas. c. Pilar 3 (disiplin pasar) Program kerja terkait pilar ini lebih mengarah pada penyempurnaan kerangka laporan publikasi bank yang sesuai dengan standar internasional yang telah diadopsi dalam Pernyataan Standar Akuntansi Keuangan Indonesia (PSAK) 55 dan 50. Sebagai pedoman pelaksanaan PSAK dimaksud, Bank Indonesia bekerja sama dengan Ikatan Akuntan Indonesia (IAI) dan perbankan telah menyelesaikan penyusunan revisi Pedoman Akuntansi Perbankan Indonesia (PAPI) jilid 1. Sejalan dengan rencana implementasi Basel II tersebut, telah dibentuk pula Working Group Sistem Informasi Perbankan di Bank Indonesia yang bertugas melakukan penyempurnaan Laporan Bulanan Bank Umum (LBU). Implementasi Program Jangka Panjang Program jangka panjang sektor perbankan tertuang dalam Arsitektur Perbankan Indonesia (API).",https://www.bi.go.id/id/publikasi/laporan/Pages/lpi_2008.aspx
2008,53,growth,166,"Dalam hal ini, Bank Indonesia masih mengkaji penyempurnaan arah kebijakan tersebut dengan memperhatikan beberapa tantangan ke depan yang masih harus dihadapi untuk mewujudkan sistem perbankan yang sehat, kuat dan efisien untuk mendukung pertumbuhan ekonomi nasional serta siap menghadapi Masyarakat Ekonomi ASEAN (MEA) tahun 2015. Implementasi Pilar 1 API pada tahun 2008, antara lain, meliputi: (i) mengkaji beberapa strategi konsolidasi perbankan; dan (ii) merilis beberapa usulan pengembangan Lembaga Penjaminan Kredit Daerah (LPKD) dalam rangka mengoptimalkan peran LPKD dan implementasi skim penjaminan kredit di daerah. Sebagai kelanjutan program pembentukan Lembaga Riset Perbankan Daerah (LRPD) dalam rangka peningkatan kualitas pengaturan perbankan (Pilar 2), Bank Indonesia telah menugaskan 3 LRPD (CBR Unand, PuslitBank FE USU dan LRP Jatim Unibraw) untuk melaksanakan 5 penelitian dengan topik UMKM, microbanking, ketahanan pangan, edukasi nasabah dan ASEAN trade facilitation. Sertifikasi manajemen risiko dan good corporate governance (GCG) terus dijalankan guna meningkatkan kualitas manajemen dan operasional perbankan (Pilar 4). Beberapa langkah yang telah dilakukan, antara lain, adalah pelaksanaan ujian sertifikasi manajemen risiko, penyempurnaan PBI No.",https://www.bi.go.id/id/publikasi/laporan/Pages/lpi_2008.aspx
2008,54,credit,119,"7/25/PBI/2005 tentang Sertifikasi Manajemen Risiko yang diharapkan selesai pada awal tahun 2009 guna mendukung tercapainya target pelaksanaan sertifikasi manajemen risiko pada tahun 2010, serta penyusunan alat analisis untuk melakukan penyamaan persepsi penilaian kelengkapan dan kualitas laporan dan self assessment GCG. Pengembangan infrastruktur perbankan (Pilar 5) difokuskan pada peningkatan kualitas data dan penguatan sistem operasional Biro Informasi Kredit. Selain itu, Bank Indonesia juga akan menerbitkan Surat Edaran (SE) Ekstern Sistem Informasi Debitur (SID) Bank Umum dalam waktu dekat, sedangkan untuk SE Intern SID Bank Umum masih dalam proses finalisasi dengan satker terkait. Dalam rangka peningkatan perlindungan nasabah (Pilar 6), penyempurnaan di bidang mediasi perbankan dan edukasi masyarakat terus dilakukan. Dalam hal mediasi, Bank Indonesia secara terus-menerus melakukan sosialisasi dan diseminasi.",https://www.bi.go.id/id/publikasi/laporan/Pages/lpi_2008.aspx
2008,55,credit,90,"Sementara itu, sebagai bentuk perwujudan dari pencanangan tahun Edukasi Masyarakat di Bidang Perbankan, telah disusun konsep pelaksanaan edukasi masyarakat. Strategi dari kegiatan tersebut diharapkan mampu mendorong industri perbankan untuk melakukan edukasi. Ke depan, edukasi masyarakat akan dilakukan oleh industri perbankan dan Bank Indonesia hanya akan memberikan dorongan dan melakukan pengawasan. 156 BAB 5 Respons Kebijakan Bank Indonesia Kebijakan Kredit Usaha Mikro Kecil dan Menengah (UMKM) Sepanjang tahun 2008, berbagai upaya dalam bentuk pemberian bantuan teknis telah dilakukan untuk pengembangan UMKM. Bantuan teknis tersebut diwujudkan dalam bentuk penyediaan informasi dan pelatihan.",https://www.bi.go.id/id/publikasi/laporan/Pages/lpi_2008.aspx
2008,56,credit,173,"Penyediaan informasi dalam rangka peningkatan akses pembiayaan perbankan kepada UMKM dilakukan melalui: (i) Penelitian pola pembiayaan (lending model) terhadap 15 komoditas/jenis usaha4; (ii) Penelitian komoditas, produk, jasa usaha (KPJU) unggulan UMKM, yang dahulu dikenal sebagai Baseline Economic Survey (BLS)5; (iii) Pengembangan database profil UMKM6 sebagai sarana promosi UMKM dan upaya menjembatani gap informasi perbankan terhadap keberadaan UMKM; dan (iv) Pengembangan UMKM melalui pendekatan klaster di Kantor Bank Indonesia (KBI) dan Kantor Pusat. Adapun bantuan teknis berupa pelatihan dilakukan kepada bank dan Konsultan Keuangan Mitra Bank (KKMB). Selanjutnya dalam rangka meningkatkan cakupan dan kualitas pelatihan telah dilaksanakan pelatihan dan workshop dengan beberapa topik antara lain credit scoring, selected sector lending dan making microfinance work bekerjasama dengan lembaga internasional seperti InWent, GTZ Profi, dan ILO. Sementara itu, terkait dengan Kredit Usaha Rakyat (KUR), Bank Indonesia sebagai mitra Pemerintah sedang mengkaji kemungkinan penurunan bobot risiko dalam ketentuan perhitungan ATMR bagi kredit perbankan yang dijamin dan memenuhi persyaratan tertentu. Terkait dengan data kredit MKM, sampai dengan tahun laporan, Bank Indonesia masih mengikuti definisi kredit MKM berdasarkan plafon.",https://www.bi.go.id/id/publikasi/laporan/Pages/lpi_2008.aspx
2008,57,credit,81,"Namun, sesuai dengan UU No. 20 tahun 2008 tentang UMKM tanggal 4 Juli 2008, definisi kredit MKM dan kriteria usaha kecil mengacu pada kriteria usaha berdasarkan kekayaan bersih atau hasil penjualan tahunan. Sehubungan dengan hal tersebut, saat ini sedang dilakukan pengkajian untuk menyesuaikan definisi kredit MKM dan kriteria usaha kecil berdasarkan UU No. 20 tahun 2008. 4 Dari kelimabelas usaha tersebut 10 di antaranya merupakan usaha di sektor perikanan baik darat maupun laut yang dilaksanakan bekerjasama dengan Departemen Kelautan dan Perikanan.",https://www.bi.go.id/id/publikasi/laporan/Pages/lpi_2008.aspx
2008,58,credit,176,"Cakupan informasi pola pembiayaan antara lain meliputi aspek pemasaran, aspek teknis produksi, aspek keuangan, aspek dampak ekonomi dan lingkungan 5 Dari survei ini akan dihasilkan ± 10 komoditas unggulan di setiap sektor maupun di tingkat kecamatan, kabupaten/kota sampai ke tingkat provinsi. Pada tahun 2008 terdapat 10 KBI yang melaksanakan penelitian tersebut 6 Database dapat diakses pada www.bi.go.id Nilai lebih dari database tersebut adalah tersedianya aspek keuangan yang dapat dimanfaatkan perbankan dalam proses penilaian kredit Sejalan dengan upaya pengembangan keuangan mikro, Bank Indonesia bersama Gerakan Bersama Pengembangan Keuangan Mikro Indonesia, pada tanggal 28-30 Juli 2008 di Nusa Dua, Bali, telah menyelenggarakan Asia-Pacific Regional Microcredit Summit 2008 yang merupakan rangkaian kegiatan Microcredit Summit Campaign ke-12. Salah satu hasil summit ini yaitu dukungan dari berbagai lembaga keuangan mikro, dengan nasabah lebih dari 74 juta orang, terhadap program microfinance transparency yang, antara lain, meliputi transparansi pada interest rate pricing. Kegiatan yang diikuti oleh 917 peserta yang berasal dari 50 negara ini merupakan salah satu komitmen untuk mencapai Millenium Development Goals dalam mengatasi kemiskinan. Pembicara yang hadir salah satunya yaitu Prof.",https://www.bi.go.id/id/publikasi/laporan/Pages/lpi_2008.aspx
2008,59,money_supply,132,"Muhamad Yunus, penerima Nobel Perdamaian 2006. Kebijakan Bank Perkreditan Rakyat (BPR) Melengkapi ketentuan fasilitas likuiditas bagi perbankan dalam rangka mengantisipasi meluasnya risiko likuiditas sebagai dampak terjadinya krisis keuangan global, sekaligus sebagai upaya menjaga kepercayaan masyarakat terhadap perbankan, khususnya Bank Perkreditan Rakyat (BPR), pada tanggal 5 Desember 2008 telah diterbitkan PBI No.10/35/PBI/2008 tentang FPJP bagi BPR. Penerbitan PBI diikuti dengan dirilisnya SE Ekstern No.10/45/DKBU tanggal 12 Desember 2008 sebagai pedoman dalam rangka pelaksanaan mekanisme FPJP bagi BPR. Penyediaan fasilitas ini bagi BPR juga dimaksudkan untuk memberikan kesempatan yang sama (equal treatment) kepada BPR untuk memperoleh fasilitas pendanaan Bank Indonesia bila mengalami kesulitan likuiditas dalam jangka pendek. Sementara itu, agar BPR lebih fokus pada kegiatan operasionalnya khususnya penanganan permasalahan likuiditas, BPR diberikan kelonggaran berupa penundaan atas pemenuhan kewajiban ketentuan Pembentukan Penyisihan Aktiva Produktif (PPAP).",https://www.bi.go.id/id/publikasi/laporan/Pages/lpi_2008.aspx
2008,60,other,149,"BPR diberikan kelonggaran batas waktu pemenuhan PPAP sampai dengan 100% paling lambat 6 bulan setelah kolektabilitas penempatan Antar Bank Aktiva (ABA)-nya digolongkan Macet. Kolektabilitas macet tersebut terkait dengan penetapan status bank penerima penempatan dana Dalam Pengawasan Khusus. Sementara itu, penyempurnaan cetak biru BPR dilakukan sebagai upaya pengembangan BPR ke depan, khususnya untuk memperkuat industri BPR, mengoptimalkan peran dan kontribusi BPR sebagai community bank dalam mendukung community development, serta mampu bertahan dalam menghadapi krisis. Untuk mendukung penyempurnaan cetak biru 157BAB 5Respons Kebijakan Bank Indonesia tersebut telah dilakukan penelitian pemetaan profil BPR dalam rangka penetapan stratifikasi industri BPR sebagai upaya untuk menetapkan kebijakan dan pengawasan yang sesuai dengan kapasitas dan risiko BPR. Kebijakan Pengembangan Perbankan Syariah Sebagai kelanjutan program pengembangan perbankan syariah tahun 2007, maka pada tahun 2008 kebijakan pengembangan perbankan syariah nasional ditandai dengan pelaksanaan beberapa kegiatan yang meliputi bidang-bidang penelitian, pengaturan dan pengembangan serta perizinan dan pengawasan perbankan syariah.",https://www.bi.go.id/id/publikasi/laporan/Pages/lpi_2008.aspx
2008,61,credit,140,"Pelaksanaan kegiatan-kegiatan tersebut bertujuan untuk mendukung pertumbuhan perbankan syariah yang pada gilirannya diharapkan dapat mendorong pertumbuhan dan perkembangan sektor riil. Kegiatan penelitian yang dilakukan selama tahun 2008 difokuskan pada penelitian dalam rangka peningkatan kualitas pengelolaan risiko pada perbankan syariah dan penelitian terhadap upaya-upaya yang dapat dilakukan oleh perbankan syariah untuk mendorong pertumbuhan sektor riil dan pasar keuangan syariah. Kegiatan penelitian peningkatan kualitas pengelolaan risiko meliputi penelitian tentang penerapan manajemen risiko pada perbankan syariah dan pengembangan instrumen lindung nilai berbasis syariah. Sementara itu, kegiatan penelitian yang bertujuan mendorong pertumbuhan sektor riil mencakup kajian model pembiayaan syariah untuk usaha mikro, kecil dan menengah (UMKM) di sektor pertanian serta kajian pengembangan pasar keuangan syariah. Sementara itu, fokus kegiatan pengembangan perbankan syariah pada periode laporan diarahkan untuk mencapai target kuantitatif melalui berbagai paket kebijakan dan program inisiatif yang dapat mendorong pertumbuhan industri secara signifikan.",https://www.bi.go.id/id/publikasi/laporan/Pages/lpi_2008.aspx
2008,62,banking_resilience,144,"Dari kegiatan sosialisasi yang telah dilakukan, dapat disimpulkan bahwa program edukasi publik bagi proses pengenalan perbankan syariah memerlukan bukti nyata kualitas pelayanan sesuai dengan nilai-nilai yang ditawarkan. Selain itu, program edukasi publik yang efektif dan efisien bergantung pada strategi pemanfaatan media massa yang dapat menyampaikan informasi mengenai keunggulan layanan perbankan syariah di antaranya melalui ragam produk dan jangkauan layanan (outreach). Terkait dengan hal tersebut, dalam Festival Ekonomi Syariah (FES) yang diselenggarakan pada tanggal 16- 20 Januari 2008, Dewan Gubernur Bank Indonesia secara resmi telah meluncurkan program iB Marketing Campaign 2008 dan mencanangkan inisiatif penyusunan Grand Strategy Pengembangan Pasar Perbankan Syariah. Program tersebut terdiri dari rangkaian kegiatan komunikasi/sosialisasi dalam rangka meningkatkan public awareness, yang melibatkan Bank Indonesia dan pelaku perbankan syariah. Dengan adanya program ini diharapkan terjadi keselarasan dan sinergi antara kebijakan dan program Bank Indonesia dengan industri dalam meningkatkan public awareness mengenai bank syariah.",https://www.bi.go.id/id/publikasi/laporan/Pages/lpi_2008.aspx
2008,63,global,223,"Grand Strategy Pengembangan Pasar Perbankan Syariah merupakan salah satu langkah yang dilakukan oleh Bank Indonesia untuk menempatkan industri perbankan syariah sebagai pendamping industri perbankan konvensional dalam menopang proses pembangunan ekonomi secara berkesinambungan. Untuk mencapai hal tersebut, Bank Indonesia telah menetapkan visi baru perbankan syariah di Indonesia sebagai perbankan syariah terkemuka di ASEAN pada tahun 2010. Implementasi grand strategy ditetapkan secara bertahap yang terdiri dari tiga fase pencapaian sebagai berikut: Fase I (2008): “Membangun Pemahaman Perbankan Syariah Sebagai Beyond Banking” Fase II (2009): “Menjadikan Perbankan Syariah Indonesia Sebagai Perbankan Syariah Paling Atraktif di ASEAN” Fase III (2010): “Menjadikan Perbankan Syariah Indonesia Sebagai Perbankan Syariah Terkemuka di ASEAN” Melalui program grand strategy yang diterapkan, tema komunikasi telah bergeser dari asset share ke industrial growth, yang ditopang oleh kualitas operasional yang semakin efisien dan kompetitif baik dalam pasar domestik maupun global. Sehubungan dengan hal tersebut, akan dilakukan beberapa program kegiatan yang meliputi (1) Program pencitraan baru perbankan syariah; (2) Program pengembangan segmen pasar perbankan syariah; (3) Program pengembangan produk; (4) Program peningkatan pelayanan; dan (5) Program sosialisasi dan komunikasi terhadap stakeholders yang terkait secara langsung maupun tidak langsung untuk pengembangan pasar. Kebijakan pengaturan selama tahun 2008 diarahkan pada upaya untuk mengantisipasi perkembangan yang terjadi pada area perpajakan dan perundang-undangan yang terkait dengan perbankan syariah, yaitu Undang- • 158 BAB 5 Respons Kebijakan Bank Indonesia Undang No.",https://www.bi.go.id/id/publikasi/laporan/Pages/lpi_2008.aspx
2008,64,credit,112,"21 tahun 2008 tentang Perbankan Syariah dan Undang-Undang No.19 tahun 2008 tentang Surat Berharga Syariah Negara. Sebagai tindak lanjut amanat Undang- Undang tersebut, Bank Indonesia mengeluarkan beberapa ketentuan baru dan menyempurnakan berbagai ketentuan yang telah dikeluarkan sebelumnya. Hal tersebut dilakukan dengan mempertimbangkan pula lingkungan global yang sedang mengalami krisis. Dengan demikian, bank syariah sebagai bagian dari sistem perbankan di Indonesia dapat pula mengantisipasi potensi dampak lanjutan yang dapat ditimbulkan. Beberapa pengaturan mengenai bank syariah pada tahun laporan, antara lain, meliputi kegiatan penghimpunan dan penyaluran dana serta pelayanan jasa, mekanisme pengeluaran produk baru, restrukturisasi pembiayaan, penyempurnaan ketentuan mengenai penilaian kualitas aktiva untuk Bank Umum Syariah dan Unit Usaha Syariah, dan penyesuaian GWM Valas.",https://www.bi.go.id/id/publikasi/laporan/Pages/lpi_2008.aspx
2008,65,other,141,"Sementara itu, kegiatan pengawasan selama tahun 2008 yang dilakukan oleh Bank Indonesia diarahkan pada penguatan sistem perbankan syariah dengan melalui penerapan pengawasan berdasarkan risiko, evaluasi penerapan good corporate governance (GCG), penilaian atas penerapan prinsip mengenal nasabah (KYC-Know Your Customers) dan Undang-Undang Tindak Pidana Pencucian Uang (TPPU), serta peningkatan kompetensi pengawas dan pengembangan sistem informasi pendukung pengawasan. . 159BAB 5Respons Kebijakan Bank Indonesia Undang-Undang No. 21 tahun 2008 tentang Perbankan Syariah telah disahkan oleh Presiden Republik Indonesia pada tanggal 16 Juli 2008. Dengan diberlakukannya Undang-Undang yang terdiri dari 13 Bab dan 70 Pasal ini maka keberadaan bank syariah di tanah air semakin memiliki landasan hukum yang lebih jelas. Dalam Undang-Undang ini terdapat beberapa ketentuan yang belum diatur dalam Undang-Undang No.10 tahun 1998 tentang Perbankan yang wajib dipenuhi oleh bank-bank syariah dengan masa transisi paling lama 1 tahun sejak mulai berlakunya Undang-Undang ini.",https://www.bi.go.id/id/publikasi/laporan/Pages/lpi_2008.aspx
2008,66,credit,146,"Beberapa ketentuan baru yang diatur dalam Undang- Undang ini antara lain: Istilah BPRS yang sebelumnya merupakan singkatan dari “Bank Perkreditan Rakyat Syariah” menjadi “Bank Pembiayaan Rakyat Syariah”. Penegasan asas perbankan syariah dalam kegiatan operasionalnya yang mencakup prinsip syariah, demokrasi ekonomi, dan prinsip kehati-hatian. Penjelasan pengertian ”kegiatan usaha yang berasaskan prinsip syariah”, yaitu kegiatan usaha yang tidak mengandung unsur riba, maysir, gharar, haram, dan zalim. Penegasan tujuan perbankan syariah yaitu menunjang pelaksanaan pembangunan nasional dalam rangka meningkatkan keadilan, kebersamaan, dan pemerataan kesejahteraan rakyat dengan tetap berpegang pada Prinsip Syariah secara menyeluruh (kaffah) dan konsisten (istiqamah). Pemberian keleluasaan pada bank syariah dan Unit Usaha Syariah (UUS) menjalankan fungsi sosial sebagai lembaga Baitul Mal yaitu menerima zakat, infaq, sedekah, hibah atau dana sosial lainnya dan menyalurkannya kepada organisasi pengelola zakat, serta menghimpun dana sosial dari wakaf uang dan • menyalurkannya kepada pengelola wakaf (nazhir) sesuai kehendak pemberi wakaf (wakif).",https://www.bi.go.id/id/publikasi/laporan/Pages/lpi_2008.aspx
2008,67,other,130,"Penetapan ketentuan mengenai spin off yang mencakup spin off sukarela dan spin off wajib. Dalam spin off wajib, Bank Umum Konvensional (BUK) yang memiliki UUS dengan nilai aset mencapai minimal 50% dari total nilai aset bank induknya atau 15 tahun sejak berlakunya UU ini, wajib melakukan pemisahan UUS tersebut menjadi Bank Umum Syariah (BUS). Penetapan ketentuan yang mengatur bahwa apabila terjadi penggabungan atau peleburan bank syariah dengan bank lainnya, maka bank hasil penggabungan atau peleburan tersebut wajib menjadi bank syariah. Penetapan ketentuan mengenai pembentukan Komite Perbankan Syariah oleh Bank Indonesia dalam rangka penyusunan Peraturan Bank Indonesia (PBI). Penegasan ketentuan mengenai kewajiban bank syariah dan Bank Umum Konvensional (BUK) yang memiliki UUS untuk membentuk Dewan Pengawas Syariah yang diangkat oleh Rapat Umum Pemegang Saham (RUPS) atas rekomendasi Majelis Ulama Indonesia (MUI).",https://www.bi.go.id/id/publikasi/laporan/Pages/lpi_2008.aspx
2008,68,payment_system,198,"Penetapan ketentuan yang memberikan wewenang kepada Bank Indonesia untuk dapat melakukan pemeriksaaan dan pengambilan data/dokumen dari setiap tempat yang terkait dengan bank dan dari setiap pihak yang menurut penilaian Bank Indonesia memiliki pengaruh terhadap bank, serta dapat memerintahkan bank melakukan pemblokiran rekening tertentu, baik rekening simpanan maupun rekening pembiayaan. Penegasan ketentuan mengenai penyelesaian sengketa perbankan syariah baik melalui proses musyawarah maupun proses penyelesaian lainnya. • Boks : Undang-Undang No. 21 Tahun 2008 tentang Perbankan Syariah 160 BAB 5 Respons Kebijakan Bank Indonesia KEBIJAKAN SISTEM PEMBAYARAN Kebijakan sistem pembayaran pada tahun 2008, secara umum tetap diarahkan pada peningkatan efisiensi dan efektivitas sistem pembayaran sebagai salah satu komponen pendukung dalam pemeliharaan stabilitas sistem keuangan secara keseluruhan. Di sisi instrumen pembayaran tunai, kebijakan pengedaran uang difokuskan pada upaya optimalisasi dan efektifivitas layanan dan manajemen kas dengan tetap memperhatikan misi Bank Indonesia di bidang pengedaran uang yaitu pemenuhan kebutuhan uang kartal dalam jumlah yang cukup, nominal yang sesuai, layak edar, dan tepat waktu. Sementara itu, di sisi instrumen nontunai, kebijakan terus diarahkan pada upaya peningkatan keamanan, penjagaan kelancaran dan kehandalan sistem pembayaran dengan upaya mitigasi risiko sistem pembayaran, peningkatan efisiensi terhadap penyelenggaraan dan instrumen sistem pembayaran dengan tetap memperhatikan aspek perlindungan konsumen.",https://www.bi.go.id/id/publikasi/laporan/Pages/lpi_2008.aspx
2008,69,payment_system,124,"Instrumen Tunai Sepanjang tahun 2008, kebijakan pengedaran uang senantiasa dilakukan dengan memperhatikan dinamika perekonomian. Sesuai dengan dinamika tersebut, respons kebijakan Bank Indonesia di bidang pengedaran uang difokuskan pada upaya optimalisasi dan efektivitas layanan serta manajemen kas dengan tetap memperhatikan misi Bank Indonesia di bidang pengedaran uang yaitu pemenuhan kebutuhan uang kartal dalam jumlah yang cukup, nominal yang sesuai, layak edar, dan tepat waktu. Selanjutnya, untuk mengantisipasi peningkatan temuan uang palsu, upaya penanggulangan beredarnya uang palsu masih menjadi fokus kebijakan yang harus dilakukan secara berkesinambungan. Secara eksternal, implementasi kebijakan pengedaran uang tersebut berpengaruh terhadap optimalisasi manajemen likuiditas perbankan. Sementara secara internal, berdampak terhadap efisiensi biaya dan optimalisasi sumber daya sehingga pada gilirannya dapat berperan serta dalam menjaga stabilitas perekonomian menghadapi dampak gejolak krisis keuangan global.",https://www.bi.go.id/id/publikasi/laporan/Pages/lpi_2008.aspx
2008,70,exchange_rate,180,"Serangkaian kebijakan sepanjang tahun 2008 meliputi: (i) peningkatan layanan kas tanpa fee; (ii) implementasi penuh kegiatan penyetoran dan penarikan uang di Bank Indonesia; (iii) pengimplementasian fungsi cash center; dan (iv) penyusunan materi awal cetak biru pengedaran uang sebagai strategi dan arah kebijakan pengedaran uang jangka menengah panjang. Sementara itu, dalam upaya untuk mengantisipasi penyebaran uang palsu dan kejahatan pemalsuan uang, Bank Indonesia menerapkan 5.3 161BAB 5Respons Kebijakan Bank Indonesia kebijakan peningkatan koordinasi, perluasan sasaran pengenalan ciri-ciri keaslian uang rupiah, serta mencabut dan menarik uang dari peredaran. Strategi Bank Indonesia dalam meningkatkan layanan kas yang tidak berbasis fee diawali dengan penghentian kerjasama Bank Indonesia dengan pihak ketiga dalam rangka layanan kas penukaran uang kecil dan pemenuhan uang di wilayah terpencil dan perbatasan. Sehubungan dengan hal tersebut, untuk mengatasi dampak kemungkinan terhambatnya proses layanan penukaran, Bank Indonesia secara aktif melakukan langkah strategis dengan meningkatkan kegiatan kas keliling baik di Kantor Pusat maupun Kantor Bank Indonesia. Di samping itu, dilakukan optimalisasi peran perbankan dan kerjasama dengan BPR melalui Perhimpunan Bank Perkreditan Rakyat (Perbarindo) dalam rangka penukaran uang pecahan kepada masyarakat dan nasabah korporat.",https://www.bi.go.id/id/publikasi/laporan/Pages/lpi_2008.aspx
2008,71,payment_system,94,"Pada tahun 2008, kerjasama tersebut telah diimplementasikan melalui 4 bank umum, serta 6 koordinator BPR dan 1 BPR Syariah di wilayah Jabodetabek. Kebijakan setoran bayaran bank yang telah diujicobakan sejak tahun 2005 mulai dimplementasikan secara penuh pada tahun 2008. Hal tersebut sejalan dengan telah diberlakukannya Surat Edaran (SE) No.9/37/DPU tanggal 27 Desember 2007 perihal Penyetoran dan Penarikan Uang Rupiah oleh Bank Umum di Bank Indonesia. Pemberlakuan ketentuan tersebut telah mendorong peningkatan transaksi uang kartal antarbank sebesar 31,5% menjadi Rp1,72 triliun. Lebih lanjut, Bank Indonesia juga melakukan uji coba fungsi cash center pada triwulan III-2008.",https://www.bi.go.id/id/publikasi/laporan/Pages/lpi_2008.aspx
2008,72,payment_system,158,"Implementasi menitikberatkan kepada fungsi cash center dalam mendukung tugas Bank Indonesia di bidang pengedaran uang, yaitu berfungsi sebagai cash pooling, cash processing, dan cash distribution center dalam pengelolaan uang kartal. Sebagai tahap awal, implementasi fungsi cash center dilaksanakan melalui 2 bank di wilayah Kantor Pusat. Sementara itu, terkait dengan kebijakan pengedaran uang jangka menengah panjang maka pada tahun 2008 telah dilakukan penyusunan materi awal cetak biru manajemen pengedaran uang (MPU) yang meliputi grand design: (i) uang rupiah; (ii) perencanaan kebutuhan uang; (iii) pengadaan uang dan pemenuhan bahan uang; (iv) penanggulangan uang palsu dan kejahatan mata uang; (v) distribusi uang; (vi) pengolahan uang; dan (vii) manajemen layanan kas. Terkait dengan penanggulangan uang palsu, jumlah temuan uang palsu pada tahun 2008 menunjukkan kenaikan, sebesar 16,6% dengan kecenderungan peningkatan pemalsuan uang pada pecahan besar (Rp100.000). Sementara itu, rasio temuan uang palsu terhadap uang kertas yang diedarkan (UK-YD) relatif tetap dibandingkan dengan tahun lalu, yaitu sebanyak 8 bilyet per 1.000.000 bilyet UK-YD.",https://www.bi.go.id/id/publikasi/laporan/Pages/lpi_2008.aspx
2008,73,payment_system,163,"Menyikapi kondisi tersebut, maka secara khusus Bank Indonesia, POLRI, dan Botasupal meningkatkan koordinasi dan membentuk tim satuan tugas (satgas) penanggulangan uang palsu. Secara preventif, penanggulangan dilakukan melalui sosialisasi dan edukasi ciri-ciri keaslian uang rupiah dengan merintis upaya kerjasama melalui temu wicara dan kunjungan dengan pihak organisasi masyarakat, organisasi politik, dan kalangan agamawan. Selain itu, Bank Indonesia juga melakukan upaya pencabutan dan penarikan uang pecahan Rp10.000 dan Rp20.000 tahun emisi 1998, serta pecahan Rp50.000 dan Rp100.000 tahun emisi 1999, sebagai salah satu upaya untuk mengurangi pemalsuan uang terhadap pecahan yang sudah beredar cukup lama di masyarakat. Instrumen Nontunai Sepanjang tahun 2008, kebijakan sistem pembayaran diarahkan pada peningkatan keamanan, penjagaan kelancaran dan kehandalan sistem pembayaran dengan upaya mitigasi risiko sistem pembayaran, peningkatan efisiensi terhadap penyelenggaraan dan instrumen pembayaran nontunai serta perlindungan konsumen. Dari sisi mitigasi risiko sistem pembayaran, upaya yang dilakukan adalah dalam koridor meningkatkan keamanan, menjaga kehandalan dan kelancaran operasional, baik pada sistem pembayaran yang dilaksanakan oleh Bank Indonesia maupun di luar Bank Indonesia.",https://www.bi.go.id/id/publikasi/laporan/Pages/lpi_2008.aspx
2008,74,payment_system,160,"Untuk sistem yang dilaksanakan di Bank Indonesia yaitu Real Time Gross Settlement (RTGS) dan Kliring, Bank Indonesia secara rutin tetap melakukan uji coba kesiapan sistem utama maupun back-up dalam mengantisipasi kondisi tertentu yang berpotensi menyebabkan tidak beroperasinya kedua sistem tersebut. Di samping itu, selain pelaksanaan kebijakan yang bersifat rutin, Bank Indonesia juga mengimplementasikan beberapa kebijakan antisipatif untuk menjaga kelancaran penyelenggaraan sistem pembayaran, terutama dalam menghadapi potensi imbas krisis finansial global pada sistem pembayaran. Di samping itu, selain melengkapi Sistem Kliring Nasional Bank Indonesia (SKNBI) dengan mekanisme failure to settle (yang saat ini telah diimplementasikan di seluruh wilayah kliring), diupayakan pula penerapan prinsip ‘no money no game’ pada kliring debet sebagaimana telah dilakukan pada kliring kredit dan RTGS. Kebijakan ini ditujukan untuk mengantisipasi meningkatnya risiko 162 BAB 5 Respons Kebijakan Bank Indonesia likuiditas peserta kliring debet yang berpotensi menjadi beban penyelenggara SKNBI. Mekanisme baru kliring debet juga sejalan dengan prinsip penyelenggaraan sistim pembayaran, dimana risiko gagal bayar sepenuhnya menjadi tanggungan peserta.",https://www.bi.go.id/id/publikasi/laporan/Pages/lpi_2008.aspx
2008,75,payment_system,109,"Ke depan, tindakan mitigasi risiko pada kliring debet dilakukan dengan memberikan kewenangan penuh kepada penyelenggara kliring lokal untuk membatalkan transaksi kliring suatu bank di wilayahnya. Pembatalan transaksi kliring di suatu wilayah dilakukan apabila pada akhir hari bank tidak dapat menyediakan dana untuk membayar seluruh kewajibannya. Dalam upaya mencegah risiko sistemik dari kecenderungan meningkatnya risiko gagal bayar peserta pada kondisi krisis serta menjaga kelancaran penyelenggaraan sistem pembayaran, Bank Indonesia melakukan perubahan jadwal setelmen sistem pembayaran pada hari tertentu. Setelmen sistem pembayaran akan dilakukan setelah perhitungan kebutuhan penyediaan FPJP selesai dengan syarat pada hari tersebut terdapat bank sistemik yang mengajukan FPJP . Namun demikian, setelmen tetap dilakukan pada hari yang sama.",https://www.bi.go.id/id/publikasi/laporan/Pages/lpi_2008.aspx
2008,76,credit,126,"Upaya tersebut dimaksudkan untuk memberikan kelonggaran waktu peserta kategori bank sistemik yang mengalami kesulitan pendanaan jangka pendek untuk memenuhi kewajibannya pada akhir hari. Sementara itu, terkait dengan upaya peningkatan kualitas kartu kredit dan menerapkan prinsip kehati- hatian dalam industri kartu kredit, Bank Indonesia bekerjasama dengan Asosiasi Kartu Kredit Indonesia (AKKI) telah menyusun kajian mengenai dampak Perubahan Minimum Payment terhadap peningkatan Non Performing Loan (NPL). Kebijakan minimum payment sendiri telah diimplementasikan sejak tahun 2005. Hasil kajian menyimpulkan bahwa terdapat faktor-faktor yang berpengaruh terhadap peningkatan NPL yaitu kenaikan harga BBM, peraturan pajak dan penetapan one obligor concept. Hasil kajian juga merekomendasikan bahwa upaya peningkatan kualitas kartu kredit akan lebih efektif jika dilakukan melalui edukasi ke masyarakat dan tersedianya fasilitas positive list secara online antarpenerbit yang cepat dan akurat.",https://www.bi.go.id/id/publikasi/laporan/Pages/lpi_2008.aspx
2008,77,payment_system,90,"Terkait dengan upaya peningkatan efisiensi sistem pembayaran secara nasional telah dilakukan beberapa pengembangan sebagai berikut: 1. Pengembangan Infrastruktur Setelmen Valas Antar Bank Domestik – Payment Versus Payment (PVP) Untuk meningkatkan layanan sistem pembayaran terutama kebutuhan transaksi yang menggunakan jenis valuta yang berbeda, Bank Indonesia sedang mengembangkan infrastruktur PVP . Dengan infrastruktur tersebut, efisiensi setelmen transaksi valas antarbank diharapkan akan meningkat. Selain itu, risiko kegagalan setelmen karena perbedaan zona waktu antarbank domestik dan korespondennya di luar negeri dapat dimitigasi. Infrastruktur PVP dikembangkan melalui kerjasama Bank Indonesia dengan Hongkong Monetary Authority (HKMA).",https://www.bi.go.id/id/publikasi/laporan/Pages/lpi_2008.aspx
2008,78,exchange_rate,92,"Untuk itu, telah dilakukan penandatanganan nota kesepahaman pengembangan PVP antara sistem BI-RTGS Rupiah di Indonesia dengan sistem RTGS Dollar Amerika Serikat di Hong Kong (US Dollars Clearing House Automated Transfer System/USD CHATS). 2. Inisiatif Pengembangan Sistem BI-RTGS Generasi II Upaya peningkatan layanan infrastruktur RTGS generasi II telah diawali pada tahun 2008. Inisiatif pengembangan sistem tersebut dimaksudkan untuk meningkatkan efisiensi dan kehandalan sistem RTGS sehingga mampu mengakomodir perkembangan transaksi keuangan. Selain itu, pengembangan tersebut dimaksudkan untuk mengantisipasi tren semakin terintegrasinya ekonomi dunia sehingga kebutuhan likuiditas yang tinggi nantinya dapat diakomodir oleh sistem RTGS.",https://www.bi.go.id/id/publikasi/laporan/Pages/lpi_2008.aspx
2008,79,payment_system,106,"Pada sistem tersebut nantinya akan dikembangkan pula sistem informasi yang bersifat real time guna mendukung pelaksanaan fungsi Bank Indonesia di bidang moneter, stabilitas sistem keuangan, pengawasan dan operasional sistem pembayaran. 3. Pengembangan Aplikasi Bank Indonesia Government Electronic Banking (BIG-eB) Saat ini, aplikasi BIG-eB yang diimplementasikan tahun 2007 telah dikembangkan dengan mengintegrasikan modul informasi untuk rekening valuta asing Pemerintah yang ada di Bank Indonesia. Modul tersebut diharapkan dapat semakin memperkuat koordinasi fiskal dan moneter antara Bank Indonesia dan Pemerintah. Bagi Bank Indonesia, informasi posisi rekening Pemerintah secara online dan real time merupakan sumber informasi signifikan untuk membantu pemantauan likuiditas perekonomian sebagai bagian penting untuk pelaksanan kebijakan moneter.",https://www.bi.go.id/id/publikasi/laporan/Pages/lpi_2008.aspx
2008,80,monetary_policy,147,"Bagi Departemen Keuangan, hal ini akan membantu dalam melakukan cash management, forecasting dan pengelolaan keuangan negara yang lebih akurat dan efisien. 163BAB 5Respons Kebijakan Bank Indonesia KOORDINASI KEBIJAKAN MONETER, FISKAL, DAN SEKTOR RIIL PERPPU tersebut, antara lain, memungkinkan perbankan memperoleh keleluasaan yang lebih besar dalam mengakses sumber dana jangka pendek dari bank sentral serta memberikan dasar kenaikan jumlah simpanan yang mendapatkan penjaminan dari Lembaga Penjamin Simpanan (LPS). Sembilan Langkah Pengamanan APBN 2008 Tingginya ketidakpastian di pasar keuangan global yang berimbas ke domestik mendorong Pemerintah, Bank Indonesia, dan instansi terkait untuk menerapkan serangkaian kebijakan. Kenaikan harga minyak yang terjadi sejak awal tahun 2008 dikhawatirkan dapat menekan kesinambungan fiskal yang terutama disebabkan oleh perkembangan subsidi BBM dan listrik. Menghadapi tantangan tersebut, pada Februari 2008 Pemerintah mempercepat penyesuaian APBN dan mengeluarkan Sembilan Langkah Pengamanan APBN 2008 untuk mengamankan defisit APBN 2008 sekaligus mengurangi beban masyarakat dan tetap menjaga momentum pertumbuhan.",https://www.bi.go.id/id/publikasi/laporan/Pages/lpi_2008.aspx
2008,81,monetary_policy,168,"Kesembilan langkah pengamanan yang dilakukan mencakup optimalisasi pendapatan, penghematan belanja, pelonggaran defisit dan Kebijakan makroekonomi dan sektor riil yang koheren sangat diperlukan untuk mengurangi dampak krisis ekonomi global pada perekonomian domestik. Adanya koherensi kebijakan tersebut tercermin pada semakin eratnya kerjasama (koordinasi) Pemerintah dan Bank Indonesia dalam mengeluarkan paket-paket kebijakan pada tahun 2008 yang cakupannya menjangkau sektor moneter, perbankan, fiskal, dan sektor riil. Selain itu, koordinasi kebijakan moneter, fiskal dan sektor riil, antara lain, diwujudkan melalui pertemuan rutin antara Bank Indonesia, Pemerintah, dan instansi terkait dalam berbagai forum koordinasi dan Tim Pengendali inflasi. Beberapa paket kebijakan di berbagai bidang yang dikeluarkan pada tahun 2008, antara lain, meliputi kebijakan ‘Sembilan Langkah Pengaman APBN 2008’ untuk mengamankan defisit APBN 2008, koordinasi kebijakan antara IAI (Ikatan Akuntansi Indonesia), Bank Indonesia, dan Bapepam - LK, serta Peraturan Pemerintah Pengganti Undang-Undang (PERPPU) untuk memitigasi dampak krisis global di sektor keuangan. Sejalan dengan koordinasi tersebut diatas, bank diperkenankan untuk memindahkan portofolio SUN dari kategori Diperdagangkan dan Tersedia untuk Dijual ke kategori Dimiliki Hingga Jatuh Tempo.",https://www.bi.go.id/id/publikasi/laporan/Pages/lpi_2008.aspx
2008,82,exchange_rate,72,"5.4 164 BAB 5 Respons Kebijakan Bank Indonesia optimalisasi pembiayaan serta program stabilisasi harga. Kebijakan tersebut memungkinkan Pemerintah untuk menjaga kesinambungan fiskal dengan tetap berkontribusi ke sektor riil. Sepanjang tahun 2008, tidak seluruh langkah pengamanan tersebut diimplementasikan. Sebagian besar langkah-langkah terkait dengan optimalisasi pendapatan dan program stabilisasi harga telah dilaksanakan. Sementara itu, seiring dengan lebih rendahnya realisasi defisit APBN dibandingkan dengan target APBN, langkah-langkah pengamanan dalam rangka optimalisasi pembiayaan tidak harus dilaksanakan.",https://www.bi.go.id/id/publikasi/laporan/Pages/lpi_2008.aspx
2008,83,growth,150,"Koordinasi Penetapan Sasaran, Pemantauan, dan Pengendalian Inflasi Sebagai upaya mencapai tingkat inflasi yang rendah dan stabil dalam rangka mendukung pertumbuhan ekonomi yang berkesinambungan dengan tujuan akhir peningkatan kesejahteraan masyarakat, Pemerintah dan Bank Indonesia melakukan koordinasi rutin dalam bentuk Tim Koordinasi Penetapan Sasaran, Pemantauan, dan Pengendalian Inflasi. Sesuai dengan Surat Keputusan (SK) Pembentukan Tim Pengendalian Inflasi untuk masa tugas tahun 2008, anggota tim terdiri dari instansi terkait di Pemerintah (Depkeu, Bappenas, Dephub, Kantor Menko Bidang Perekonomian, Deptan, Depdag, Depnakertrans) dan Bank Indonesia. Tim memiliki tugas utama untuk (1) melakukan tukar-menukar informasi, (2) menetapkan sasaran inflasi, dan (3) mengendalikan inflasi. Hal tersebut menimbang bahwa laju inflasi yang rendah dan stabil tidak dapat dicapai hanya melalui kebijakan moneter Bank Indonesia tetapi juga ditentukan oleh kebijakan fiskal dan kebijakan ekonomi lainnya yang ditempuh Pemerintah. Sepanjang tahun 2008, Tim melakukan pertemuan rutin dalam rangka menjaga koordinasi yang telah terjalin baik antara Pemerintah dan Bank Indonesia.",https://www.bi.go.id/id/publikasi/laporan/Pages/lpi_2008.aspx
2008,84,inflation,121,"Hal tersebut terutama terkait dengan upaya merespons tekanan inflasi yang cukup besar dari faktor eksternal. Dengan demikian, koordinasi kebijakan tersebut diharapkan dapat meminimalkan dampak yang ditimbulkan dari gejolak eksternal tersebut. Sesuai dengan kesepakatan, Tim telah melakukan pertemuan rutin bulanan yang antara lain mencakup pengkinian kebijakan yang diambil untuk pengendalian inflasi di masing-masing instansi. Dari hasil pertemuan-pertemuan tersebut, Bank Indonesia sebagai otoritas moneter dapat memanfaatkan informasi- informasi yang dibutuhkan terkait sektor fiskal dan sektor riil sehingga kebijakan moneter yang diambil oleh Bank Indonesia dapat selaras dengan kebijakan Pemerintah, demikian pula sebaliknya. Dalam pertemuan rutin tersebut juga dibahas usulan sasaran inflasi, sehingga diharapkan sasaran inflasi yang ditetapkan telah mempertimbangkan kondisi yang lebih realistis, baik dari sisi moneter maupun sisi fiskal dan sektor riil.",https://www.bi.go.id/id/publikasi/laporan/Pages/lpi_2008.aspx
2008,85,inflation,75,"Usulan sasaran inflasi tersebut kemudian diajukan kepada Pemerintah. Sesuai KMK No. 1 tahun 2008, Pemerintah menetapkan sasaran inflasi 2008 – 2010 masing masing sebesar 5,0%, 4,5%, dan 4,0% dengan deviasi sebesar ± 1%. Pada tahun 2008, upaya pencapaian sasaran inflasi tersebut mendapat tantangan yang cukup berat terutama terkait tekanan dari faktor eksternal yang berada di luar kontrol Pemerintah dan Bank Indonesia. Besarnya tekanan faktor eksternal tersebut memaksa Pemerintah untuk menaikkan harga BBM di dalam negeri.",https://www.bi.go.id/id/publikasi/laporan/Pages/lpi_2008.aspx
2008,86,inflation,146,"Kondisi tersebut menyebabkan laju inflasi IHK 2008 berada jauh di atas sasaran yang ditetapkan serta menyebabkan lintasan sasaran inflasi yang telah ditetapkan Pemerintah menjadi tidak realistis lagi. Berkenaan dengan hal tersebut, Pemerintah dan Bank Indonesia tetap berupaya untuk mengendalikan inflasi melalui beberapa langkah-langkah kebijakan (bauran kebijakan). Kebijakan Bank Indonesia terutama dalam bentuk penetapan BI Rate secara terukur dan berhati-hati. Sementara itu, kebijakan Pemerintah antara lain mencakup: (i) Kebijakan Pajak Pertambahan Nilai Ditanggung Pemerintah (PPN-DTP) untuk penjualan minyak goreng curah dan kemasan dalam negeri, serta impor gandum dan penjualan terigu dalam negeri ; (ii) Operasi pasar minyak goreng; (iii) Pembebasan bea masuk untuk komoditas kedelai; (iv) Penurunan PPh impor komoditas kedelai, gandum, dan terigu; (v) Penjualan bahan baku kedelai bersubsidi bagi pengrajin tahu dan tempe. Berbagai kebijakan tersebut diharapkan dapat meminimalkan dampak faktor eksternal dan dampak second round dari kenaikan harga BBM, serta menjaga ekspektasi inflasi masyarakat.",https://www.bi.go.id/id/publikasi/laporan/Pages/lpi_2008.aspx
2008,87,inflation,83,"Upaya menjaga sekaligus menjangkar ekspektasi inflasi masyarakat juga dilakukan melalui kegiatan diseminasi. Kegiatan itu dilakukan secara terpisah dalam kegiatan di masing-masing instansi. Bank Indonesia melakukan kegiatan diseminasi ke daerah-daerah dengan peserta baik dari kalangan akademisi, perbankan, maupun dunia usaha pada setiap triwulan. Sementara itu, Bank Indonesia melalui kantornya di daerah juga senantiasa melakukan sosialisasi mengenai pentingnya pengendalian inflasi daerah. Hal tersebut menimbang bahwa inflasi daerah berkontribusi sekitar 78% dalam pembentukan inflasi nasional dan tekanan inflasi daerah dipengaruhi oleh karakteristik spesifik di daerah tersebut.",https://www.bi.go.id/id/publikasi/laporan/Pages/lpi_2008.aspx
2008,88,inflation,168,"Sehubungan 165BAB 5Respons Kebijakan Bank Indonesia dengan hal tersebut, maka sepanjang tahun 2008 Bank Indonesia bekerja sama dengan Pemerintah Daerah telah menandatangani memorandum of understanding (MOU) untuk pembentukan Tim Pengendalian Inflasi Daerah (TPID) di 11 daerah yaitu Semarang, Surabaya, Yogyakarta, Banjarmasin, Bandung, Batam, Pekanbaru, Kendari, Kediri, Denpasar, dan Medan. Di samping itu, beberapa daerah telah mempunyai wadah pertemuan reguler dalam bentuk Focus Group Discussion (FGD) untuk koordinasi pengendalian inflasi. Daerah yang telah memiliki FGD tersebut, antara lain, Palembang, Manado, Bandar Lampung, Makassar, Padang, Palangkaraya, Tasikmalaya, Bengkulu, Palu, Jakarta, dan Ambon. Koordinasi Kebijakan antara Ikatan Akuntan Indonesia (IAI), Bank Indonesia dan Badan Pengawas Pasar Modal dan Lembaga Keuangan (Bapepam-LK) Terkait dengan melemahnya harga SUN secara signifikan pada triwulan III-2008, dalam siaran persnya pada awal Oktober 2008, Dewan Standar Akuntansi Keuangan - Ikatan Akuntan Indonesia (DSAK-IAI) akan menerbitkan pedoman mengenai pencatatan efek bersifat utang. Pedoman ini mengacu pada US SEC Office of The Chief Accountant and FASB Staff Clarification on Fair Value Accounting yang diterbitkan pada tanggal 30 September 2008.",https://www.bi.go.id/id/publikasi/laporan/Pages/lpi_2008.aspx
2008,89,other,156,"Pedoman tersebut pada intinya, antara lain, memperkenankan penggunaan alternatif penilaian efek dengan menggunakan teknik penilaian yang lazim dipakai, seperti penggunaan metode discounted cash flow, selain harga pasar (quoted market price) yang tersedia. Hal ini dapat dilakukan apabila harga pasar tidak tersedia atau diragukan kewajarannya. Sementara menunggu penerbitan pedoman oleh DSAK-IAI, ketentuan dalam US SEC Office of The Chief Accountant and FASB Staff Clarification dimaksud sudah dapat dijadikan acuan. Sejalan dengan pernyataan DSAK-IAI di atas, Bank Indonesia mengambil kebijakan: (i) Bank dimungkinkan menggunakan teknik penilaian lain dalam penetapan nilai wajar, antara lain dengan menggunakan discounted cash flow, untuk SUN dalam kategori Diperdagangkan dan Tersedia Untuk Dijual; (ii) Bank diperkenankan untuk memindahkan portofolio SUN dari kategori Diperdagangkan dan Tersedia untuk Dijual ke kategori Dimiliki Hingga Jatuh Tempo sampai dengan PSAK No. 55 (Revisi 2006) tentang Akuntansi Instrumen Keuangan : Pengakuan dan Pengukuran diberlakukan; (iii) Kebijakan ini berlaku juga untuk Efek bersifat utang domestik lainnya yang bersifat jangka panjang.",https://www.bi.go.id/id/publikasi/laporan/Pages/lpi_2008.aspx
2008,90,other,104,"Pada saat berlakunya PSAK No. 55 (Revisi 2006) pada tanggal 1 Januari 2009, bank akan diberikan kesempatan untuk mengatur ulang kategori portofolio instrumen keuangan berdasarkan intensi dan kemampuan bank yang bersangkutan; Terkait dengan hal tersebut, Bapepam-LK memperkenalkan Reksadana Terproteksi dengan skema baru yang portofolionya berupa Efek bersifat utang jangka panjang yang dikuasai hingga jatuh tempo. Dengan memperhatikan pernyataan DSAK-IAI tersebut di atas, Reksadana Terproteksi dimaksud membukukan efek tersebut dengan harga perolehan yang diamortisasi dan tidak perlu menerapkan nilai pasar wajar. Dengan skema tersebut, pemegang unit penyertaan reksadana tidak dapat melakukan redemption selama umur reksadana dimaksud. Pelaksanaan ketentuan ini akan diatur lebih lanjut oleh Bapepam-LK.",https://www.bi.go.id/id/publikasi/laporan/Pages/lpi_2008.aspx
2008,91,money_supply,207,"Di samping itu, Bapepam-LK akan memberi kemudahan kepada emiten untuk melakukan pembelian kembali sahamnya (buy back) yang meliputi: (i) Memperbesar jumlah saham yang dapat dibeli kembali dari semula 10% menjadi 20%; (ii) Menghapuskan batasan pembelian saham sebesar 25% dari volume perdagangan harian saham dimaksud; (iii) Memungkinkan pembelian tanpa perlu mendapatkan persetujuan RUPS, namun demikian tetap wajib melakukan keterbukaan informasi; (iv) Pelaksanaan pembelian kembali saham tanpa RUPS hanya dapat dilakukan jika, antara lain, IHSG di Bursa Efek Indonesia mengalami penurunan yang signifikan dan perdagangan saham di Bursa dihentikan oleh Otoritas Bursa Efek. Di samping itu, Bapepam-LK memperkenankan Dana Pensiun untuk mengklasifikasi obligasi dan surat berharga Pemerintah ke dalam kelompok “dimiliki hingga jatuh tempo” untuk tahun buku 2008. Sementara dari sisi penegakan hukum, Bapepam-LK dan Self Regulatory Organization sedang melakukan pemeriksaan atas transaksi saham yang terindikasi melanggar ketentuan peraturan perundang-undangan di bidang Pasar Modal, terutama terhadap transaksi yang terjadi dalam kurun 3 bulan terakhir ini. Peraturan Pemerintah Pengganti Undang-Undang untuk Memitigasi Dampak Krisis Global di Sektor Keuangan Selanjutnya, pada 14 Oktober 2008, Pemerintah mengeluarkan 3 (tiga) rancangan Peraturan Pemerintah Pengganti Undang-Undang (PERPPU) guna memitigasi tekanan di sektor keuangan sebagai dampak krisis global. Penerbitan ketiga PERPPU tersebut mampu meredam tekanan likuiditas perbankan, sehingga kepercayaan masyarakat terhadap sistem perbankan tetap terjaga.",https://www.bi.go.id/id/publikasi/laporan/Pages/lpi_2008.aspx
2008,92,credit,84,"166 BAB 5 Respons Kebijakan Bank Indonesia PERPPU pertama terkait dengan amandemen terhadap pasal 11 UU No. 3 tahun 2004 tentang Bank Indonesia. Melalui peraturan ini perbankan dapat mengajukan fasilitas pendanaan jangka pendek (FPJP) kepada bank sentral dengan agunan aset kredit lancar. Dengan kebijakan ini perbankan memperoleh keleluasaan yang lebih besar dalam mengakses sumber dana jangka pendek dari bank sentral. Namun demikian, untuk menghindari moral hazard dan menjaga kepercayaan masyarakat terhadap industri perbankan, bank-bank yang memperoleh FPJP akan berstatus dalam pengawasan khusus Bank Indonesia.",https://www.bi.go.id/id/publikasi/laporan/Pages/lpi_2008.aspx
2008,93,other,89,"PERPPU kedua terkait dengan amandemen pasal 11 UU No. 25 tahun 2004 tentang LPS. Amandemen ini menjadi dasar kenaikan jumlah simpanan yang mendapatkan penjaminan dari sebelumnya Rp100 juta/nasabah menjadi Rp2 miliar/ nasabah dalam satu bank. Dengan kenaikan batas nilai simpanan yang mendapatkan penjaminan, jumlah nominal yang dijamin Pemerintah mencapai 59,9% dari total dana pihak ketiga perbankan yang mencakup 99,9% rekening nasabah bank di seluruh Indonesia per September 2008. Kebijakan tersebut diharapkan memberi ketenangan dan meningkatkan kepercayaan masyarakat terhadap sistem perbankan nasional, khususnya pada periode meningkatnya tekanan di pasar keuangan.",https://www.bi.go.id/id/publikasi/laporan/Pages/lpi_2008.aspx
2008,94,money_supply,102,"Hal tersebut juga mendorong negara kawasan seperti Malaysia dan Singapura untuk merilis kebijakan sejenis bahkan penjaminan seluruh simpanan. PERPPU ketiga terkait dengan Jaring Pengaman Sistem Keuangan (JPSK). Berdasarkan PERPPU tersebut, JPSK merupakan suatu mekanisme pengamanan sistem keuangan dari ancaman krisis yang mencakup pencegahan dan penanganan krisis. Adapun tindakan pencegahan dan penanganan krisis meliputi : (i) penanganan kesulitan likuiditas dan/atau masalah solvabilitas bank yang berdampak sistemik, dan (ii) penanganan kesulitan likuiditas dan/atau masalah solvabilitas lembaga keuangan bukan bank (LKBB) yang berdampak sistemik. Untuk mencapai tujuan dari JPSK, dibentuk Komite Stabilitas Sistem Keuangan (KKSK) yang beranggotakan Menteri Keuangan (sebagai Ketua) dan Gubernur Bank Indonesia.",https://www.bi.go.id/id/publikasi/laporan/Pages/lpi_2008.aspx
2008,95,money_supply,84,"KKSK berwenang menetapkan kebijakan dan langkah-langkah dalam rangka pencegahan dan penanganan krisis di sektor keuangan dan melakukan koordinasi dengan berbagai otoritas dalam pelaksanaannya. Penerbitan ketiga PEPPU tersebut terbukti mampu meredam tekanan likuiditas perbankan, meskipun terdapat satu bank yang diserahkan ke LPS untuk disehatkan. Dalam perkembangan selanjutnya, PERPPU tentang kenaikan jumlah simpanan yang mendapat penjaminan oleh LPS dan amandemen terhadap pasal 11 UU No. 3 tahun 2004 tentang Bank Indonesia sudah mendapat persetujuan dari DPR. Sementara itu, PERPPU tentang JPSK tidak mendapat persetujuan dari DPR.",https://www.bi.go.id/id/publikasi/laporan/Pages/lpi_2008.aspx
2008,96,exchange_rate,92,"Sepuluh Langkah Stabilisasi Ekonomi Pada akhir Oktober 2008, Pemerintah kembali mengumumkan kebijakan untuk memitigasi dampak krisis keuangan global terhadap perekonomian domestik dan pasar keuangan nasional, yakni kebijakan sepuluh langkah stabilisasi ekonomi Pemerintah. Tujuan sepuluh langkah itu, di satu sisi, untuk menjaga keseluruhan kegiatan ekonomi agar tidak banyak mengalami gangguan, menjaga keselamatan dan keamanan perekonomian. Di sisi lain, untuk merespons kesulitan-kesulitan yang dihadapi para pelaku ekonomi. Kesepuluh langkah tersebut antara lain: 1. Menjaga kesinambungan neraca pembayaran atau devisa dengan mewajibkan seluruh BUMN menempatkan seluruh hasil valasnya di bank dalam negeri dalam clearing house.",https://www.bi.go.id/id/publikasi/laporan/Pages/lpi_2008.aspx
2008,97,bop,71,BUMN diwajibkan melaporkan informasi tentang penghasilan dan kebutuhan valas ke kantor kementerian BUMN dan transaksinya dilaksanakan melalui perbankan (Bank BUMN) secara mingguan dan di-update setiap hari. 2. Menjaga kesinambungan neraca pembayaran atau devisa dan mempercepat pembangunan infrastruktur dengan mempercepat pelaksanaan proyek-proyek yang sudah mendapat komitmen pembiayaan baik bilateral maupun multilateral. 3. Menjaga stabilitas likuiditas dan mencegah terjadinya perang harga dengan menginstruksikan BUMN untuk tidak melakukan pemindahan dana dari bank ke bank.,https://www.bi.go.id/id/publikasi/laporan/Pages/lpi_2008.aspx
2008,98,exchange_rate,61,"4. Menjaga kepercayaan pelaku pasar terhadap Surat Utang Negara dengan melakukan stabilisasi pasar SUN yakni Pemerintah bersama dengan Bank Indonesia melakukan pembelian SUN di pasar sekunder. Pembelian kembali SUN dilakukan secara bertahap dalam jumlah yang terukur. 5. Menjaga kesinambungan neraca pembayaran atau devisa dengan memanfaatkan bilateral swap arrangement dari Bank of Japan, Bank of Korea dan Bank of China apabila diperlukan.",https://www.bi.go.id/id/publikasi/laporan/Pages/lpi_2008.aspx
2008,99,bop,51,6. Menjaga keberlangsungan ekspor dengan memberikan garansi terhadap risiko pembayaran dari pembeli dengan menyediakan fasilitas rediskonto wesel ekspor dengan recourse yang berlaku mulai 1 November 2008. 167BAB 5Respons Kebijakan Bank Indonesia 7. Menjaga keberlangsungan ekonomi terutama sekto riil dengan pengurangan pungutan ekspor CPO menjadi nol persen per 1 November 2008. 8.,https://www.bi.go.id/id/publikasi/laporan/Pages/lpi_2008.aspx
2008,100,digital_payments,64,"Menjaga kesinambungan fiskal 2009. Langkah yang akan diambil untuk menjaga kesinambungan APBN akan diumumkan segera setelah mendapat persetujuan DPR dalam 2 hari kedepan. 9. Mencegah importasi ilegal mulai 1 November 2008. Ada dua langkah yaitu pertama, menerbitkan ketentuan tentang importansi komoditi tertentu yakni garmen, elektronika, makanan dan minuman, mainan anak-anak dan sepatu, hanya bisa diimpor oleh importir terdaftar dan kewajiban verifikasi di pelabuhan muat.",https://www.bi.go.id/id/publikasi/laporan/Pages/lpi_2008.aspx
2008,101,other,75,"Kedua, menetapkan pelabuhan- pelabuhan tertentu yang terbuka untuk barang-barang tertentu, yakni Pelabuhan Tanjung Priok, Tanjung Emas, Tanjung Perak, Belawan, Bandara Soekarno Hatta, Pelabuhan Makassar dan Bandar Juanda. 10. Meningkatkan pengawasan barang beredar dengan membentuk task force terpadu antara instansi terkait mulai 1 November. Pemerintah dan Bank Indonesia merealisasi kebijakan nomor 4 dengan melakukan pembelian SUN di pasar sekunder. Pascapeluncuran kebijakan tersebut Bank Indonesia telah melakukan dua kali lelang dan 3 kali pembelian bilateral dengan perbankan.",https://www.bi.go.id/id/publikasi/laporan/Pages/lpi_2008.aspx
2008,102,exchange_rate,73,"Total pembelian tersebut mencapai Rp2,4 triliun. Sementara itu pada periode yang sama, dua kali buy back yang dilakukan Pemerintah berhasil menyerap Rp368 miliar . Aksi pembelian di pasar sekunder tersebut cukup efektif memengaruhi harga SUN, khususnya pada waktu realisasi pembelian dilakukan. Secara keseluruhan, berbagai kebijakan bersama tersebut cukup memberikan announcement effect yang positif dalam jangka pendek. Hal tersebut tercermin pada indikator seperti IHSG yang mulai membaik serta nilai tukar rupiah yang berangsur stabil.",https://www.bi.go.id/id/publikasi/laporan/Pages/lpi_2008.aspx
2008,103,other,7,168 BAB 5 Respons Kebijakan Bank Indonesia,https://www.bi.go.id/id/publikasi/laporan/Pages/lpi_2008.aspx
2009,1,monetary_policy,146,"RESPONS KEBIJAKAN MONETER DI TENGAH KRISIS GLOBAL BAB III Respons Kebijakan Moneter di Tengah Krisis Global Krisis ekonomi global yang masih berlangsung pada tahun 2009 memberikan tekanan yang cukup berat pada kebijakan moneter, terutama berupa peningkatan ketidakstabilan sistem keuangan domestik. Berlanjutnya krisis ekonomi global tersebut mendorong aliran modal keluar jangka pendek yang cukup besar pada triwulan I 2009, yang secara signifikan menurunkan kinerja pasar saham dan obligasi, menekan nilai tukar rupiah, serta menambah risiko perbankan domestik. Gejolak dalam sistem keuangan tersebut tidak dapot dibiarkan karena berisiko menurunkan berbagai capaian positif stabilitas makroekonomi sebelumnya. Kebijakan moneter telah ditempuh untuk merespons tekanan tersebut, yang tidak hanya ditujukan untuk mencapai keselarasan antara pencapaian kestabilan harga dan pertumbuhan ekonomi, namun juga menjaga stabilitas sistem keuangan. Dengan mempertimbangkan tekanan inflasi yang diindikasikan menurun, kebijakan moneter diarahkan pada stance longgar untuk menahan perlambatan pertumbuhan ekonomi lebih dalam sekaligus menjaga stabilitas sistem keuangan.",https://www.bi.go.id/id/publikasi/laporan/Pages/lpi_09.aspx
2009,2,exchange_rate,100,"Melanjutkan berbagai kebijakan yang telah ditempuh pada triwulan terakhir tahun 2008, pada tahun 2009 Bank Indonesia menurunkan BI Rate secara signifikan. Kebijakan tersebut didukung oleh beberapa kebijakan operasional baik di pasar uang rupiah maupun pasar uang valas. Kebijakan pendukung ini bertujuan untuk memberikan keyakinan akan ketersediaan likuiditas jangka pendek dalam mendukung aktivitas di pasar uang, sekaligus mengoptimalkan pengelolaan likuiditas perbankan. Serangkaian kebijakan yang ditempuh sejak triwulan akhir tahun 2008 mampu mendukung proses pemulihan stabilitas di sektor keuangan sejak triwulan II 2009. Hal ini ditandai dengan menurunnya berbagai risiko di pasar keuangan, serta mampu mencegah pelemahan nilai tukar rupiah lebih lanjut.",https://www.bi.go.id/id/publikasi/laporan/Pages/lpi_09.aspx
2009,3,monetary_policy,76,"Kondisi ini cukup kondusif bagi perbaikan kinerja sektor riil yang mulai meningkat sejak awal semester II 2009. Ke depan, kebijakan moneter masih dihadapkan pada sejumlah tantangan. Pertama, masih besarnya peranan investasi portofolio dalam struktur aliran modal masuk berisiko meningkatkan tekanan nilai tukar rupiah pada saat terjadi pembalikan aliran modal. Kedua, masih besarnya ekses likuiditas perbankan, berpotensi mengurangi efektivitas kebijakan moneter. Ketiga, masih adanya permasalahan struktural di sektor riil, seperti kendala di sisi penawaran dan struktur pasar.",https://www.bi.go.id/id/publikasi/laporan/Pages/lpi_09.aspx
2009,4,monetary_policy,59,"Kendala sisi penawaran mengakibatkan kenaikan permintaan yang mudah memicu tekanan inflasi. Sementara itu, pasar yang masih terdistorsi mengakibatkan harga cenderung lebih sulit turun. Bab ini akan dijabarkan lebih lanjut dalam lima bagian. Bagian pertama akan mengulas berbagai respons dan capaian kebijakan moneter sepanjang tahun 2009. Bagian kedua akan menjelaskan dinamika aliran modal masuk dan implikasinya terhadap stabilitas nilai tukar.",https://www.bi.go.id/id/publikasi/laporan/Pages/lpi_09.aspx
2009,5,monetary_policy,74,"Bagian ketiga akan menguraikan berbagai potensi permasalahan yang mengganggu bekerjanya mekanisme transmisi kebijakan moneter. Bagian keempat akan membahas mengenai kendala di sisi penawaran, struktur pasar, dan implikasinya terhadap inflasi. Bagian terakhir merupakan penutup. 3.1 Respons Kebijakan Moneter Tahun 2009 Sepanjang tahun 2009, Bank Indonesia secara terukur menerapkan stance kebijakan moneter longgar guna mendorong pemulihan ekonomi nasional. Di tengah tekanan inflasi yang masih rendah, kebijakan moneter diupayakan untuk merespons secara terukur perkembangan ekonomi yang terjadi.",https://www.bi.go.id/id/publikasi/laporan/Pages/lpi_09.aspx
2009,6,growth,111,"Respons tersebut ditujukan tidak hanya untuk meminimalkan dampak negatif gejolak perekonomian global, namun juga untuk menjaga ketahanan makroekonomi dan sistem keuangan domestik sebagai basis guna mendorong pertumbuhan ekonomi yang berkualitas. Pilihan stance ini sejalan dengan penerapan kerangka kerja ITF yang cukup fleksibel dalam mengupayakan keselarasan antara pencapaian target inflasi dan pertumbuhan ekonomi dalam 5 tahun terakhir (Boks 3.1. Memasuki 5 Tahun Penerapan ITF di Indonesia: Keberhasilan dan Tantangan). Stance kebijakan moneter longgar yang dilakukan secara terukur tampak pada perkembangan BI Rate yang cenderung menurun dengan kecepatan bervariasi dalam tiga periode berbeda. Penetapan BI Rate pada ketiga episode tersebut dilakukan dengan mempertimbangkan secara menyeluruh berbagai kondisi terkini dan prospek perekonomian ke depan.",https://www.bi.go.id/id/publikasi/laporan/Pages/lpi_09.aspx
2009,7,growth,102,"Episode pertama adalah Januari-Maret 2009 yaitu penurunan BI Rate dilakukan cukup agresif sebesar 50 bps setiap bulan. Respons penurunan BI Rate yang agresif ini ditempuh dengan mempertimbangkan tekanan pada sistem keuangan yang masih tinggi dan tren perlambatan pertumbuhan ekonomi yang masih berlanjut, sedangkan tekanan inflasi ke depan diperkirakan belum kuat. Episode kedua ialah April-Agustus 2009 yaitu penurunan BI Rate ditetapkan lebih rendah menjadi 25 bps per bulan. Arah kebijakan ini ditempuh setelah mempertimbangkan intensitas tekanan pada sistem keuangan yang mulai menurun dan tekanan inflasi yang minimal, sementara akselerasi pertumbuhan ekonomi belum cukup cepat. Episode ketiga yaitu September-Desember 2009 yaitu BI Rate dipertahankan.",https://www.bi.go.id/id/publikasi/laporan/Pages/lpi_09.aspx
2009,8,inflation,111,"Di tengah kondisi sistem keuangan yang semakin membaik, tidak berubahnya level BI Rate tersebut konsisten dengan upaya pencapaian sasaran inflasi tahun 2010-2011, namun tetap memberikan ruang gerak bagi upaya mendorong pemulihan ekonomi. Krisis keuangan di negara maju yang semakin meluas dan memberikan tekanan pada pertumbuhan ekonomi dunia berimbas cukup kuat ke perekonomian Indonesia terutama pada triwulan IV 2008. Sebagai dampaknya, ekspansi ekonomi menunjukkan perlambatan secara signifikan terkait dengan mulai menurunnya ekspor. Neraca pembayaran mengalami lonjakan defisit dan nilai tukar rupiah mengalami pelemahan yang cukup tajam. Pembalikan arus modal asing berdampak pada risiko di pasar uang antar bank meningkat,44 indeks harga di bursa saham turun tajam, dan yield SUN naik cukup tinggi.",https://www.bi.go.id/id/publikasi/laporan/Pages/lpi_09.aspx
2009,9,credit,175,"Melemahnya transaksi perekonomian juga terekam pada melambatnya laju ekspansi likuiditas perekonomian dan kredit perbankan. Dalam kondisi tekanan inflasi ke depan yang terindikasi belum cukup kuat maka pada Januari-Maret 2009 BI Rate diturunkan 50 bps per bulan sehingga pada Maret 2009 menjadi 7,75%. Di samping itu, Bank Indonesia menempuh berbagai kebijakan di pasar valas untuk mengurangi tekanan volatilitas nilai tukar yang berlebihan dan menjaga kecukupan likuiditas di pasar valas domestik. Untuk itu, sejak 30 Januari 2009 Bank Indonesia membuka instrumen repurchase agreement (repo) valas dengan menggunakan Global Bond Pemerintah Republik Indonesia (RI) sebagai jaminan dalam transaksi tersebut.45 Dengan kebijakan tersebut, bank domestik dapat melakukan repo Global Bond Pemerintah RI yang dimilikinya ke Bank Indonesia untuk mendapatkan likuiditas valas. Dalam perkembangannya, sentimen positif dari pasar keuangan global mulai berhembus pada pertengahan 44 Tercermin pada beberapa indikator, antara lain penurunan posisi outstanding PUAB, penyusutan volume dan pelaku PUAB, peningkatan kisaran (spread) antara suku bunga tertinggi dan terendah di PUAB O/N, pelebaran spread JIBOR berbagai tenor, dan lonjakan penempatan stok ekses likuiditas perbankan ke jangka waktu yang semakin pendek.",https://www.bi.go.id/id/publikasi/laporan/Pages/lpi_09.aspx
2009,10,exchange_rate,86,45 PBI No. 11/4/2009 perihal Transaksi USD Repurchase Agreement Bank Kepada Bank Indonesia tanggal 30 Januari 2009. Maret 2009 sehingga membawa aliran modal asing masuk kembali ke emerging markets termasuk Indonesia dan mengurangi tekanan terhadap nilai tukar. Pulihnya harga-harga komoditas global dan sentimen positif terkait pemulihan pasar keuangan dunia mampu mendorong penguatan indeks harga saham gabungan dan penurunan yield SUN secara terbatas mulai pertengahan Maret 2009. Sentimen positif juga muncul terkait dengan bertambahnya cadangan devisa yang bersumber dari penjualan Global Medium Term Notes (GMTN) Pemerintah RI.,https://www.bi.go.id/id/publikasi/laporan/Pages/lpi_09.aspx
2009,11,exchange_rate,129,"Sentimen positif semakin kuat setelah dibarengi dengan penguatan kerjasama peningkatan jumlah Bilateral Swap Arrangement (BSA) dengan Jepang dan Bilateral Currency Swap Arrangement (BCSA) dengan China. Berbagai kebijakan dan sentimen positif pada akhir Maret 2009 tersebut dapat mengurangi tekanan pelemahan rupiah pada keseluruhan triwulan I 2009. Pada akhir Maret 2009, rupiah mencatat pelemahan sebesar 5,7% mencapai level Rp11.555 per dolar AS dengan volatilitas 1,0%.46 Pelemahan nilai tukar tersebut lebih rendah dibandingkan dengan triwulan akhir tahun 2008 yang tercatat sebesar 13,8% dengan volatilitas 2,4%.47 Perkembangan nilai tukar rupiah tersebut juga masih selaras dengan kondisi di negara kawasan. Tanda-tanda pemulihan ekonomi global mendorong perbaikan persepsi risiko baik terhadap ekonomi global maupun domestik. Pengaruh perbaikan persepsi risiko global terutama ditopang oleh mulai berlangsungnya momentum pemulihan ekonomi di kawasan Asia sejak awal April 2009.",https://www.bi.go.id/id/publikasi/laporan/Pages/lpi_09.aspx
2009,12,growth,124,"Kondisi tersebut yang menjadi salah satu faktor pendukung perbaikan kinerja ekspor domestik, terutama untuk komoditas berbasis sumber daya alam. Di samping itu, berkembangnya optimisme seiring berlangsungnya pemulihan ekonomi dunia, yang disertai perbaikan persepsi risiko terhadap aset-aset di emerging markets, mendorong mulai derasnya aliran masuk modal asing. Di tengah pertumbuhan ekonomi yang belum cukup cepat dan perkiraan masih rendahnya tekanan inflasi ke depan, mulai pulihnya kondisi ekonomi global tersebut menjadi landasan bagi penyesuaian kecepatan penurunan BI Rate menjadi sebesar 25 bps per bulan sehingga mencapai 6,50% pada Agustus 2009. Selain itu, untuk tetap memberi jaminan sekaligus penyangga sementara (temporary cushion) bagi ketersediaan likuiditas perbankan Bank Indonesia membuka instrumen window repo 1 bulan sejak pertengahan April 2009. 46 Atau secara rata-rata mencapai Rp11.578 per dolar AS.",https://www.bi.go.id/id/publikasi/laporan/Pages/lpi_09.aspx
2009,13,monetary_policy,80,"47 Secara rata-rata melemah 15,3%. penurunan BI Rate belum direspons secara optimal oleh perbankan domestik. Hal ini tercermin pada masih relatif tingginya suku bunga kredit yang turut berkontribusi pada lemahnya permintaan kredit. Tertahannya pengucuran kredit tersebut menjadi salah satu penyebab semakin meningkatnya stok ekses likuiditas industri perbankan (lihat Boks 3.2. Ekses Likuiditas Perbankan dan Implikasinya). Di samping pencapaian kinerja yang cukup baik pada tahun 2009, terdapat beberapa tantangan yang masih mengemuka dan berpotensi meningkatkan kompleksitas pelaksanaan kebijakan moneter ke depan.",https://www.bi.go.id/id/publikasi/laporan/Pages/lpi_09.aspx
2009,14,bop,105,"Tantangan tersebut antara lain berupa dinamika aliran modal Pelonggaran kebijakan moneter yang dilakukan secara bertahap dan konsisten di tengah berlanjutnya perbaikan ekonomi global tersebut turut menopang perbaikan berbagai indikator ekonomi domestik. Perbaikan aliran modal dan ekspor tercermin pada neraca pembayaran yang mengalami surplus. Aliran modal asing turut berkontribusi mengangkat IHSG, sementara yield SUN bergerak menurun dan semakin mendekati kondisi sebelum krisis (Grafik 3.1). Perbaikan juga terjadi di pasar valas domestik sehingga mendukung apresiasi rupiah sebesar 14,6% antara akhir Maret hingga akhir Agustus 2009 sehingga ditutup pada level Rp10.080 per dolar AS (Grafik 3.2). Meskipun menguat, apresiasi rupiah ini masih mendukung daya saing produk ekspor Indonesia.",https://www.bi.go.id/id/publikasi/laporan/Pages/lpi_09.aspx
2009,15,exchange_rate,139,"Berbagai perkembangan tersebut memperkuat keyakinan akan keberlanjutan proses pemulihan ekonomi domestik, namun tetap dengan perkiraan tekanan inflasi domestik yang minimal sehingga BI Rate diputuskan tetap pada level 6,5% sejak September hingga akhir tahun 2009. asing jangka pendek yang berpotensi memengaruhi perkembangan nilai tukar rupiah; masih tingginya persepsi risiko dan ekses likuiditas yang berpotensi mengganggu mekanisme transmisi kebijakan moneter; serta masih adanya permasalahan struktural di sisi penawaran yang berpotensi mendorong tekanan inflasi lebih lanjut. Berbagai tantangan dimaksud akan dibahas lebih mendalam pada bagian selanjutnya. Di samping itu, pada September 2009 Bank Indonesia membuka instrumen window repo tenor 3 bulan dan pada Oktober 2009 mengimplementasikan kebijakan GWM Sekunder untuk memperkuat pengelolaan likuiditas perbankan. Di tengah terus membaiknya sentimen di pasar keuangan global, berbagai kebijakan tersebut berkontribusi pada positifnya perkembangan berbagai indikator ekonomi domestik. Kinerja IHSG dan yield SUN terus mencatatkan perbaikan.",https://www.bi.go.id/id/publikasi/laporan/Pages/lpi_09.aspx
2009,16,exchange_rate,357,"Nilai tukar rupiah bergerak dengan kecenderungan menguat. Apresiasi yang mulai terjadi sejak triwulan II 2009 terus berlanjut sehingga nilai tukar rupiah akhirnya mencapai level Rp9.425 per dolar AS pada akhir tahun 2009, atau menguat 15,65% (ptp) dari level Rp10.900 per dolar AS di akhir tahun 2008 (Grafik 3.3). Sejalan dengan perkembangan tersebut, ekspektasi inflasi terus menurun (Grafik 3.4). Namun demikian, membaiknya kondisi pasar keuangan serta Grafik 3.1 IHSG, SUN dan BI Rate Grafik 3.2 Nilai Tukar dan Cadangan Devisa Sumber: Bloomberg (diolah) IHSG Yield SUN (skala kanan) BI Rate persenindeks 1.000 1.500 2.000 2.500 3.000 Jan - 06 Apr- 06 Jul - 06 Okt - 06 Jan - 07 Apr- 07 Jul - 07 Okt - 07 Jan - 08 Apr- 08 Jul - 08 Okt - 08 Jan - 09 Apr- 09 Jul - 09 Okt - 09 Jan - 10 Sumber: Bloomberg (diolah) 2005 2006 2007 2008 2009 I II III IV I II III IV I II III IV I II III IV I II III IV Nilai Tukar Cadangan Devisa (skala kanan) miliar dolar ASRp/USD 8.500 9.000 9.500 10.000 10.500 11.000 11.500 12.000 12.500 Grafik 3.3 Nilai Tukar dan Volatilitas Grafik 3.4 Ekspektasi Inflasi Sumber: Bloomberg (diolah) persen Rp/USD 2005 2006 2007 2008 2009 I II III IV I II III IV I II III IV I II III IV I II III IV Volatilitas (Rata-Rata) Rata-Rata Nilai Tukar (skala kanan) 8.000 8.500 9.000 9.500 10.000 10.500 11.000 11.500 12.000 12.500 0,0 0,5 1,0 1,5 2,0 2,5 3,0 2005 2006 2007 2008 2009 I II III IV I II III IV I II III IV I II III IV I II III IV persen, yoyindeks Indeks Ekspektasi Harga Pedagang 3 bln yad Indeks Ekspektasi Harga Pedagang 6 bln yad Inflasi IHK aktual (skala kanan) 3.2 Dinamika Aliran Modal Asing Sebagai perekonomian yang kecil dan terbuka (small-open economy), negara berkembang umumnya menghadapi tantangan mendasar dalam pelaksanaan kebijakan moneter yang terkait dengan tingginya dinamika aliran modal asing. Terbukanya neraca modal (open capital account) yang diikuti oleh derasnya aliran modal menyebabkan pergerakan nilai tukar lebih banyak dipengaruhi oleh aktivitas aliran modal dibandingkan dengan neraca transaksi berjalan.",https://www.bi.go.id/id/publikasi/laporan/Pages/lpi_09.aspx
2009,17,bop,153,"Namun, patut dicermati bahwa dinamika nilai tukar dalam keterbukaan neraca modal justru dapat menciptakan kerentanan sistem keuangan. Aliran modal yang lebih fluktuatif dibandingkan dengan transaksi berjalan, di tengah adanya perilaku yang saling mengikuti di antara pelaku pasar (herding behaviour), dapat mendorong terjadinya aliran yang berlebihan, atau sebaliknya berupa pemberhentian aliran secara tiba-tiba. Di samping itu, peningkatan aliran modal khususnya yang berjangka pendek dapat berdampak pada kenaikan volatilitas pasar keuangan dan pada gilirannya berpotensi memperkuat transmisi dari gejolak pasar lebih lanjut (shock amplifier).48 Hal tersebut akan semakin terasa dampaknya di tengah kecenderungan masih lemahnya infrastruktur dan minimnya kedalaman pasar keuangan di negara berkembang. Aliran masuk modal asing dalam bentuk portofolio yang besar dan struktur pasar keuangan yang relatif lemah menyebabkan negara-negara berkembang rentan 48 Pruski, Jerzy and Piotr Szpunar (2008). ”Capital Flows and Their Implications for Monetary and Financial Stability: The Experience of Poland,” BIS Paper No. 44 terhadap penghentian aliran modal decara tiba-tiba.",https://www.bi.go.id/id/publikasi/laporan/Pages/lpi_09.aspx
2009,18,monetary_policy,127,"Hal tersebut akan mengakibatkan depresiasi nilai tukar yang besar, sebagaimana terjadi pada krisis mata uang yang dialami banyak negara berkembang, termasuk di Asia Timur pada tahun 1997/1998. Selain penghentian secara tiba-tiba, depresiasi yang besar juga dapat diakibatkan oleh adanya gejolak (shock) terhadap harga relatif (terms of trade) ataupun suku bunga internasional. Dalam situasi suatu negara berkembang yang memiliki open capital account dan menerapkan ITF sebagai kerangka kerja kebijakan moneternya maka sistem nilai tukar mengambang merupakan pilihan yang optimal sesuai dengan kaidah “impossible trinity”.49 Menguatnya peran aliran modal juga dialami oleh Indonesia. Pada periode tahun 1990-an, aliran modal ke Indonesia terutama berupa utang berdenominasi valuta asing (foreign debt). Pada tahun 1997/1998, saat rupiah mengalami depresiasi tajam, kerentanan perusahaan yang memiliki struktur pembiayaan berupa utang berdenominasi valuta asing meningkat.",https://www.bi.go.id/id/publikasi/laporan/Pages/lpi_09.aspx
2009,19,global,143,"Kondisi demikian meningkatkan tekanan pada stabilitas makroekonomi dan menurunnya kinerja perekonomian secara keseluruhan akibat banyaknya ketidaksempurnaan yang terjadi di pasar dan instrumen keuangan. Pada era tahun 2000-an, faktor pendorong dan penarik yang saling memengaruhi satu sama lain memacu integrasi perekonomian domestik dengan perekonomian global melalui pasar keuangan (financial linkage). 49 Impossible trinity atau trilema kebijakan adalah suatu istilah dalam ekonomi internasional yang bermakna bahwa suatu negara hanya bisa memilih 2 dari 3 kebijakan berikut : nilai tukar tetap, kebebasan aliran modal, dan kebijakan moneter yang independen. Semakin derasnya aliran modal ke Indonesia ditopang oleh interaksi perkembangan global yang menjadi faktor pendorong dan perkembangan domestik yang menjadi faktor penarik. Kondisi perekonomian dunia yang sedang menghadapi permasalahan ketidakseimbangan global (global imbalance) di tengah kebijakan moneter yang sangat longgar dan akumulasi cadangan devisa yang sangat besar oleh beberapa negara berkembang pada gilirannya menyulut ekses likuiditas global.",https://www.bi.go.id/id/publikasi/laporan/Pages/lpi_09.aspx
2009,20,exchange_rate,114,"Sementara itu, faktor penarik bermula dari berbagai kondisi domestik seperti deregulasi berupa penerapan sistem devisa bebas, rezim nilai tukar yang kondusif, optimisme pelaku sektor riil yang cukup kuat. Selain itu, daya tarik aliran modal juga dipengaruhi oleh dukungan kebijakan makroekonomi baik fiskal maupun moneter yang semakin hati-hati pascakrisis tahun 1997/1998. Sejalan dengan peningkatan integrasi sektor keuangan, aliran modal masuk ke Indonesia semakin diwarnai oleh aliran modal berupa portofolio. Sejak tahun 1999 – 2004 dan beberapa periode setelahnya, perkembangan investasi portofolio ke Indonesia secara umum tampak melebihi aliran modal masuk dalam bentuk Penanaman Modal Asing (Grafik 3.5). Kondisi demikian membawa dampak positif seperti memperkaya sumber pembiayaan, menambah kedalaman pasar, dan mendorong perbaikan tata kelola (governance).",https://www.bi.go.id/id/publikasi/laporan/Pages/lpi_09.aspx
2009,21,monetary_policy,138,"Namun demikian, dengan semakin tingginya intensitas financial linkage maka perubahan persepsi global dapat dengan segera memengaruhi kinerja pasar domestik. Dalam hal terjadi penurunan kinerja global, hubungan tersebut dapat menjadi tidak simetris. Artinya, tekanan di pasar global dapat dengan cepat memicu gejolak harga aset yang berlebihan, kerentanan finansial yang tinggi, dan Grafik 3.5 Komposisi Transaksi Modal Finansial Grafik 3.6 Neraca Transaksi Berjalan dan Modal Finansial juta dolar AS *Disetahunkan FDI PFI OI -15 -10 -5 juta dolar AS * Disetahunkan CA TMF -6 -4 -2 3.3 Transmisi Kebijakan Moneter di Tengah Tingginya Persepsi Risiko dan Ekses Likuiditas Perbankan Kebijakan moneter menghadapi tantangan dari terganggunya mekanisme transmisi. Dalam kondisi normal, kebijakan moneter diharapkan mampu memengaruhi aktivitas perekonomian secara efektif. Secara teoritis, pengaruh kebijakan moneter tersebut ditransmisikan melalui beberapa jalur seperti suku bunga, kredit, neraca perusahaan, harga aset, dan nilai tukar.",https://www.bi.go.id/id/publikasi/laporan/Pages/lpi_09.aspx
2009,22,monetary_policy,94,"Untuk konteks Indonesia, dengan penerapan ITF sejak Juli 2005 kebijakan moneter menggunakan suku bunga sebagai sasaran operasional. Dalam hal ini sinyal kebijakan disampaikan melalui penetapan suku bunga kebijakan, yaitu BI Rate. Dengan menggunakan berbagai piranti moneter untuk memengaruhi likuiditas di pasar uang, proses transmisi kebijakan Bank Indonesia mengalir melalui berbagai jalur yang bervariasi, yang pada gilirannya memengaruhi permintaan domestik dan inflasi. Alur pikir dari keterkaitan antarvariabel dalam mekanisme transmisi kebijakan tersebut diilustrasikan pada Diagram 3.1. Secara umum transmisi kebijakan moneter telah berjalan dengan baik di pasar keuangan khususnya pasar saham, obligasi negara, dan reksadana.",https://www.bi.go.id/id/publikasi/laporan/Pages/lpi_09.aspx
2009,23,monetary_policy,85,"Kebijakan moneter longgar tampaknya cukup kondusif mendukung perbaikan kepercayaan di tengah mulai pulihnya kondisi fundamental. Pada tahun 2009 IHSG secara tahunan tercatat tumbuh sebesar 87% dengan topangan terbesar dari sektor pertambangan (Grafik 3.7). Sementara itu, yield obligasi negara telah menurun signifikan dari periode puncak krisis keuangan global (Oktober 2008). Rata-rata yield SUN seluruh tenor turun sebesar 246 bps yang didominasi oleh yield jangka pendek (Grafik 3.8). Penurunan yield SUN untuk tenor jangka pendek, menengah dan panjang masing-masing sebesar 375 bps, 239 bps, dan 130 bps.",https://www.bi.go.id/id/publikasi/laporan/Pages/lpi_09.aspx
2009,24,monetary_policy,91,"Adapun NAB reksadana tumbuh pesat mencapai sebesar Rp113 triliun atau naik Rp38,7 triliun dari tahun 2008. Jenis reksadana yang berkontribusi terhadap peningkatan NAB terutama reksadana terproteksi dan pendapatan tetap. Pada masa pemulihan dari krisis, transmisi kebijakan moneter tampaknya juga terindikasi bekerja melalui jalur likuiditas. Hal itu dimungkinkan terjadi sebagai konsekuensi dari upaya pengelolaan likuiditas oleh Bank Indonesia serta asumsi masih cukup stabilnya angka pengganda uang dari likuiditas perekonomian dalam arti sempit (M1). Selain itu, hubungan antara M1 riil dengan suku bunga dan pertumbuhan ekonomi riil tampak cukup stabil dalam jangka panjang.",https://www.bi.go.id/id/publikasi/laporan/Pages/lpi_09.aspx
2009,25,monetary_policy,207,"Dalam hubungan yang demikian, melambatnya pertumbuhan M1 lebih merefleksikan besarnya dampak penurunan aktivitas perekonomian dibandingkan dengan pengaruh penurunan suku bunga deposito. Hal demikian secara implisit mengindikasi bahwa kondisi M1 cukup selaras dengan kebutuhan aktivitas riil dalam perekonomian (Grafik 3.9).55 55 Dilakukan dengan membandingkan antara hasil uji menggunakan fungsi permintaan uang standar dan kondisi permintaan uang aktual. Jika hasil uji relatif sama dengan kondisi aktual (deviasi berada dalam rentang standard error) maka diperkirakan permintaan uang tersebut sesuai dengan kebutuhan perekonomian. Total Pasokan Total Permintaan Diagram 3.1 Mekanisme Transmisi Kebijakan Moneter Grafik 3.7 BI Rate dan IHSG Grafik 3.8 BI Rate dan Yield SUN Sumber: Bloomberg (diolah) indeks 2006 2007 2008 2009 I II III IV I II III IV I II III IV I II III IV IHSG BI Rate (skala kanan) persen 1.000 1.500 2.000 2.500 3.000 Sumber: Bloomberg (diolah) 2006 2007 2008 2009 I II III IV I II III IV I II III IV I II III IV Yield SUN BI Rate persen Namun, gejolak ekonomi global menghadapkan proses transmisi kebijakan moneter pada beberapa tantangan. Efek rambatan pengaruh krisis ekonomi global cukup kuat memengaruhi melambatnya pertumbuhan ekonomi yang kemudian memicu pelaku usaha, terutama perbankan, untuk lebih berhati-hati dan cenderung menahan atau menghindari risiko (risk averse).",https://www.bi.go.id/id/publikasi/laporan/Pages/lpi_09.aspx
2009,26,monetary_policy,182,"Hal tersebut merupakan hal yang lazim karena sistem keuangan memang cenderung berperilaku procyclical.56 Namun demikian, di masa krisis perilaku tersebut semakin diperkuat dengan keberadaan financial accelerator.57 Di tengah persistensi ekses likuiditas perbankan dan kurang responsifnya sisi penawaran --sehingga mengurangi efektivitas transmisi stimulus kebijakan makroekonomi ke sektor riil— maka keberadaan berbagai hal di atas menjadikan terkendalanya mekanisme transmisi kebijakan moneter melalui jalur suku bunga dan kredit. 56 Direktorat Riset Ekonomi dan Kebijakan Moneter Bank Indonesia (2009), ”Review Penerapan Inflation Targeting Framework (ITF) di Indonesia”, Working Paper, Desember. 57 Financial accelerator bermakna bahwa distorsi di pasar kredit akan semakin memperkuat gejolak ekonomi. Gangguan yang seharusnya minimal jika pasar efisien dapat menjadi berlebihan dan berkepanjangan manakala terdapat ketidaksempurnaan di pasar kredit. g Respons Suku Bunga Efektivitas pengaruh BI Rate ke berbagai suku bunga pasar uang dan perbankan telah semakin baik. Pengujian awal atas hipotesa “term structure of interest rates”58 pada era penerapan ITF59 menunjukkan bahwa secara umum mekanisme transmisi kebijakan moneter dengan jalur suku bunga telah bekerja.60 Efektivitas transmisi pengaruh suku bunga BI Rate ke suku bunga PUAB O/N mengalami peningkatan sangat signifikan (Tabel 3.1).",https://www.bi.go.id/id/publikasi/laporan/Pages/lpi_09.aspx
2009,27,monetary_policy,129,"Hal tersebut terkait dengan aspek positif dari penguatan kerangka operasional termasuk penyempitan koridor suku bunga khususnya sejak awal tahun 2008. Suku bunga PUAB O/N yang bergerak stabil pada kisaran yang sempit terhadap BI Rate telah ditransmisikan pada suku bunga PUAB berbagai tenor dengan besaran yang relatif sama. Namun demikian, perlu dicatat bahwa pengaruh dari suku bunga PUAB ke suku bunga simpanan dan kredit serta pengaruh dari suku bunga simpanan terhadap suku bunga kredit tidak sebesar pengaruh BI Rate terhadap suku bunga PUAB O/N. Hal ini antara lain terkait dengan berbagai kondisi mikro yang masih dihadapi pelaku pasar di tengah persepsi terhadap kondisi makroekonomi yang belum sepenuhnya pulih pascakrisis keuangan global. 58 Bahwa suku bunga jangka panjang merupakan rata-rata tertimbang dari suku bunga jangka pendek (future short term interest rates).",https://www.bi.go.id/id/publikasi/laporan/Pages/lpi_09.aspx
2009,28,monetary_policy,252,"59 Dalam rezim ITF yang berbasis suku bunga sebagai sasaran operasional, asumsi yang dipakai adalah bahwa melalui penetapan policy rate dalam operasi moneter (liquidity management), bank sentral dapat memengaruhi current and expected suku bunga O/N (shortest market interest rates), suku bunga pasar dana/kredit (longer term interest rates), dan dengan demikian aktivitas ekonomi riil. 60 Pengujian hipotesis “term structure of interest rates” dilakukan melalui pendekatan Vector Autoregression (VAR), dengan penetapan lag 2 periode. Asumsi eksogenitas perilaku suku bunga dalam sistem, yaitu SBI 1 bulan (mewakili “policy rate”), PUAB O/N, Deposito, Kredit. Hasil penaksiran diperlihatkan melalui analisis Dekomposisi Varians, yaitu porsi variasi perubahan suatu variabel yang dijelaskan oleh perubahan variabel lain. Tabel 3.1 Dekomposisi Varians: Pengaruh variabel selama 1 s.d 3 bulan ke depan Grafik 3.9 Pertumbuhan M1 dan M2 Nominal M1, M2 (persen, yoy) M1 M2 2000 2001 2002 2003 2004 2005 2006 2007 2008 2009 Grafik 3.10 Spread BI Rate-COF dan SBDK-BI Rate Grafik 3.11 Spread Sk Bunga Kredit, Deposito, dan SBDK Sumber: Bloomberg Spread Sb Kredit - Depo Spread Sb Kredit - SBDK (skala kanan) persen persen 0,0 0,2 0,4 0,6 0,8 1,0 1,2 1,4 1,6 1,8 2,0 4,0 4,5 5,0 5,5 6,0 6,5 Jan-06 Jun-06 Nov-06 Apr-07 Sep-07 Feb-08 Jul-08 Des-08 Mei -09 Okt-09 persen Sumber: Bloomberg Spread BI Rate - COF Spread SBDK - BI Rate Jan-06 Jun-06 Nov-06 Apr-07 Sep-07 Feb-08 Jul-08 Des -08 Mei -09 Okt-09 Namun demikian, pada masa krisis besaran penurunan suku bunga kredit semakin tidak sebanding dengan turunnya BI Rate dan suku bunga deposito.",https://www.bi.go.id/id/publikasi/laporan/Pages/lpi_09.aspx
2009,29,monetary_policy,168,"Pengamatan terhadap data menunjukkan bahwa selisih antara suku bunga kredit dan suku bunga deposito semakin melebar. Hal yang sama juga terjadi antara Suku Bunga Dasar Kredit (SBDK) dengan BI Rate. Jika dibedah lebih dalam dari sisi mikro bank, beberapa faktor yang turut memengaruhi perkembangan suku bunga kredit antara lain adalah kecenderungan peningkatan komponen biaya dana (cost of fund) premi risiko dalam pembentukan suku bunga kredit, dan margin keuntungan.61 Pengamatan awal dengan memanfaatkan data ex post dari laporan keuangan bank mengindikasikan bahwa penurunan cost of fund bank secara agregat sepanjang tahun 2009 cenderung lebih lambat dari turunnya BI Rate (Grafik 3.10). Sementara itu, masih tingginya premi risiko ekonomi tampak pada spread antara SBDK dengan suku bunga kredit aktual (Grafik 3.11). Selain itu, pada tahun 2009 terdapat pula indikasi kecenderungan perbankan untuk mempertahankan margin keuntungan.62 Upaya penguatan internal bank dengan berlomba meraup dana masyarakat dan menaruh bobot risiko usaha yang lebih besar (risk averse), serta memupuk keuntungan seolah menjadi kontradiktif di tengah kondisi sektor riil yang masih dalam proses pemulihan.",https://www.bi.go.id/id/publikasi/laporan/Pages/lpi_09.aspx
2009,30,credit,116,"Namun demikian, hal tersebut dapat dipersepsikan sebagai upaya kehati-hatian bank di tengah 61 Sejalan dengan Gambacorta, Leonardo (2004), “How Do Banks Set Interest Rates?”, NBER Working Paper Series No. 10295. bahwa struktur industri, cost of loanable fund, overhead cost dan premi risiko memengaruhi pembentukan pricing kredit. 62 Dalam jangka panjang dikhawatirkan dapat meningkatkan risiko akibat timbulnya “adverse selection”, yaitu debitur yang mengambil kredit dengan suku bunga yang tinggi tersebut cenderung mereka yang memiliki risiko yang tinggi. belum cukup kokohnya perbaikan pasar keuangan global. Lambatnya penyesuaian suku bunga kredit diindikasi juga bersumber dari variasi ukuran bank dan target sektor usaha yang disasar. Dalam kondisi tersebut bank dimungkinkan untuk membebankan inefisiensi pada tingkat bunga kredit yang lebih tinggi.",https://www.bi.go.id/id/publikasi/laporan/Pages/lpi_09.aspx
2009,31,monetary_policy,175,"Di samping itu, tingginya margin laba bank seperti tampak pada posisi NIM diindikasi menghambat penurunan suku bunga kredit. Hal itu diperburuk oleh kecenderungan bahwa semakin besar suatu bank, semakin rendah responsnya terhadap perubahan kebijakan moneter. Fenomena tersebut juga sejalan dengan berbagai studi tentang rigiditas suku bunga kredit dan tingkat efisiensi perbankan yang dilakukan sebelumnya.63 Di samping itu, dalam pasar kredit umumnya terjadi hubungan antara leader dan follower dalam penentuan suku bunga.64 Selain itu, sepanjang tahun 2009 juga diwarnai oleh peranan kredit mikro, kecil, dan menengah (MKM) yang semakin besar. Dengan karakteristik tersebut, debitur MKM cenderung lebih mengutamakan akses kredit dibandingkan dengan 63 Pada Agung, Juda, Bambang Mukti Riyadi, dan Nugroho Joko Prastowo (2002), ”Rigiditas Suku Bunga Perbankan”, Catatan Riset, Direktorat Riset Ekonomi dan Kebijakan Moneter, Bank Indonesia; misalnya menyatakan bahwa rigiditas suku bunga antara lain terkait dengan kondisi neraca perbankan dan struktur pasar kredit yang cenderung lebih terkonsentrasi. Hal ini tercermin dari suku bunga kredit bank-bank rekap memiliki rigiditas yang paling besar terkait dengan struktur aset kelompok bank ini yang masih didominasi oleh obligasi pemerintah.",https://www.bi.go.id/id/publikasi/laporan/Pages/lpi_09.aspx
2009,32,credit,139,"Hadad, Muliaman D, Wimboh Santoso, Eugenia Mardanugraha, Dhaniel Illyas (2003), “Pendekatan Parametrik Untuk Efisiensi Perbankan Indonesia”, Biro Stabilitas Sistem Keuangan Bank Indonesia, Research Paper No. 4/5; menyatakan bahwa efisiensi bank besar tidak lebih baik dari bank asing dan campuran. 64 Kahn, Pennacchi and Sopranzetti (2000), ”Bank Consolidation and Consumer Loan Interest Rate”, The Wharton School. University of Pennsylvania. Periode SBI --> PUAB PUAB --> Dep PUAB --> Kredit Dep --> Kredit 1 bulan 3 bulan 1 bulan 3 bulan 1 bulan 3 bulan 1 bulan 3 bulan Juli 2005 - Agt 2009 1.1 1.9 0.7 0.9 0.9 2.3 6.7 10.5 Jan 2007 - Agt 2009 1.5 3.1 1.5 1.8 3.8 3.9 15.1 19.5 Jul 2008 - Agt 2009 34.5 43.6 3.7 6.4 1.7 6.9 28.4 32.8 tingkat suku bunga kredit, maka perilaku penentuan suku bunga kredit menjadi lebih kompleks.",https://www.bi.go.id/id/publikasi/laporan/Pages/lpi_09.aspx
2009,33,monetary_policy,101,"Kondisi ekses likuiditas perbankan yang cenderung persisten juga merupakan faktor lain yang menjelaskan terhambatnya respons suku bunga. Ekses likuiditas yang persisten dan struktural menjadi tantangan berat dalam mengimplementasikan kerangka kerja operasi moneter. Tantangan tersebut apabila tidak dikelola dengan baik menyebabkan volatilitas suku bunga PUAB yang tinggi yang pada gilirannya mengganggu stabilitas nilai tukar dan efektivitas transmisi kebijakan moneter. Deviasi dan volatilitas suku bunga PUAB yang besar dari BI Rate akan menurunkan kredibilitas kebijakan moneter. Di samping itu, beberapa pengamatan menunjukkan bahwa ekses likuiditas perbankan yang tidak diserap oleh otoritas pada gilirannya berpotensi memberikan tekanan pada stabilitas moneter, inflasi dan nilai tukar.",https://www.bi.go.id/id/publikasi/laporan/Pages/lpi_09.aspx
2009,34,credit,144,"Studi empiris di banyak negara juga menunjukkan bahwa ekses likuiditas perbankan berpotensi mengganggu transmisi kebijakan moneter.65 Menimbang permasalahan ekses likuiditas yang lebih bersifat struktural, pengelolaan ekses likuiditas perbankan memerlukan koordinasi lebih lanjut antara otoritas moneter, fiskal, dan perbankan. g Penyaluran Kredit Perbankan Tertahannya suku bunga kredit dan naiknya persepsi risiko akibat imbas krisis global mengakibatkan kredit perbankan tumbuh melambat. Selama tahun 2009, pertambahan 65 Agénor P .R, J. Aizenman, A. Hoffmaister (2000), “The Credit Crunch in East Asia : What Can Bank Excess Liquid Assets Tell Us?”, NBER Working Paper Series No. 7951 dan Saxegaard (2006),“Excess Liquidity and Effectiveness of Monetary Policy : Evidence from Sub- Saharan Africa”, IMF WP/06/115. kredit (termasuk penerusan kredit) hanya mencapai Rp117,2 triliun (8,7% yoy) menjadi Rp1.470,8 triliun, jauh lebih rendah dari pertambahan kredit di periode yang sama pada tahun 2008 yang mencapai Rp326,2 triliun (31,2%, yoy) (Grafik 3.12).",https://www.bi.go.id/id/publikasi/laporan/Pages/lpi_09.aspx
2009,35,growth,167,"Semakin menurunnya pertumbuhan kredit terutama disumbang oleh dalamnya koreksi pertumbuhan kredit dalam valuta asing yang dipicu oleh menurunnya ekspor akibat kontraksi ekonomi dunia. Sementara itu, kredit rupiah juga tumbuh melambat selaras dengan menurunnya pertumbuhan ekonomi domestik dan masih relatif tingginya suku bunga kredit.66 Perlambatan pertumbuhan kredit terjadi pada seluruh sektor ekonomi, khususnya sektor industri pengolahan dan jasa dunia usaha. Menurunnya pertumbuhan kredit terutama terjadi pada jenis Kredit Modal Kerja (KMK) di sektor industri dan jasa dunia usaha yang merupakan salah satu sektor penyerap kredit terbesar (Grafik 3.13). Sementara sektor listrik, air dan gas masih tumbuh relatif tinggi sejalan dengan pembangunan infrastruktur khususnya kelistrikan, walaupun jika dibandingkan dengan pertumbuhan di tahun sebelumnya sektor tersebut juga mengalami perlambatan pertumbuhan yang signifikan. Kondisi kredit secara sektoral yang demikian merupakan imbas dari rendahnya pertumbuhan ekonomi domestik akibat dari terganggunya permintaan luar negeri.67 66 Hal tersebut didukung hasil Survei Perbankan yang menunjukkan bahwa lambatnya pertambahan kredit sejalan dengan masih tingginya suku bunga kredit dan persepsi risiko ekonomi pada beberapa sektor ekonomi tertentu.",https://www.bi.go.id/id/publikasi/laporan/Pages/lpi_09.aspx
2009,36,monetary_policy,230,"67 Hasil estimasi menunjukkan posisi kredit aktual saat ini sudah relatif sama dengan permintaan kredit potensial di tengah kondisi perekonomian yang belum sepenuhnya pulih. Grafik 3.12 Pertumbuhan Kredit Tabel 3.2 Suku Bunga dan Mekanisme Transmisi Kebijakan Moneter Keterangan * Penaksiran dilakukan dengan menggunakan metode regresi dengan periode observasi Januari 2001 – Juni 2009. ** Fase normal mencakup siklus ekspansi dan kontraksi. Grafik 3.13 Pertumbuhan Kredit dan Sk Bunga KMK Kredit Rp Kredit Va Kredit Total (skala kanan) persen, yoy persen, yoy -30 -20 -10 Kredit Valas dalam dolar AS 2008 2009 I III IVII I III IVII Pertumbuhan KMK sb KMK (skala kanan) persen, yoy persen -10 -5 2005 2006 2006 2008 2009 I II III IV I II III IV I II III IV I II III IV I II III IV Parameter Respons terhadap BI Rate/Suku bunga kredit* Suku bunga kredit modal kerja Suku bunga kredit investasi Permintaan kredit Fase normal** - BI Rate - Suku bunga kredit 0.104 - 0.058 - -0.076 Siklus ekpansi pada masa krisis - BI Rate - Suku bunga kredit -0.012 - -0.006 - 0.037 Fenomena lambatnya pertumbuhan kredit diduga selain bersumber dari melemahnya permintaan kredit, juga didorong oleh tertahannya suplai kredit. Terkoreksinya ekonomi domestik secara otomatis menurunkan kebutuhan pembiayaan. Sementara itu, masih belum pulihnya sektor riil berpotensi meningkatkan risiko non performing loans (NPL) sehingga membuat bank lebih berhati-hati dalam menyalurkan kredit baru.",https://www.bi.go.id/id/publikasi/laporan/Pages/lpi_09.aspx
2009,37,credit,147,"Hal demikian tampaknya selaras dengan perilaku sistem keuangan yang cenderung procyclical.68 Dalam kondisi normal yaitu pada saat perekonomian berada di siklus ekspansi, sensitivitas kebijakan moneter terhadap variabel makroekonomi agregat terlihat berjalan sesuai dengan konsep umum. Perubahan suku bunga kebijakan akan diikuti oleh perubahan suku bunga kredit dan selanjutnya penyaluran kredit. Hal itu sejalan dengan hipotesa tentang keberadaan risk taking channel, yang menyatakan bahwa lembaga keuangan akan cenderung menurunkan persepsi risiko dalam bentuk meningkatkan toleransi standar pemberian kredit. Namun demikian, kondisi sebaliknya terjadi pada saat krisis global saat ini yaitu terjadi koreksi respons penurunan suku bunga kredit terhadap penurunan BI Rate.69 Melemahnya respons penurunan 68 Report of the Financial Stability Forum on Addressing Procyclicality in the Financial System, Financial Stability Forum (2009). 69 Sesuai studi Peersman dan Smets (2001), “The Monetary Transmission Mechanism in the Euro Area : More Evidence from VAR Analysis”, ECB Working Paper Series No.",https://www.bi.go.id/id/publikasi/laporan/Pages/lpi_09.aspx
2009,38,credit,132,"91; untuk kawasan Eropa yang menunjukkan bahwa sensitivitas kebijakan moneter terhadap pertumbuhan ekonomi terindikasi tidak kuat memengaruhi pertumbuhan ekonomi pada saat ekonomi dalam siklus krisis. Salah satu faktor yang memengaruhi kondisi ini tidak terlepas dari dampak mekanisme financial accelerator propagation yang lebih kuat terjadi pada saat perekonomian dalam siklus krisis. suku bunga kredit kemudian menurunkan penyaluran kredit (Tabel 3.2) dan keberadaan financial accelerator semakin menciutkan intermediasi. Dalam kondisi krisis, industri perbankan semakin cenderung menghindari risiko dan lebih memusatkan pada upaya menjaga kecukupan likuiditas. Bahkan apabila dihadapkan pada situasi naiknya counterparty risk di pasar uang, perbankan dapat melakukan penumpukan likuiditas (liquidity hoarding) misalnya dengan menambah penempatan pada portofolio yang rendah risikonya seperti instrumen bank sentral. Hal demikian pada gilirannya mampu meningkatkan kemampuan perbankan menyerap kemungkinan penurunan kinerja kredit akibat imbas pelemahan sektor riil.",https://www.bi.go.id/id/publikasi/laporan/Pages/lpi_09.aspx
2009,39,exchange_rate,133,"Ke depan, mulai pulihnya perekonomian diharapkan mendorong kembali naiknya permintaan kredit. Selaras dengan hal tersebut, perbankan dapat menurunkan persepsi risiko dan pada gilirannya suku bunga kredit sehingga kondiusif meningkatkan efektivitas transmisi suku bunga kebijakan, BI Rate, pada suku bunga perbankan. meningkatkan kecenderungan shock amplifier dari sistem keuangan karena pasar keuangan domestik belum cukup efisien dalam menyerap risiko.50 Fenomena herding behaviour dan sudden stop semakin menguatkan karakteristik sektor keuangan yang cenderung bersifat shock amplifier. Aliran modal keluar yang berlebihan yang dipengaruhi oleh herding behaviour dan sudden stop mengakibatkan merosotnya nilai tukar rupiah dan harga aset keuangan domestik. Fakta menunjukkan bahwa pada krisis tahun 1997/1998 rupiah anjlok disertai fluktuasi yang berlebihan dengan depresiasi mencapai sekitar 85% pada periode Juli 1997-Juni 1998. IHSG mengalami penurunan yang sangat tajam yaitu sebesar 62% dalam periode Juni 1997-September 1998.",https://www.bi.go.id/id/publikasi/laporan/Pages/lpi_09.aspx
2009,40,bop,171,"Sementara itu, pada saat terjadinya krisis ‘mini’ pada tahun 2005 yield SUN meningkat tajam hingga mencapai 16%, sementara IHSG sempat menurun mencapai level 1.058.51 Pada krisis ekonomi tahun 2008, IHSG mengalami penurunan sebesar 54%, sementara imbal hasil SUN terkoreksi sekitar 20% dalam periode Februari 2008-November 2008. Dominansi peran investasi portofolio dalam neraca modal dan keuangan mendorong naiknya volatilitas nilai tukar rupiah. Peran investasi portofolio yang semakin besar dalam neraca pembayaran menyebabkan pembentukan harga rupiah menjadi rentan karena lebih dipengaruhi oleh perubahan persepsi risiko investor di pasar keuangan global dibandingkan dengan pengaruh faktor-faktor fundamental. Hal itu diperumit dengan fenomena aliran dana dari neraca transaksi berjalan yang tidak sepenuhnya menjadi pasokan di pasar valuta asing domestik (Grafik 3.6). Sebagian eksportir cenderung menyimpan devisa hasil ekspornya di luar negeri karena berbagai alasan seperti (1) kebijakan induk perusahaan, khususnya bagi anak perusahaan asing (2) terms and condition dari Master Loan Agreement, khususnya bagi eksportir yang mengandalkan pembiayaan dari pinjaman, dan (3) upaya mengoptimalkan manfaat dari layanan perbankan luar negeri khususnya bagi eksportir yang juga importir.",https://www.bi.go.id/id/publikasi/laporan/Pages/lpi_09.aspx
2009,41,exchange_rate,128,"Dinamika nilai tukar yang lebih banyak dipengaruhi oleh aliran modal portofolio memberikan kompleksitas bagi 50 Kondisi ini berbeda dengan asumsi yang banyak digunakan dalam analisis makroekonomi bahwa sistem keuangan bergerak secara endogen mengikuti pergerakan makroekonomi sekaligus menjadi peredam gejolak yang terjadi dalam kegiatan ekonomi (shock absorber). 51 Pada 20 Oktober 2005, atau melemah hampir 2% dari akhir September 2005. pengelolaan moneter. Hal ini dikarenakan perubahan suku bunga tidak serta-merta memengaruhi pergerakan nilai tukar baik melalui jalur permintaan domestik maupun melalui jalur finansial sebagaimana konsep Uncovered Interest Parity (UIP). Penetapan suku bunga kebijakan yang terukur dan berhati-hati memang mampu membangun kepercayaan pasar. Namun demikian, dalam kondisi global yang diliputi oleh tingginya ketidakpastian maka postulasi UIP tidak selalu berlaku, bahkan hal tersebut juga terjadi di negara maju yang menerapkan ITF.",https://www.bi.go.id/id/publikasi/laporan/Pages/lpi_09.aspx
2009,42,monetary_policy,222,"Untuk perekonomian Indonesia, berbagai hal tersebut semakin menambah kompleksitas kebijakan mengingat pengaruh (passthrough) nilai tukar ke harga domestik masih cukup tinggi.52 Strategi pengelolaan arus modal dan nilai tukar tetap dilakukan sejalan dengan kerangka kerja penargetan inflasi yang cukup fleksibel (flexible ITF). Dalam kerangka umum ITF, sistem nilai tukar mengambang merupakan pilihan strategis dalam perekonomian. Namun, dalam kondisi peran nilai tukar yang lebih mengarah ke shock amplifier dan passthrough yang relatif tinggi, strategi pengelolaan nilai tukar perlu diperkuat dengan strategi kebijakan lain di luar suku bunga sebagai instrumen utama kebijakan. Kebijakan tersebut merupakan intervensi secara terukur di pasar valuta asing untuk mengurangi fluktuasi nilai tukar yang berlebihan (smoothing).53 Dapat dikemukakan bahwa intervensi bank sentral di pasar valuta asing memberikan pengaruh psikologis terhadap pergerakan nilai tukar dan cukup efektif memengaruhi nilai tukar dalam jangka pendek, terutama jika dibandingkan dengan respons melalui suku bunga.54 Dalam kaitan ini, pengaruh cukup kuat terutama terjadi di negara berkembang sejalan dengan struktur pasar yang lebih kecil dan relatif lebih lengkapnya informasi yang dimiliki bank sentral dibandingkan dengan pelaku pasar. Untuk kasus perekonomian Indonesia, penerapan sistem nilai tukar yang sangat fleksibel cenderung memberikan 52 Secara konseptual, dalam sistem nilai tukar mengambang potensi terjadinya pass-through nilai tukar ke harga domestik adalah rendah (Hufner, Felix. ”Foreign Exchange Intervention as Monetary Policy Instrument : Evidence for Inflation Targeting Countries”, ZEW Economic Studies 23.",https://www.bi.go.id/id/publikasi/laporan/Pages/lpi_09.aspx
2009,43,exchange_rate,97,"2003). Namun, dengan tidak bekerjanya UIP (yang antara lain disebabkan oleh adanya dominasi aliran modal portofolio) pass-through nilai tukar ke harga harga barang impor masih cukup tinggi. 53 Yang dibarengi dengan sterilisasi (sterilized intervention) agar dampaknya netral terhadap likuiditas. 54 Disyatat, Piti and Gabriele Galati (2005), “The Effectiveness of Foreign Exchange Intervention in Emerging Market Countries : Evidence from Czech Korona”, BIS Working Paper 172. tekanan depresiatif. Dalam kondisi tersebut, kebijakan Bank Indonesia di pasar valas yang dilakukan secara terukur pada waktu dan taraf tertentu dapat menahan tekanan depresiasi yang lebih besar, sehingga mencegah munculnya ekspektasi inflasi.",https://www.bi.go.id/id/publikasi/laporan/Pages/lpi_09.aspx
2009,44,inflation,85,"Namun, kebijakan tersebut belum berkesinambungan apabila tidak disertai dengan upaya untuk mencapai sasaran inflasi yang telah ditetapkan. Sehubungan dengan hal tersebut, komitmen dan konsistensi kebijakan moneter untuk mencapai sasaran inflasi harus terus dilanjutkan. Hal tersebut akan meningkatkan kredibilitas kebijakan moneter yang pada gilirannya akan mendukung ekspektasi inflasi yang rendah dan stabil. Dengan pencapaian tersebut maka pengaruh passthrough dari depresiasi nilai tukar yang tidak diinginkan juga akan dapat dikurangi. Sebagai penutup dapat disampaikan bahwa kenaikan aliran modal antarnegara di dunia pada gilirannya akan memengaruhi kebijakan domestik.",https://www.bi.go.id/id/publikasi/laporan/Pages/lpi_09.aspx
2009,45,monetary_policy,130,"Pasar dunia yang berkembang memberikan kontribusi signifikan pada peningkatan disiplin kebijakan moneter dan fiskal, yaitu menghukum kebijakan buruk dan memberi penghargaan bagi kebijakan yang baik. Upaya untuk mendisiplinkan kebijakan moneter, antara lain melalui implementasi ITF, turut memperkuat komitmen kebijakan untuk meningkatkan transparansi kepada pelaku ekonomi yang lain. Krisis keuangan global menunjukkan bahwa kestabilan harga tidak menggaransi kestabilan sistem keuangan. Pesatnya aliran modal antar negara mengakibatkan nilai tukar lebih dipengaruhi oleh aliran modal ketimbang perkembangan neraca transaksi berjalan yang lebih baik dalam merefleksikan fundamental ekonomi. Oleh karenanya, peran otoritas moneter di negara berkembang tidak hanya terkait dengan pengaturan suku bunga kebijakan, melainkan juga pencermatan terhadap perilaku neraca modal, pelaksanaan intervensi yang disertai sterilisasi saat nilai tukar bergerak terlalu fluktuatif, dan pengembangan serta pendalaman sektor finansial domestik agar lebih mampu menyerap gejolak.",https://www.bi.go.id/id/publikasi/laporan/Pages/lpi_09.aspx
2009,46,inflation,245,"3.4 Kondisi Sisi Penawaran dan Implikasinya pada Tekanan Inflasi Perekonomian domestik masih dihadapkan pada berbagai permasalahan di sisi penawaran, di antaranya hambatan struktural mikro. Hambatan tersebut terutama berupa inefisiensi atau ekonomi biaya tinggi, ketidakharmonisan regulasi pusat dan daerah, infrastruktur dan pasokan energi yang kurang memadai, serta kemampuan tenaga kerja yang rendah, tidak saja memengaruhi kesinambungan prospek perekonomian dan kestabilan kondisi makroekonomi, namun juga menurunnya daya saing relatif Indonesia dengan negara lain di kawasan. Hambatan struktural mikro tersebut telah mendorong munculnya permasalahan kekurangresponsifan sisi penawaran terhadap perkembangan atau stimulus kebijakan yang berasal dari sisi permintaan, kekurangsempurnaan struktur pasar komoditas tertentu, dan kekurangefisienan jalur tata niaga. g Respons Sisi Penawaran Kekurangresponsifan perkembangan sisi penawaran terhadap perkembangan sisi permintaan dicerminkan oleh kurva penawaran yang mempunyai kemiringan relatif lebih tajam atau kurang elastis pada periode setelah krisis. Hasil pengamatan empiris perilaku sisi penawaran yang tercermin pada Kurva Phillips New Keynesian,70 70 Spesifikasi umum Kurva Phillips New Keynesian didasarkan pada model staggered price setting yaitu model yang juga memperhitungkan kemungkinan adanya fraksi tertentu dari agen ekonomi yang menggunakan pola penyesuaian harga backward- looking sebagai rule of thumb. Dengan hipotesis tersebut, basis model hibrid dapat dituliskan sebagai: πt = γb πt-1 + γf Et{πt+1} +κ (yt – y*t), dimana γb dan γf masing-masing merupakan koefisien dekomposisi dari beberapa parameter dalam sistem permodelan, sekaligus mencerminkan perilaku backward-looking dan forward- menunjukkan bahwa pada periode sebelum krisis (tahun 1975 – 1997) elastisitas jangka pendek inflasi terhadap perkembangan output (output gap) sekitar 0,1 – 0,2.",https://www.bi.go.id/id/publikasi/laporan/Pages/lpi_09.aspx
2009,47,inflation,157,"Sementara itu, pada periode setelah krisis (tahun 1998 – 2009) elastisitas tersebut meningkat menjadi sekitar 0,3 – 0,4. Pengamatan juga memperlihatkan bahwa perilaku Kurva Phillips juga terpengaruh oleh dampak krisis keuangan global tahun 2008, yaitu elastisitas jangka pendek inflasi terhadap perkembangan output pada periode sebelum dampak krisis keuangan global tahun 2008 (tahun 1998 – 2008 triwulan III) tercatat sekitar 0,2 – 0,3.71 Lebih jauh, penyertaan variabel dummy pada persamaan dasar untuk melihat perbedaaan pengaruh output gap positif dan negatif menyimpulkan bahwa pada periode krisis terdapat kecenderungan pengaruh perkembangan output gap positif lebih besar dari output gap negatif, yang mengindikasikan adanya looking dari inflasi. dimana κ adalah parameter output gap. 71 Penaksiran dilakukan dengan menggunakan data triwulanan. Asumsi teoritis ditetapkan bahwa γb+γf = 1. Metode penaksiran menggunakan teknik Generalized Method of Moments (GMM) dengan variabel instrumental lag inflasi, nilai masa kini dan lag dari nilai tukar, nilai masa kini dan lag dari besaran moneter (M0), dan faktor musiman.",https://www.bi.go.id/id/publikasi/laporan/Pages/lpi_09.aspx
2009,48,inflation,121,"Variabel output gap ditaksir dengan menggunakan metode filtrasi Hodrick-Prescott. Pengujian restriksi teoritis menunjukkan bahwa hipotesis nul bahwa γb+γf = 1 tidak ditolak. Penyampaian hasil taksiran nilai parameter dalam kisaran terkait dengan adanya perbedaan hasil penaksiran yang mempertimbangkan dengan yang tidak mempertimbangkan perilaku data yang ekstrim pada masa krisis, yaitu antara 1997.4 – 1998.4. ketidaksimetrian atau ketidaklinearan pada perilaku Kurva Phillips.72 Hasil penaksiran tersebut mempertegas tiga temuan empiris mengenai perubahan perilaku kurva penawaran yang cenderung kurang elastis sebagai dampak perubahan struktural perekonomian. Pertama, pada masa krisis kemiringan (slope) kurva penawaran cenderung lebih tajam, yang berarti bahwa perkembangan inflasi cenderung lebih sensitif terhadap perkembangan output. Hal tersebut berarti bahwa dengan stimulus sisi permintaan yang sama, perubahan harga yang diakibatkannya akan cenderung lebih besar.",https://www.bi.go.id/id/publikasi/laporan/Pages/lpi_09.aspx
2009,49,monetary_policy,226,"Kedua, relatif tajamnya kemiringan kurva penawaran pada periode tahun 1998 – 2009 dibandingkan dengan periode tahun 1998 – 2008 menunjukkan bahwa krisis keuangan global tahun 2008 telah meningkatkan potensi permasalahan di sisi penawaran (Grafik 3.14). Ketiga, permasalahan struktural yang menyebabkan perubahan perilaku Kurva Phillips yang cenderung cekung (convex) tersebut sejalan dengan hipotesis mengenai adanya keterbatasan kapasitas 72 Hasil pengamatan ini merupakan tinjauan ulang (revisit) atas studi mengenai Kurva Phillips di Indonesia, (Solikin, 2004, “Perubahan Struktural dan Perilaku Kurva Phillip di Indonesia: Keberadaan, Pembentukan Ekspektasi, dan Non-Linearitas”, Buletin Ekonomi Moneter dan Perbankan, Maret). Secara substanstif, kesimpulan yang dihasilkan adalah sama, yaitu bahwa perubahan struktural sebagai akibat krisis keuangan 1997/1998 telah menyebabkan Kurva Phillips di Indonesia semakin kurang elastis dan nonlinear. kecenderungan backward-looking π e t In/f_lasi (π e t) Output gap (t-2) kecenderungan forward-looking ± 0,3 - 0,4 periode pre-krisis periode pascakrisis krisis keuangan global tahun 2008 2008 2009 ± 0,2 - 0,3 ± 0,1 - 0,2 Grafik 3.14 Karakteristik Kurva Penawaran (Kurva Phillips) di Indonesia (capacity constraints) dalam perekonomian Indonesia, terutama yang terjadi pada periode krisis ekonomi. Hal ini merupakan faktor utama di balik masih sulitnya (rigid) inflasi untuk turun.73 Implikasi dari ketiga temuan empiris tersebut bagi pelaksanaan kebijakan moneter adalah bahwa efektivitas transmisi stimulus kebijakan makroekonomi ke sektor riil menjadi berkurang. Kondisi tersebut bahkan menyebabkan perekonomian yang cepat memanas dan tekanan inflasi yang lebih tinggi.",https://www.bi.go.id/id/publikasi/laporan/Pages/lpi_09.aspx
2009,50,growth,97,"Dampak selanjutnya adalah tingkat inflasi cenderung stabil pada level yang relatif tinggi sehingga suku bunga pun relatif sulit untuk ditekan pada tingkatan yang lebih rendah. Secara makro, permasalahan tersebut juga berdampak pada pengalokasian sumber daya ekonomi yang tidak efisien, serta keterpautan antara sektor riil dan sektor keuangan yang semakin renggang (decoupling). Hasil akhirnya, adalah struktur pertumbuhan ekonomi cenderung tidak berimbang seperti terjadi dalam beberapa tahun terakhir. Sementara ekses likuiditas di pasar keuangan terus bertambah dengan berbagai kerentanan yang melingkupinya. Berkaitan dengan permasalahan tersebut, beberapa langkah struktural perlu diterapkan dalam koordinasi yang baik antara Bank Indonesia dan Pemerintah.",https://www.bi.go.id/id/publikasi/laporan/Pages/lpi_09.aspx
2009,51,growth,135,"Dari sisi kebijakan moneter, Bank Indonesia dituntut untuk dapat merumuskan stance kebijakan yang tepat dengan memperhitungkan kondisi perekonomian sedang berada. Hal itu mengingat bahwa semakin tajamnya kemiringan Kurva Phillips juga menyiratkan adanya kecenderungan penurunan biaya pengendalian inflasi dan sebaliknya. Oleh karena itu, tantangan kebijakan moneter pada fase pemulihan ke depan terkait dengan penetapan preferensi kebijakan dalam jangka pendek yaitu antara mendorong momentum pertumbuhan ekonomi dan penurunan inflasi. Dalam tataran kebijakan makro, koordinasi kebijakan harus diprioritaskan untuk memperkuat kelembagaan ekonomi dan mempercepat pembangunan infrastruktur terkait dengan upaya untuk meningkatkan kapasitas produksi dan perekonomian secara luas. Langkah tersebut diharapkan akan memengaruhi perilaku sisi penawaran agar berada dalam pola yang cukup fleksibel dalam merespons 73 Hal ini sejalan dengan analisis yang pernah dilakukan Bank Indonesia bahwa pergerakan komponen permanen inflasi cenderung menurun, namun masih berada di atas 5%.",https://www.bi.go.id/id/publikasi/laporan/Pages/lpi_09.aspx
2009,52,monetary_policy,193,"Afandi (2007) ”Struktur Perekonomian dan Implikasi terhadap Target Inflasi 2008-2009”, Catatan Riset, Direktorat Riset Ekonomi dan Kebijakan Moneter, Bank Indonesia, 30 Oktober. perkembangan sisi permintaan sehingga dukungan kebijakan ekonomi untuk mendorong proses pemulihan ekonomi, di tengah potensi ketidakpastian yang masih muncul ke depan dapat memberikan hasil yang optimal. g Struktur Pasar dan Tata Niaga Struktur pasar yang kurang sempurna pada beberapa komoditas tertentu berpotensi menyebabkan rigiditas penurunan harga. Hasil pengamatan Bank Indonesia menunjukkan bahwa struktur pasar beberapa komoditas tertentu kurang sempurna sebagaimana tercermin pada tingginya rasio konsentrasi (Tabel 3.3).74 Dengan struktur pasar yang demikian, pelaku usaha mempunyai peluang untuk mentransmisikan kenaikan biaya produksi secara langsung kepada konsumen dan menahan harga ketika terjadi penurunan harga bahan baku. Apabila kondisi demikian terus berlangsung maka akan menyebabkan rigiditas penurunan harga (downward price rigidity). Indikasi terhadap keberadaan rigiditas harga tersebut tercermin pada pergerakan harga beberapa komoditas strategis yang relatif stabil bahkan cenderung meningkat meskipun terdapat penurunan harga bahan baku di pasar global (Grafik 3.15).75 Rigiditas penurunan harga tersebut merupakan salah satu faktor utama dibalik masih cukup tingginya tingkat inflasi di Indonesia. Laju inflasi yang cenderung bertahan tinggi, meski pengaruh gejolak sudah dihindarkan memunculkan hipotesis adanya persistensi inflasi.",https://www.bi.go.id/id/publikasi/laporan/Pages/lpi_09.aspx
2009,53,inflation,97,"Jika persistensi diartikan sebagai waktu yang diperlukan untuk kembali ke level semula setelah terjadinya gejolak, maka fakta di atas memiliki implikasi tingginya persistensi inflasi di Indonesia. Beberapa penelitian yang telah dilakukan mengkonfirmasi hal tersebut. Penelitian awal menemukan derajat persistensi inflasi inti yang mencapai 0,8–0,9. Derajat persitensi inflasi IHK serta disagregasi berdasarkan kelompok barang dan jasa juga berada di sekitar 0,8–0,9, meskipun secara umum menunjukkan tren penurunan antara periode sebelum dan setelah krisis.76 74 Rasio konsentrasi (Concentration Ratio-CR) adalah jumlah pangsa pasar (market share) dari sejumlah perusahaan terbesar. Contoh: CR4 merupakan rasio konsentrasi dari 4 (empat) perusahaan terbesar.",https://www.bi.go.id/id/publikasi/laporan/Pages/lpi_09.aspx
2009,54,monetary_policy,95,"75 Antara lain karena memiliki bobot yang besar dalam keranjang IHK. 76 Estimasi persistensi tersebut dengan model univariate berupa autoregressive. Dengan mengadopsi formula dari Gujarati (2003), ”Basic Econometrics”, McGraw Hill Higher Education, yang terdapat dalam Alamsyah, Halim (2008), ”Persistensi inflasi dan Dampaknya terhadap Pilihan dan Respon Kebijakan Moneter di Indonesia”, Disertasi Progam Doktoral Universitas Indonesia. Persistensi inflasi Permasalahan lain yang juga menyebabkan masih tingginya tekanan inflasi adalah kekurangefisienan jalur distribusi atau tata niaga. Jalur distribusi yang panjang selain menyebabkan level harga yang lebih tinggi yang diterima konsumen, juga menimbulkan risiko permasalahan dalam jalur distribusi tersebut.",https://www.bi.go.id/id/publikasi/laporan/Pages/lpi_09.aspx
2009,55,inflation,127,"Untuk itu, salah satu kunci untuk menurunkan inflasi adalah perlunya meningkatkan efisiensi distribusi. Efisiensi distribusi atau “tata niaga” suatu produk dari produsen ke konsumen sangat dipengaruhi oleh panjang mata rantai jalur distribusi dan besarnya margin keuntungan yang ditetapkan oleh setiap mata rantai tersebut. Semakin panjang mata rantai distribusi dan semakin besar margin keuntungan yang ditetapkan maka kegiatan distribusi tersebut semakin tidak efisien, sehingga harga yang diterima konsumen menjadi lebih tinggi. Di samping 0,8 – 0,9 mengandung arti bahwa jika terjadi kejutan maka 50% kejutan tersebut akan diserap dalam jangka waktu 4 – 9 bulan dan sisanya akan diserap seiring perjalanan inflasi kembali ke rata-rata normal jangka panjangnya. Perhitungan lama waktu yang diperlukan untuk menyerat 50% shocks menggunakan rumus perhitungan mean lag ρ/(1-ρ), dengan ρ adalah derajat persistensi.",https://www.bi.go.id/id/publikasi/laporan/Pages/lpi_09.aspx
2009,56,inflation,157,"Dengan menggunakan model Kurva Phillips New Keynesian, penelitian tersebut kembali menguatkan temuan menurunnya persistensi inflasi pascakrisis. itu, semakin panjang jalur distribusi menimbulkan risiko terhadap inflasi bila terjadi permasalahan pada titik- titik jalur distribusi. Asesmen terhadap jalur distribusi menunjukkan bahwa komoditas pertanian (beras dan cabe merah) mempunyai mata rantai distribusi yang lebih panjang karena melibatkan pedagang pengepul/ tengkulak77 dengan margin keuntungan terbesar di tingkat pedagang.78 Sementara itu, untuk komoditas pangan strategis lainnya permasalahan tata niaga terletak pada sistem lelang yang berlaku. Dalam hal ini pemenang lelang didominasi oleh distributor/pedagang besar. Permasalahan distribusi dapat ditinjau dari perspektif ekonomi regional, seperti diketahui bahwa tingginya inflasi komoditas pangan di beberapa daerah terutama 77 Jalur distribusi komoditas pertanian umumnya meliputi: petani, pedagang pengepul/tengkulak, pedagang besar, pedagang pengecer dan konsumen. Sebagian besar responden (84% untuk beras dan 73% untuk cabe merah) lebih menyukai menjual produksinya kepada pengepul/tengkulak setempat dengan alasan kemudahan penjualan karena pengepul mengambil di tempat (“Peran Distribusi Pembentukan Harga Komoditas Pangan”.",https://www.bi.go.id/id/publikasi/laporan/Pages/lpi_09.aspx
2009,57,inflation,248,"Bank Indonesia, 2008). 78 Berdasarkan hasil survei tata niaga beras di Jawa Barat, Sumatera Barat, DI. Yogyakarta dan Sulawesi Selatan, margin keuntungan terbesar di tingkat pedagang (“Seminar Inflasi Dari Sisi Penawaran”, Bank Indonesia, 16 Oktober 2008). Tabel 3.3 Konsentrasi Rasio Beberapa Industri Sumber: Statistik Industri Besar BPS (diolah), Outlook Ekonomi Indonesia Bank Indonesia (Agustus 2009). CR4>0,75 menunjukkan struktur yg oligopoli atau monopoli No KKI 5 Industri CR 4 Industri Makanan dan Minuman 1 15431 Bubuk Coklat 1,00 2 15321 Tepung Terigu 1,00 3 16003 Rokok Putih 1,00 4 15144 Minyak Goreng dari Kelapa Sawit 0,83 Tekstil 5 17111 Persiapan Serat Tekstil 0,98 6 18102 Pakaian Jadi Lainnya dari Tekstil 0,89 Kertas dan Barang Cetakan 7 21011 Bubur Kertas 0,99 Kimia dan Barang dari Karet 8 24132 Karet Buatan 1,00 9 24242 Kosmetik 0,99 10 23203 Barang-barang dari Hasil Kilang Minyak Bumi 0,98 11 24122 Pupuk Buatan Tunggal 0,95 12 24231 Bahan Farmasi 0,88 No KKI 5 Industri CR 4 Semen dan Barang Galian Bukan Logam 13 26411 Semen 0,91 14 26501 Barang dari Marmer, dan Granit untuk Keperluan Rumah Tangga 0,83 Logam Dasar Besi dan Baja 15 27102 Penggilingan Baja 0,96 16 27320 Pengecoran Logam Bukan Besi dan Baja 0,90 Alat Angkutan, Mesin dan Peralatannya 17 31101 Motor Listrik 1,00 18 34100 Kendaraan Bermotor Roda Empat atau Lebih 0,99 19 35911 Sepeda Motor dan Sejenisnya 0,90 20 29113 Komponen dan Suku Cadang Penggerak Mula 0,82 disebabkan oleh ketergantungan yang cukup tinggi terhadap pasokan dari daerah lain, terutama Jawa.",https://www.bi.go.id/id/publikasi/laporan/Pages/lpi_09.aspx
2009,58,inflation,89,"Hal ini karena produksi bahan makanan dan makanan jadi relatif terbatas di daerah. Selain itu, rantai distribusi cukup panjang dengan peranan distributor dan pedagang pengumpul (pengepul) di daerah sangat dominan dalam mekanisme pembentukan harga terutama komoditas pangan. Selain itu, kondisi geografis Indonesia menimbulkan potensi permasalahan terkait dengan kelancaran arus distribusi barang secara umum. Permasalahan utama tersebut masih ditambah dengan keterbatasan pasokan domestik dan sentra produksi yang tidak merata. Masih besarnya ketergantungan pada produk impor dan kendala ketersediaan pasokan barang antar waktu untuk komoditas tertentu menyebabkan inflasi masih cenderung bergejolak.",https://www.bi.go.id/id/publikasi/laporan/Pages/lpi_09.aspx
2009,59,global,138,"Kondisi rasio antar produksi dan konsumsi yang cukup tipis dan ketergantungan beberapa komoditas pangan strategis terhadap impor menyebabkan perkembangan harga komoditas tersebut sangat rentan terhadap gejolak baik yang berasal dari faktor domestik maupun eksternal. Di samping itu, rendahnya produksi beberapa komoditas pangan menyebabkan beberapa komoditas tersebut masih tergantung pada impor sehingga rentan terhadap perkembangan harga internasional, seperti tepung terigu, kedelai, dan pakan ternak79 dan daging sapi. Selain itu, perkembangan harga beberapa komoditas pangan masih rentan terhadap fluktuasi produksi yg terkait dengan siklus panen dan gejolak domestik sehingga dalam hal ini manajemen stok dan produksi 79 Sebagai salah satu komponen biaya produksi daging dan telur ayam. Perkembangan harga pakan ternak akan memengaruhi harga komoditas tersebut. yang baik sangat diperlukan. Hal tersebut dimaksudkan agar pasokan barang dapat tersedia secara lebih merata sepanjang waktu sehingga tidak terjadi lonjakan harga yang berlebihan.",https://www.bi.go.id/id/publikasi/laporan/Pages/lpi_09.aspx
2009,60,inflation,135,"Ketersediaan pasokan dari dalam negeri (produksi lokal) juga perlu memerhatikan kualitas produksi sehingga dapat mengurangi ketergantungan terhadap impor yang disebabkan tidak sesuainya kualitas yang disediakan oleh produk dalam negeri. Di samping itu, penyebaran sentra produksi yang tidak merata dapat meningkatkan biaya distribusi dan risiko harga. Pada beberapa produk seperti sentra produksi gula pasir sebagian besar berpusat di pulau Jawa, terutama di wilayah Indonesia Timur. Dengan memerhatikan berbagai permasalahan di atas, upaya untuk meningkatkan efektivitas pencapaian sasaran inflasi sangat tergantung pada perbaikan kualitas koordinasi lintas instansi serta penguatan struktur industri. Hal ini mengingat inflasi yang rendah dan stabil tidak semata-mata dapat dicapai dengan hanya mengelola sisi permintaan agregat melalui kebijakan moneter oleh Bank Indonesia, namun lebih dari itu, diperlukan dukungan kebijakan pemerintah, baik dari sisi fiskal maupun sektoral, yang konsisten untuk mendukung tercapainya sasaran inflasi tersebut.",https://www.bi.go.id/id/publikasi/laporan/Pages/lpi_09.aspx
2009,61,global,267,"Langkah lain yang perlu diprioritaskan adalah revitalisasi atau penguatan struktur industri untuk meningkatkan efisiensi dan mengurangi ketergantungan impor (swasembada) guna mengurangi dampak dari fluktuasi harga komoditas internasional terhadap kenaikan komoditas tertentu di dalam negeri yang dinilai strategis. Grafik 3.15 Perkembangan Harga Komoditas Internasional dan Harga Komoditas Domestik indeks dolar AS/bushel Sumber: Bloomberg (diolah) Gandum (skala kanan) Tepung Terigu Jan - 02 Jul - 02 Jan - 03 Jul - 03 Jan - 04 Jul - 04 Jan - 05 Jul - 05 Jan - 06 Jul - 06 Jan - 07 Jul - 07 Jan - 08 Jul - 08 Jan - 09 Jul - 09 CPO Minyak goreng (skala kanan) 1.000 1.200 1.400 2003 2004 2006 2007 2008 2009 I II III IV I II III IV I II III IV I II III IV I II III IV I II III IV I II III IV dolar AS/metrik ton indeks Sumber: Bloomberg (diolah) 3.5 Penutup Pada tahun 2009, stance kebijakan moneter cenderung longgar sebagai salah satu wujud komitmen Bank Indonesia untuk memberikan stimulus bagi pemulihan ekonomi serta membangun pondasi yang kokoh bagi pertumbuhan ekonomi yang berkelanjutan ke depan. Kebijakan tersebut ditempuh di tengah tekanan yang cukup besar di sisi stabilitas sistem keuangan sehingga berbagai kebijakan pelonggaran yang berlaku sejak triwulan akhir tahun 2008 tetap dipertahankan, bahkan diperkuat untuk tetap menjaga berfungsinya pasar uang. Berbagai hal ini dimungkinkan untuk dilakukan di tengah tekanan inflasi yang menurun. Dengan berbagai kebijakan yang ditempuh baik dari sisi moneter maupun fiskal, perekonomian Indonesia mencatatkan pertumbuhan yang positif, lebih baik dari berbagai negara yang saat ini masih dihadapkan pada pertumbuhan negatif.",https://www.bi.go.id/id/publikasi/laporan/Pages/lpi_09.aspx
2009,62,bop,77,"Sementara itu, neraca pembayaran mencatatkan surplus, nilai tukar rupiah mengalami penguatan, dan inflasi berada di bawah kisaran sasarannya. Namun demikian, di tengah berbagai capaian yang cukup menggembirakan tersebut, perekonomian Indonesia masih menyimpan beberapa permasahan struktural. Permasalahan tersebut perlu mendapat perhatian khusus karena berpotensi mengganggu pencapaian kinerja ekonomi di tahun mendatang. Beberapa persoalan utama di sisi kebijakan moneter adalah aliran modal asing, transmisi kebijakan moneter, dan sisi penawaran. Tingginya aliran modal asing dapat diibaratkan sebagai pisau bermata dua.",https://www.bi.go.id/id/publikasi/laporan/Pages/lpi_09.aspx
2009,63,exchange_rate,126,"Di satu sisi, kehadirannya sangat diharapkan karena menjadi penyangga bagi pasokan valas domestik sehingga mencegah tekanan pada nilai tukar, dan pada gilirannya pencapaian inflasi. Namun di sisi lain, kehadiran aliran modal dapat dianggap sebagai permasalahan, terutama manakala terjadi perubahan persepsi global yang mengakibatkan aliran modal keluar dan sulit untuk masuk lagi. Oleh karena itu, kebijakan makroekonomi yang kondusif dan terkoordinasi diharapkan dapat mengelola ekspektasi inflasi maupun persepsi pasar atas kondisi perekonomian dengan baik sehingga mampu memperbaiki struktur aliran modal asing yang dapat mendukung kegiatan ekonomi secara berkesinambungan. Di antara proses tersebut, pencermatan dan peran aktif otoritas diperlukan dalam menopang kondisi pasar valas domestik dan memfasilitasi penguatan infrastruktur yang mendukung pendalaman pasar keuangan. Terkendalanya transmisi kebijakan di jalur suku bunga dan kredit bersumber dari naiknya risiko perekonomian.",https://www.bi.go.id/id/publikasi/laporan/Pages/lpi_09.aspx
2009,64,monetary_policy,93,"Hal tersebut mendorong perilaku perbankan untuk semakin risk averse. Hal tersebut tercermin pada kecenderungan perbankan untuk mempertahankan spread suku bunga kredit dan dana pada level yang tinggi serta menaikkan standar kredit. Kondisi ini justru berpotensi menguatkan pelemahan permintaan kredit lebih lanjut, yang memang sudah terkoreksi dengan melambatnya pertumbuhan ekonomi. Sementara itu, masih besarnya ekses likuiditas di perbankan nasional juga perlu dikelola karena berpotensi meningkatkan kompleksitas dan beban kebijakan moneter. Terkait dengan permasalahan yang masih mengemuka di sisi penawaran, stimulus di sisi permintaan cenderung mendorong perekonomian menjadi mudah memanas dan rentan terhadap tekanan inflasi.",https://www.bi.go.id/id/publikasi/laporan/Pages/lpi_09.aspx
2009,65,monetary_policy,126,"Oleh karena itu, langkah yang perlu dikedepankan adalah penguatan koordinasi antara Bank Indonesia dengan Pemerintah. Koordinasi ini diperlukan terutama untuk memperkuat kelembagaan ekonomi dan mempercepat pembangunan insfrastruktur terkait dengan upaya untuk meningkatkan kapasitas produksi dan perekonomian secara luas. Berbagai kompleksitas permasalahan kebijakan moneter tersebut perlu mendapat perhatian dan terus diupayakan jalan keluarnya sehingga membuka ruang bagi pengoptimalan peran kebijakan lainnya guna mendorong pertumbuhan ekonomi lebih lanjut. Boks 3.1: Memasuki 5 Tahun Penerapan ITF di Indonesia: Keberhasilan dan Tantangan Dalam kurun waktu sepuluh tahun terakhir, dalam situasi ekonomi yang juga belum sepenuhnya pulih dari permasalahan yang timbul sebagai akibat krisis keuangan global sejak tahun 2008, tantangan kebijakan moneter dengan ITF di Indonesia cenderung semakin berat. Berbagai tantangan muncul baik yang bersumber dari lingkup global, nasional, maupun regional.",https://www.bi.go.id/id/publikasi/laporan/Pages/lpi_09.aspx
2009,66,monetary_policy,124,"Dalam lingkup global, permasalahan muncul terkait dengan pengaruh krisis keuangan dan tingginya mobilitas arus dana jangka pendek yang sangat memengaruhi perkembangan nilai tukar. Selain itu, perubahan perilaku dalam sistem keuangan juga berpotensi meningkatkan kompleksitas pengendalian moneter. Dalam lingkup nasional, permasalahan muncul terkait dengan terjadinya fenomena ekses likuiditas dan fenomena kekakuan struktural di sisi suplai, yang secara fundamental mengganggu bekerjanya mekanisme transmisi kebijakan moneter dan memberikan tekanan terhadap stabilitas moneter. Sementara itu, dalam perspektif regional, permasalahan muncul terkait dengan tingginya persistensi inflasi di daerah yang antara lain dipicu oleh meningkatnya dinamika keuangan pemerintah daerah dan permasalahan pada arus distribusi barang atar- daerah. Dalam lingkungan yang sangat dinamis tersebut, tidak mudah bagi Bank Indonesia untuk mengarahkan inflasi pada sasarannya, dan dengan demikian membangun kredibilitas kebijakan moneter.",https://www.bi.go.id/id/publikasi/laporan/Pages/lpi_09.aspx
2009,67,inflation,166,"Berkaitan dengan berbagai dinamika tersebut, Bank Indonesia melakukan penelitian atas pelaksanaan ITF selama hampir 5 tahun terakhir.1 Tujuan penelitian ini adalah untuk melakukan review komprehensif atas kinerja penerapan ITF di Indonesia serta memberikan masukan penyempurnaan strategi penerapan ITF di Indonesia ke depan. Secara khusus tujuan penelitian ini adalah untuk menjawab beberapa isu mendasar terkait dengan format ITF yang sesuai dengan karakteristik perekonomian Indonesia. Dengan merujuk pada lingkup studi sebelumnya mengenai penerapan ITF di beberapa negara, studi ini mencakup lima aspek dasar, yaitu sasaran inflasi, kerangka kerja kelembagaan, kerangka kerja operasional, koordinasi kebijakan, dan 1 Direktorat Riset Ekonomi dan Kebijakan Moneter (2009), ”Review Penerapan Inflation Targeting Framework (ITF) di Indonesia”, Working Paper, Desember. kualitas analisis dan riset kebijakan. Pelaksanaan review dilakukan dengan membandingkan pencapaian kinerja penerapan ITF di Indonesia dengan kaidah atau prinsip dasar penerapan ITF, baik yang berakar pada kajian teoritis maupun best paractices beberapa negara. Keberhasilan dan Tantangan Hasil review menunjukkan bahwa penerapan ITF di Indonesia selama hampir lima tahun terahir sudah mencatat beberapa keberhasilan.",https://www.bi.go.id/id/publikasi/laporan/Pages/lpi_09.aspx
2009,68,inflation,178,"Penerapan ITF sudah semakin tertata dan disertai dengan peningkatan kualitas, dalam artian sesuai dengan best practices, pemikiran teoritis, dan kondisi empiris di Indonesia. Secara umum, terkait dengan aspek-aspek dalam proses kegiatan pada umumnya (business process as usual), beberapa perkembangan positif telah terjadi, yaitu adanya penetapan dan pengumuman sasaran inflasi, penataan kerangka kerja kelembagaan dan operasional, peningkatan koordinasi kebijakan, dan peningkatan kualitas analisis dan riset kebijakan. Dalam periode penerapan ITF tercatat pula pada beberapa perbaikan aspek fundamental yang bersifat subtantif, yang membedakan manfaat keberadaan ITF dengan kerangka kerja kebijakan yang lain, yaitu adanya (i) pematangan eksistensi kelembagaan, (ii) kejelasan sinyal kebijakan, dan (iii) peningkatan kredibilitas kebijakan. Pematangan Eksistensi Kelembagaan Sejalan dengan penataan dan penguatan kerangka kerja kelembagaan ITF, seperti independensi, akuntabilitas, dan transparansi, Bank Indonesia telah berubah dari sebuah organisasi yang awalnya lebih berorientasi ke dalam menjadi organisasi yang lebih berorientasi ke luar. Dalam kaitan ini, muncul kesadaran akan diiperlukannya suatu upaya yang menumbuhkan sikap simbiosis mutualisme antara Bank Indonesia dan publik, dimana keterbukaan dan komunikasi diharapkan menjadi pilar utama dalam pembangunan kredibilitas kebijakan Bank Indonesia sebagai bank sentral.",https://www.bi.go.id/id/publikasi/laporan/Pages/lpi_09.aspx
2009,69,monetary_policy,149,"Fakta tersebut didukung oleh beberapa pengamatan. peningkatan pemahaman atas peran penting sektor keuangan, perlunya memperhitungkan pengaruh regional dari kebijakan moneter, serta penguatan strategi komunikasi kebijakan moneter. Krisis dan perubahan perilaku di sektor keuangan yang terjadi dewasa ini menuntut Bank Indonesia untuk lebih fleksibel dan kreatif dalam merespon ketidakpastian yang muncul dalam perekonomian dan berada di luar keyakinan umum. Kebijakan parsial yang hanya mengedepankan stabilitas harga saja, akan dapat mengakibatkan pengelolaan stabilitas makroekonomi menjadi kurang optimal. Hal ini berimplikasi bahwa formulasi kebijakan moneter oleh Bank Indonesia perlu semakin mempertimbangkan peran dan dinamika sistem keuangan, yaitu dengan mengakomodir indikator kestabilan keuangan dan memiki horison forward looking lebih panjang. Pengalaman krisis ekonomi global juga menunjukkan bahwa kebijakan quantitative easing yang diterapkan oleh banyak bank sentral telah memberikan indikasi bahwa besaran moneter, seperti kredit dan uang beredar, mempunyai peranan yang penting dalam mendukung stabilisasi pasar keuangan dan perekonomian secara keseluruhan di masa krisis.",https://www.bi.go.id/id/publikasi/laporan/Pages/lpi_09.aspx
2009,70,monetary_policy,83,"Untuk itu, formulasi kebijakan moneter Bank Indonesia perlu semakin memberikan perhatian terhadap perkembangan besaran moneter agar perkembangannya sesuai dengan kondisi fundamental perekonomian. Selain itu, adanya perbedaan karakteristik perekonomian daerah juga mempunyai implikasi penting pada pelaksanaan kebijakan moneter. Oleh karena itu, formulasi kebijakan moneter juga mempertimbangkan perkembangan ekonomi daerah. Hal yang tidak kalah pentingnya adalah perlunya dukungan strategi komunikasi kebijakan yang baik. Komunikasi kebijakan moneter tidak lagi semata- mata untuk kepentingan transparansi dan akuntabilitas, namun lebih sebagai sebuah instrumen kebijakan moneter yang sangat berperan.",https://www.bi.go.id/id/publikasi/laporan/Pages/lpi_09.aspx
2009,71,monetary_policy,131,"Sejalan dengan implikasi kebijakan jangka pendek tersebut, dalam perspektif kebijakan ke depan, krisis dan perubahan perilaku di sektor keuangan memberikan justifikasi terhadap perlunya penerapan ITF yang tidak kaku (flexible ITF), tidak hanya dilihat dari tataran strategis, namun juga tataran operasional, sebagai format yang ideal untuk perekonomian Indonesia. Dalam konteks ini, Bank Indonesia akan memerhatikan beberapa aspek dalam penerapan flexible ITF di Indonesia ke depan. Pertama, bahwa di dalam upaya pencapaian stabilitas harga, akan dipertimbangkan pula sisi stabilitas sistem keuangan dalam formulasi kebijakan moneter. Secara khusus, dalam konteks Indonesia, indikator stabilitas sistem keuangan dimaksud terutama mencakup stabilitas nilai tukar dan perkembangan harga saham maupun obligasi. Kedua, di samping tetap menggunakan instrumen suku bunga dan pengelolaan likuiditas, implementasi kebijakan moneter akan diperkuat dengan instrumen regulasi di sektor keuangan secara makro (macroprudential regulatory framework).",https://www.bi.go.id/id/publikasi/laporan/Pages/lpi_09.aspx
2009,72,monetary_policy,112,"Perlu ditekankan bahwa pertimbangan aspek stabilitas sistem keuangan dalam formulasi dan penerapan kebijakan moneter akan tetap dilakukan dengan mengacu pada kerangka kelembagaan maupun kerangka operasional yang telah baik selama ini, sehingga kredibilitas kebijakan moneter tetap terjaga. Pertama, hasil survei kinerja Bank Indonesia secara umum menyebutkan bahwa kepuasan responden terhadap komunikasi kebijakan moneter sudah baik. Sebagian besar responden (57%) mengatakan puas terhadap proses komunikasi kebijakan moneter. Dengan perkembangan positif tersebut diharapkan bahwa respons kebijakan moneter Bank Indonesia dapat dimaknai secara lebih positif oleh publik. Kedua, terkait dengan kerangka kerja kelembagaan, hasil analisis FSAP – IMF pada tahun 2009 menyatakan bahwa transparansi kebijakan moneter yang dilakukan oleh Bank Indonesia dikategorikan cukup tinggi (reasonably high).",https://www.bi.go.id/id/publikasi/laporan/Pages/lpi_09.aspx
2009,73,monetary_policy,183,"Penilaian ini didasarkan kepada empat kriteria yaitu: (i) tujuan kebijakan telah dinyatakan dengan jelas pada Undang Undang Bank Indonesia; (ii) UU Bank Indonesia juga telah menjamin independensi bank sentral; (iii) kerangka inflation targeting yang berkomitmen untuk meningkatkan komunikasi dengan publik; dan (iv) tentang adanya ketentuan dan peraturan yang menjamin integritas pegawai Bank Indonesia. Kejelasan Sinyal Kebijakan Sejalan dengan penyempurnaan yang dilakukan secara bertahap hingga saat ini, baik pada penetapan suku bunga sasaran operasional maupun instrumen pasar uang lainnya, tatanan kerangka operasional kebijakan moneter saat ini relatif sudah berkembang dengan lebih baik sesuai dengan pemikiran teoritis maupun best practices. Kondisi ini menyebabkan sinyal kebijakan moneter mampu dibaca secara lebih baik oleh pasar. Hal ini berbeda dengan kondisi sebelum penerapan ITF dimana signal kebijakan Bank Indonesia yang masih menggunakan uang primer secara umum tidak dapat ditangkap oleh pasar secara tepat, sehingga dalam kondisi tertentu cenderung tidak mengubah atau bahkan memperburuk ekspektasi inflasi. Salah satu contoh positif penerapan ITF adalah pemberian sinyal kebijakan moneter ketat melalui BI Rate sejak Juli 2005 (menjelang diumumkannya kenaikan harga BBM pada bulan Oktober 2005) yang direspon pelaku ekonomi secara positif.",https://www.bi.go.id/id/publikasi/laporan/Pages/lpi_09.aspx
2009,74,monetary_policy,112,"Hal ini tercermin pada meredanya ekspektasi depresiasi dan menurunnya ekspektasi inflasi pasca kenaikan harga BBM. Kejadian tersebut menunjukkan bahwa penyampaian sinyal kebijakan yang jelas dan dikemas dengan strategi komunikasi yang tepat telah berhasil menumbuhkan pema haman yang positif mengenai langkah kebijakan Bank Indonesia, dan sekaligus memengaruhi ekspektasi masyarakat akan prospek ekonomi dan arah kebijakan ke depan. Peningkatan Kredibilitas Kebijakan Sejalan dengan penerapan ITF, kredibilitas kebijakan moneter mengalami peningkatan. Beberapa indikator berikut mendukung kesimpulan tersebut. Pertama, pengamatan baik melalui survei maupun pengujian empiris menunjukkan sedang atau telah terjadinya pergeseran perilaku pembentukan ekspektasi inflasi publik yang semula cenderung backward looking menjadi cenderung forward looking; dan hal ini berpengaruh positif pada penurunan derajat persistensi inflasi.",https://www.bi.go.id/id/publikasi/laporan/Pages/lpi_09.aspx
2009,75,monetary_policy,152,"Kondisi tersebut didukung oleh hasil pengujian empiris yang menunjukkan bahwa selama penerapan ITF derajat kredibilitas kebijakan moneter telah meningkat dua kali lipat, walaupun masih belum sepenuhnya kredibel (imperfect credibility). Kedua, sejalan dengan pemupukan kredibilitas yang telah diupayakan, pengumuman stance kebijakan Bank Indonesia yang dilakukan secara reguler melalui penetapan BI Rate menjadi salah satu indikator ekonomi sangat penting diacu oleh para pelaku di pasar uang dan kalangan dunia usaha secara luas. Di luar catatan keberhasilan tersebut, ke depan beberapa penyempurnaan ITF penting dilakukan, khususnya terkait dengan adanya perubahan perilaku dalam sistem keuangan serta peran ITF dalam merespons situasi krisis keuangan global dewasa ini, yang antara lain disertai dengan fenomena ekses likuiditas dan kekakuan struktural di sisi penawaran (structural rigidity). Yang juga penting adalah bagaimana manfaat keberadaan ITF selanjutnya dapat direfleksikan ke dalam pembangunan ekonomi dalam perspektif regional. Permasalahan- permasalahan tersebut pada akhirnya telah menjadikan dimensi pengelolaan kebijakan moneter di Indonesia menjadi semakin kompleks.",https://www.bi.go.id/id/publikasi/laporan/Pages/lpi_09.aspx
2009,76,money_supply,157,"Implikasi Kebijakan Jangka Pendek dan Pemikiran ke Depan Implikasi kebijakan jangka pendek yang mendasar yang dapat ditarik dari pengamatan tersebut adalah terkait dengan perlunya fleksibilitas dan koordinasi kebijakan, Boks 3.2: Ekses Likuiditas dan Implikasinya Terhadap Perekonomian Kondisi global saat ini diwarnai berbagai permasalahan, diantaranya ekses likuiditas, sebagai konsekuensi respon terhadap krisis global yang terjadi tahun 2008 oleh beberapa bank sentral terkemuka di dunia. Hal ini antara lain tercermin pada besarnya posisi intrumen pasar terbuka (OPT) bank sentral, yang mencerminkan jumlah kelebihan likuiditas yang harus dikendalikan bank sentral. Fenomena serupa juga terlihat di beberapa negara di kawasan Asia seperti Korea Selatan, China, dan Thailand meski dengan penyebab yang berbeda. Ekses likuiditas di negara-negara tersebut lebih disebabkan oleh upaya menjaga apresiasi nilai tukar yang berlebihan sejalan dengan meningkatnya arus masuk modal asing. Kondisi ekses likuiditas yang besar juga dialami oleh negara berkembang di kawasan lain seperti Mesir dan Turki sebagai dampak dari tingginya defisit fiskal di kedua negara tersebut.",https://www.bi.go.id/id/publikasi/laporan/Pages/lpi_09.aspx
2009,77,money_supply,136,"Sementara itu, ekses likuiditas yang terjadi di negara maju seperti Amerika Serikat dan Inggris lebih terkait dengan bantuan likuiditas dari bank sentral dalam upaya penanganan krisis keuangan pada tahun 2008, serupa dengan yang terjadi di Indonesia pada saat krisis sekitar sepuluh tahun yang lalu. Berbeda dengan di negara berkembang yang tercermin di posisi OPT, ekses likuditas di kedua negara maju tersebut tercermin pada saldo simpanan bank dan lembaga keuangan bukan bank di bank sentral. Posisi OPT di kedua negara tersebut belum terlihat meningkat disebabkan oleh belum dilakukannya kebijakan exit policy (penyerapan kembali ekses likuiditas). Kondisi ekses likuiditas di Indonesia cukup tinggi, namun relatif lebih rendah dibandingkan dengan negara kawasan. Pada awalnya ekses likuiditas ini bersumber dari penanganan krisis ekonomi 1997/1998 berupa pemberian Bantuan Likuiditas Bank Indonesia (BLBI) akibat adanya penarikan dana masyarakat dari perbankan yang besar.",https://www.bi.go.id/id/publikasi/laporan/Pages/lpi_09.aspx
2009,78,credit,121,"Guna menangkal dampak negatif dari penambahan likuiditas yang tinggi di masyarakat tersebut, Bank Indonesia mengelola likuiditas sedemikian rupa dengan menyerap kelebihan likuiditas melalui kegiatan OPT dengan instrumen SBI. Krisis telah menurunkan daya serap perekonomian sebagaimana tercermin dari menurunnya rata- rata pertumbuhan ekonomi, dari 7,2% (tahun 1990 hingga 1996) menjadi 5,1% (sejak 2000 hingga 2009). Rendahnya daya serap perekonomian tersebut berdampak pada permintaan uang atau likuiditas masyarakat yang lebih rendah dibanding sebelum krisis. Di sisi lain, perbankan juga menjadi cenderung lebih berhati-hati dan menghindari risiko (risk averse), sehingga penyaluran kredit menjadi lebih rendah dari yang diharapkan. Selain itu, perekonomian Indonesia juga menghadapi persoalan terbatasnya instrumen di pasar keuangan yang membatasi perbankan dan masyarakat untuk menanamkan kelebihan dananya di berbagai instrumen pasar keuangan.",https://www.bi.go.id/id/publikasi/laporan/Pages/lpi_09.aspx
2009,79,money_supply,110,"Terbatasnya instrumen pasar keuangan ini menyebabkan Bank Indonesia menjadi “counterparty” tunggal dalam menyerap ekses likuiditas perbankan untuk menjaga stabilitas moneter. Sementara itu, untuk mendukung kredibilitas Bank Indonesia dalam menjaga kepercayaan pelaku ekonomi dan kemampuan untuk membayar kewajiban luar negeri, sekaligus untuk meminimalkan volatilitas nilai tukar, Bank Indonesia perlu menjaga kecukupan cadangan devisa. Seiring dengan kegiatan ekonomi yang terus tumbuh positif, kebutuhan pembiayaan untuk impor cenderung meningkat signifikan sehingga diperlukan cadangan devisa yang lebih besar untuk menjaga pada level yang aman. Upaya untuk menjaga kecukupan cadangan devisa tersebut juga berimplikasi terhadap ekses likuiditas perbankan yang meningkat. Ekses likuiditas yang tinggi tersebut apabila tidak dikelola dengan baik akan berdampak negatif bagi perekonomian.",https://www.bi.go.id/id/publikasi/laporan/Pages/lpi_09.aspx
2009,80,inflation,98,"Ekses likuiditas dapat menjadi amunisi bagi kegiatan yang bersifat spekulatif khususnya di pasar valas. Dalam kondisi nilai tukar yang tertekan, kondisi tersebut dapat mengakselerasi volatilitas dan depresiasi nilai tukar rupiah. Selain itu, ekses likuiditas ini juga berpotensi mengurangi efektivitas kebijakan moneter untuk mencapai sasaran inflasi yang telah ditetapkan oleh Pemerintah. Pengalaman berbagai negara menunjukkan bahwa penyerapan ekses likuiditas perbankan oleh bank sentral terbukti mampu mengurangi tekanan terhadap nilai tukar dan selanjutnya berdampak positif terhadap inflasi. Untuk mengatasi masalah ekses likuiditas tersebut, selain menggunakan instrumen OPT sejumlah bank sentral telah menempuh strategi penyerapan yang lebih permanen dan bersifat struktural.",https://www.bi.go.id/id/publikasi/laporan/Pages/lpi_09.aspx
2009,81,money_supply,155,"Hal ini antara lain ditempuh dengan meningkatkan rasio giro wajib minimum (GWM) terhadap perbankan, seperti yang dilakukan di China, dan sterilisasi di pasar valas secara periodik, seperti yang dilakukan di Korea Selatan dan Thailand. Korea Selatan dan Thailand mempunyai infrastruktur teknologi informasi arus modal yang baik, sehingga melakukan pengaturan terhadap arus modal yang masuk maupun yang keluar dari negara tersebut. Selain beberapa langkah tersebut, juga ditempuh kebijakan struktural lainnya, seperti penerapan kesepakatan Treasury Single Account (TSA) secara murni antara bank sentral dan Pemerintah untuk mengatur ekses likuiditas perbankan dan penyerapan melalui instrumen bank sentral yang berjangka waktu lebih panjang untuk mengendalikan ekses likuiditas dalam jangka waktu yang lebih lama. Di Indonesia, upaya untuk mengatasi ekses likuiditas juga dilakukan dengan dua strategi yaitu dengan OPT dan respons kebijakan yang bersifat struktural. Beberapa kebijakan yang bersifat struktural telah ditempuh oleh Bank Indonesia dan Pemerintah seperti penyesuaian GWM, sterilisasi valas, dan bersama dengan Pemerintah melaksanakan TSA sejak 2009.",https://www.bi.go.id/id/publikasi/laporan/Pages/lpi_09.aspx
2009,82,growth,113,"Dalam rangka untuk mengendalikan ekses likuiditas dalam jangka waktu yang lebih panjang sekaligus untuk mengembangkan pasar uang, Bank Indonesia juga menggunakan SBI dengan tenor yang lebih panjang (6 bulan). Selain berbagai kebijakan di atas, kebijakan untuk meningkatkan kapasitas perekonomian dan pendalaman pasar keuangan juga diperlukan untuk mengurangi ekses likuiditas perbankan. Peningkatan kapasitas perekonomian dapat menciptakan tambahan permintaan likuiditas oleh masyarakat secara alamiah untuk pembiayaan ekonomi. Sehubungan dengan hal tersebut berbagai upaya untuk mendorong momentum pertumbuhan ekonomi yang antara lain melalui peningkatan kredit yang optimal perlu terus dilakukan. Dalam hubungan ini, upaya untuk memperkuat jembatan informasi antara perbankan dan pelaku ekonomi di sektor riil dalam bentuk pemanfaatan Sistem Infomasi Debitur (SID) menjadi sangat penting.",https://www.bi.go.id/id/publikasi/laporan/Pages/lpi_09.aspx
2009,83,money_supply,146,"Sementara itu, pendalaman pasar keuangan dilakukan melalui pengembangan infrastruktur transaksi dan mendorong terciptanya beragam instrumen di pasar keuangan sebagai alternatif penempatan ekses likuiditas, sekaligus untuk meningkatkan efisiensi pengelolaan likuiditas dan memperkuat manajemen risiko likuiditas perbankan. Tabel 1. Perbandingan Ekses Likuiditas dan Respon Kebijakan Keterangan: Ekses likuiditas diproksi dari ”bank’s claims” di Bank of Egypt Ekses likuiditas diproksi dari posisi ”deposits of depository institution” di Federal Reserve Ekses likuiditas diproksi dari posisi “Sterling Reserve Balance” di Bank of England Sumber: Bloomberg, CEIC, Central Bank websites, dan Moody’s Statistical Hanbooks, Country Credit 2009 Indonesia Thailand Korea Selatan Turki Mesir Amerika Serikat Inggris Total OPT (miliar dolar AS) 33.23 55.45 126.05 30.46 27.59 /1 977.0 /2 225.5 /3 OPT/PDB (%) 6.45 20.81 15.75 5.13 14.68 6.85 10.26 Surplus/defisit fiscal (%PDB) -1.60 -5.30 -2.90 -6.70 -7.50 -10.20 -12.10 Cadangan Devisa (miliar dolar AS) 66.10 135.60 269.90 69.60 30.90 46.14 38.03",https://www.bi.go.id/id/publikasi/laporan/Pages/lpi_09.aspx
2010,1,inflation,107,"BAB IV BAURAN KEBIJAKAN BANK INDONESIA DI TENGAH DERASNYA ALIRAN MASUK MODAL ASING sebagai dasar dalam menentukan tingkat suku bunga yang tepat. Sepanjang tahun 2010, BI Rate dipertahankan pada level 6,5% karena pada saat itu kenaikan inflasi kelompok volatile food yang signifikan belum mengakselerasi ekspektasi inflasi sehingga belum dikhawatirkan mengganggu pencapaian sasaran inflasi ke depan. Pada dasarnya, aliran masuk modal asing masih diperlukan sebagai salah satu sumber pembiayaan ekonomi. Namun, aliran modal asing yang didominasi oleh modal jangka pendek berpotensi meningkatkan tekanan terhadap stabilitas makroekonomi. Untuk mengelola arus modal asing tersebut, Bank Indonesia secara kontinu mencermati intensitas besarnya aliran modal asing agar dapat merumuskan kebijakan yang tepat.",https://www.bi.go.id/id/publikasi/laporan/Pages/lpi_2010.aspx
2010,2,exchange_rate,133,"Saat ini, kebijakan stabilisasi nilai tukar diarahkan untuk membantu pencapaian sasaran inflasi, dengan tetap konsisten pada pencapaian sasaran makroekonomi lain, serta memberikan kepastian bagi dunia usaha dan menjaga daya saing ekspor. Mengingat kompleksitas yang dihadapi maka stabilisasi nilai tukar dilengkapi dengan kebijakan makroprudensial. Untuk saat ini, kebijakan makroprudensial yang ditempuh masih cenderung moderat, antara lain dengan mewajibkan investor yang membeli instrumen SBI untuk menahan kepemilikannya minimal satu bulan sebelum dijual ke pihak lain. Bank Indonesia juga mengeluarkan Term Deposit (TD) sebagai upaya untuk mengelola pergerakan portofolio investor asing pada instrumen moneter. Di samping itu, Bank Indonesia kembali menerapkan batas maksimum saldo harian Pinjaman Luar Negeri (PLN) jangka pendek bank serta Untuk mendukung stabilitas makroekonomi dan tercapainya pertumbuhan ekonomi yang berkesinambungan, Bank Indonesia mengedepankan pengelolaan kebijakan moneter secara berhati- hati dan dilaksanakan secara konsisten.",https://www.bi.go.id/id/publikasi/laporan/Pages/lpi_2010.aspx
2010,3,monetary_policy,100,"Namun, pelaksanaan kebijakan-kebijakan tersebut dihadapkan pada berbagai tantangan yang tidak ringan. Untuk merespons tantangan tersebut, Bank Indonesia menerapkan bauran instrumen kebijakan moneter dan makroprudensial. Penggunaan bauran kebijakan tersebut pada dasarnya bertujuan untuk mencapai keseimbangan internal dan eksternal melalui kebijakan suku bunga, nilai tukar dan pengelolaan arus modal asing serta ekses likuiditas. Sementara itu, penerapan kebijakan makroprudensial diperlukan mengingat upaya untuk mencapai keseimbangan internal dan eksternal tidak dapat dilakukan dengan hanya mengandalkan pada satu instrumen kebijakan. Esensi dari kebijakan makroprudensial adalah menjaga stabilitas sistem keuangan dan membatasi kemungkinan terjadinya risiko sistemik dengan fokus utama untuk menetralisir perilaku prosiklikal dalam sistem keuangan.",https://www.bi.go.id/id/publikasi/laporan/Pages/lpi_2010.aspx
2010,4,inflation,130,"Bauran instrumen kebijakan dan makroprudensial tersebut dilakukan dalam konteks memperkuat manajemen moneter dan stabilitas sistem keuangan. Kebijakan suku bunga ditempuh dengan menetapkan BI Rate yang mampu menjangkar ekspektasi inflasi ke arah sasaran inflasi ke depan. Untuk itu, Bank Indonesia secara berkala melakukan penilaian terhadap perkembangan terkini dan proyeksi perekonomian ke depan secara komprehensif Bauran Kebijakan Bank Indonesia di Tengah Derasnya Aliran Masuk Modal Asing BAB IV menaikkan Giro Wajib Minimum (GWM) valuta asing secara bertahap yang akan efektif berlaku mulai Maret 2011. Kondisi ekses likuiditas perbankan perlu dikelola karena berpotensi memberikan tekanan terhadap stabilitas makroekonomi. Kebijakan pengendalian likuiditas yang dilakukan saat ini yaitu mendorong perubahan perspektif pengelolaan likuiditas perbankan ke tenor jangka panjang, dengan mengurangi ketersediaan Sertifikat Bank Indonesia (SBI) di pasar uang maupun dengan menerbitkan SBI tenor jangka panjang.",https://www.bi.go.id/id/publikasi/laporan/Pages/lpi_2010.aspx
2010,5,money_supply,138,"Dalam perkembangannya, ekses likuiditas perbankan cenderung meningkat sehingga memerlukan kebijakan pengelolaan ekses likuiditas dengan intensitas yang lebih kuat. Merespons kondisi tersebut, Bank Indonesia menerapkan kebijakan dengan menaikkan GWM primer rupiah. Sementara itu, untuk mengatasi ekses likuiditas yang bersumber dari ekspansi rekening pemerintah, Bank Indonesia berkoordinasi dengan Pemerintah dalam pengelolaan uang negara yang mencakup Treasury Single Account (TSA). Secara garis besar, kebijakan yang dikeluarkan Bank Indonesia selama tahun 2010 merupakan bagian dari strategi memperkuat manajemen moneter dan stabilitas sistem keuangan terutama dalam merespons tingginya arus masuk modal asing di tengah kondisi pasar uang domestik yang masih dangkal serta terbatasnya daya serap perekonomian. Melanjutkan strategi kebijakan pada periode tahun 2008 - 2009, beberapa kebijakan yang dirilis melalui Paket Kebijakan 16 Juni dan 29 Desember 2010 bertujuan untuk mendorong penyempurnaan fungsi pasar uang (well-functioning money market) dan memperlancar transmisi kebijakan moneter.",https://www.bi.go.id/id/publikasi/laporan/Pages/lpi_2010.aspx
2010,6,inflation,120,"Upaya tersebut dilakukan antara lain melalui penguatan stabilitas moneter yang meliputi penambahan instrumen pasar uang, penyempurnaan regulasi di pasar uang rupiah dan valuta asing, serta pendalaman pasar keuangan. Selain itu, Bank Indonesia juga terus mendorong intermediasi perbankan, meningkatkan ketahanan perbankan, penguatan kebijakan makroprudensial dan fungsi pengawasan perbankan. gilirannya mampu mencapai sasaran inflasi secara efektif. Sensitivitas perkembangan variabel-variabel makroekonomi secara agregat berkorelasi dengan kebijakan moneter yang diterapkan saat itu. Berdasarkan teori, penerapan kebijakan moneter ditransmisikan melalui beberapa jalur seperti suku bunga, kredit, neraca, harga aset dan nilai tukar. Dalam konteks Indonesia, sejak Juli 2005 telah menerapkan inflation targeting dengan kebijakan moneter ditransmisikan melalui penetapan BI Rate sebagai acuan bagi suku bunga pasar yang pada akhirnya akan memengaruhi inflasi (lihat Boks 4.1).",https://www.bi.go.id/id/publikasi/laporan/Pages/lpi_2010.aspx
2010,7,inflation,93,"Kebijakan BI Rate sepanjang tahun 2010 dilakukan secara terukur sebagai sinyal pencapaian sasaran inflasi. Kebijakan tersebut dilakukan dengan melakukan penilaian terhadap kondisi dan prospek perekonomian ke depan secara menyeluruh. Pilihan kebijakan yang ditempuh diarahkan pada upaya untuk menyelaraskan antara pencapaian target inflasi dan pertumbuhan ekonomi dengan tetap memerhatikan dinamika yang terjadi di pasar keuangan. Perkembangan pasar keuangan domestik juga menjadi fokus kebijakan mengingat struktur pasar keuangan yang sehat akan memberikan dampak positif terhadap efektivitas transmisi kebijakan moneter baik melalui jalur perbankan maupun jalur keuangan. Sepanjang tahun 2010, BI Rate dipertahankan pada level 6,5%.",https://www.bi.go.id/id/publikasi/laporan/Pages/lpi_2010.aspx
2010,8,inflation,138,"Penetapan BI Rate pada level yang stabil sepanjang tahun didasarkan pada pertimbangan bahwa pada saat itu kenaikan inflasi kelompok volatile food yang signifikan belum mengakselerasi ekspektasi inflasi sehingga belum dikhawatirkan mengganggu pencapaian sasaran inflasi ke depan. Sejalan dengan keinginan Bank Indonesia untuk meningkatkan peran intermediasi perbankan, penetapan BI Rate pada level tersebut juga dipandang sebagai keputusan optimal yang diperlukan oleh sisi Interaksi antara arus masuk modal asing yang cukup besar dan kondisi ekses likuiditas perbankan meningkatkan kompleksitas penggunaan suku bunga sebagai instrumen moneter tunggal. Hal ini terkait dengan penetapan suku bunga acuan maupun penerjemahannya melalui suku bunga pasar. Dari sisi kebijakan, kompleksitas permasalahan akan meningkat ketika suku bunga acuan yang dimaksudkan untuk menjangkar ekspektasi inflasi justru dapat memicu arus masuk modal asing jangka pendek. Di sisi lain, ekses likuiditas semakin bertambah seiring dengan meningkatnya aliran masuk modal asing.",https://www.bi.go.id/id/publikasi/laporan/Pages/lpi_2010.aspx
2010,9,monetary_policy,154,"Hal tersebut menyebabkan pengelolaan likuiditas untuk menjaga agar suku bunga pasar uang bergerak di sekitar BI Rate dan dalam rentang koridornya serta agar suku bunga perbankan sejalan dengan arah kebijakan BI menjadi lebih kompleks. g BI Rate Dalam kondisi ideal, kebijakan moneter dapat memengaruhi aktivitas perekonomian sehingga pada 4.1 Kebijakan Suku Bunga penawaran untuk merespons akselerasi sisi permintaan melalui peningkatan kapasitas sektor produksi. Selain itu, kebijakan tersebut diyakini masih cukup kondusif dalam mengakomodir derasnya aliran masuk modal asing dan dalam upaya menjaga stabilitas sistem keuangan domestik. Dari sisi operasional, substansi pengelolaan moneter tetap diarahkan pada penerjemahan BI Rate melalui pengelolaan pergerakan suku bunga pasar uang dalam koridor suku bunga. Dalam hal ini, pengelolaan suku bunga pasar uang diarahkan agar deviasi pergerakan terhadap BI Rate serta volatilitasnya berada pada level yang minimal. Selama tahun 2010, secara umum suku bunga pasar uang bergerak di sekitar BI Rate dan berada dalam koridor serta memiliki volatilitas yang rendah.",https://www.bi.go.id/id/publikasi/laporan/Pages/lpi_2010.aspx
2010,10,monetary_policy,182,"Hasil observasi selama tahun 2010 menunjukan bahwa penerjemahan stance kebijakan moneter dalam konteks mekanisme transmisi melalui jalur suku bunga berjalan cukup baik. Efektivitas transmisi yang menghubungkan antara suku bunga BI Rate dengan suku bunga pasar uang juga relatif memadai meski dihadapkan pada tantangan yang semakin kompleks di penghujung tahun 2010. Secara umum, pengelolaan pergerakan suku bunga pasar uang sejalan dengan kerangka teoritis bahwa suku bunga pasar uang diarahkan untuk bergerak di sekitar suku bunga kebijakan atau mendekati suku bunga kebijakan (Guthrie and Wright, 2000).68 Sementara itu, hasil penelitian Dovy dan Jondeau (1999) serta Nugroho dan Pratomo (2006) menunjukkan adanya ambang batas antara volatilitas suku bunga pasar uang yang akan memengaruhi volatilitas nilai tukar dan suku bunga pasar uang dengan tenor yang lebih panjang.69, 70, 71 g Koridor Suku Bunga Bank Indonesia melakukan kebijakan pengelolaan suku bunga antara lain melalui penyesuaian lebar koridor suku bunga. Dalam pelaksanaannya, terdapat dua episode pengelolaan lebar koridor suku bunga acuan, terkait dengan interaksi antara BI Rate (sebagai anchor kebijakan moneter) dan suku bunga pasar uang. Episode pertama dilakukan pada awal tahun 2010 sampai dengan pertengahan tahun 2010.",https://www.bi.go.id/id/publikasi/laporan/Pages/lpi_2010.aspx
2010,11,other,45,"Pada periode tersebut, lebar 68 Guthrie dan Wright, 2000, ”Open mouth operations”, Journal of Monet ary Economics, Elsevier, vol. 46(2), pages 489-516, October. 69 Dovy, S. A . da Jondeau, E., 1999. “Interest Rate Transmission and Volatility Transmission Along the Yield Curve”. Banque De France.",https://www.bi.go.id/id/publikasi/laporan/Pages/lpi_2010.aspx
2010,12,monetary_policy,71,"70 Agung dan Pratomo (2006), Manajemen Suk u Bunga Instrumen Moneter. Biro Riset Ekonomi, Bank Indonesia. 71 Metodologi melalui threshold regre ssion, Hansen (1996,1997,1999 dan 2000). koridor suku bunga sebesar 100bps. Pada episode selanjutnya, pelebaran koridor dilakukan sejak 17 Juni 2010 dengan lebar koridor sebesar 200bps. Episode kedua juga ditandai dengan pergerakan suku bunga pasar uang yang stabil pada batas bawah koridor yang mulai terjadi pada pertengahan Oktober 2010 (Grafik 4.1).",https://www.bi.go.id/id/publikasi/laporan/Pages/lpi_2010.aspx
2010,13,monetary_policy,132,"Upaya untuk menjaga agar suku bunga pasar uang bergerak di sekitar suku bunga acuan dan di dalam koridor merupakan praktik yang lazim dilakukan oleh otoritas moneter di berbagai negara. Beberapa bank sentral lain yang menghadapi permasalahan ekses likuiditas di pasar uang, seperti Brazil dan Malaysia, juga menerapkan kebijakan melalui sistem koridor dengan menjaga pergerakan suku bunga pasar uang tetap berada di sekitar suku bunga acuan. Tujuan kebijakan tersebut terutama untuk menjaga kredibilitas sinyal kebijakan moneter serta menghindarkan dampak baik ke inflasi maupun nilai tukar. Dalam hal ini, deviasi suku bunga pasar uang terhadap suku bunga acuan masih dimungkinkan sepanjang tidak terlalu ekstrim dan tidak terjadi secara sistematis. Hingga pertengahan tahun 2010, lebar koridor suku bunga merupakan lanjutan kebijakan pada tahun 2009 sebagai respons terhadap krisis keuangan global yang terjadi pada tahun 2008.",https://www.bi.go.id/id/publikasi/laporan/Pages/lpi_2010.aspx
2010,14,monetary_policy,136,"Lebar koridor suku bunga pada saat itu dimaksudkan untuk memberi sinyal kesiagaan dan komitmen untuk menjaga keberlangsungan pasar uang di tengah distribusi likuiditas antarbank yang belum merata. Tujuan utama kebijakan tersebut adalah meningkatkan keyakinan antarpelaku di pasar uang. Pada periode tersebut, efektivitas transmisi kebijakan moneter dari BI Rate ke suku bunga pasar uang cukup kuat. Sejalan dengan membaiknya kondisi pasar uang, Bank Grafik 4.1 Suku Bunga Pasar Uang dan Koridor Suku Bunga persen triliun rupiah - SBI (skala kanan) Non-SBI Suku bunga PUAB O/NBI Rate Deposit Facility O/N Lending Facility O/N 2008 2009 2010 I II III IV I II III IV I II III IV Indonesia melakukan penyesuaian lebar koridor suku bunga sejak 17 Juni 2010. Penyesuaian lebar koridor suku bunga dilakukan melalui perubahan suku bunga instrumen standing facilities terhadap suku bunga acuan BI Rate.",https://www.bi.go.id/id/publikasi/laporan/Pages/lpi_2010.aspx
2010,15,money_supply,145,"Langkah ini ditempuh untuk mendorong aktivitas transaksi antarbank dalam pemenuhan kebutuhan likuiditas jangka pendek. Lebar koridor suku bunga mengacu pada best practices negara-negara yang menerapkan Inflation Targeting Framework (ITF). Suku bunga lending facility dinaikkan dari BI Rate + 50 bps menjadi BI Rate + 100 bps, sementara suku bunga deposit facility diturunkan dari BI Rate – 50 bps menjadi BI Rate – 100 bps.72 Berdasarkan kebijakan tersebut, dengan BI Rate tahun 2010 sebesar 6,5% maka suku bunga lending facility menjadi sebesar 7,5% (6,5% + 100 bps) dan suku bunga deposit facility menjadi sebesar 5,5% (6,5% - 100 bps). Kebijakan pelebaran koridor suku bunga yang disertai oleh pengelolaan likuiditas yang lebih intensif mampu menjaga pergerakan suku bunga pasar uang berada di sekitar BI Rate. Sejalan dengan makin derasnya aliran masuk modal asing sejak pertengahan Oktober 2010, pergerakan suku bunga pasar uang cenderung mendekati level deposit facility.",https://www.bi.go.id/id/publikasi/laporan/Pages/lpi_2010.aspx
2010,16,monetary_policy,89,"Dalam kondisi tersebut diperlukan kebijakan pengelolaan likuiditas tambahan dengan intensitas yang lebih besar untuk menyerap likuiditas perbankan secara lebih permanen. Permasalahan yang sama juga dialami oleh beberapa negara emerging markets lain seperti Korea dan Thailand yang juga menerapkan sistem koridor namun 72 PBI No. 12/11/PBI/2010 tentang Operasi Moneter tanggal 2 Juli 2010, yang mulai berlaku pada tgl 7 Juli 2010. Lending facility dikenal sebelumnya dengan repo overnight. Deposit facility dikenal sebelumnya dengan Fasilitas Bank Indonesia (FASBI) dengan pergerakan suku bunga pasar uang yang berada di bawah suku bunga acuan.",https://www.bi.go.id/id/publikasi/laporan/Pages/lpi_2010.aspx
2010,17,monetary_policy,114,"Beberapa bank sentral lain bahkan secara implisit menggunakan sistem floor seperti China, India dan Filipina, sementara European Central Bank (ECB) membiarkan suku bunga pasar uangnya mendekati deposit facility sebagai bagian dari respons kebijakan lembaga tersebut dalam menghadapi krisis. Dari sisi operasional, kebijakan tersebut sejalan dengan upaya untuk memperbaiki pengelolaan likuiditas ke tenor yang lebih berjangka panjang di tengah preferensi perbankan yang masih berjangka pendek. Preferensi tersebut disebabkan oleh antisipasi kebutuhan likuiditas jangka pendek. Kondisi tersebut merupakan bagian dari proses pembelajaran yang diperkirakan bersifat temporer. Dengan adanya pengelolaan aliran masuk modal asing secara lebih intensif dan didukung oleh langkah-langkah penanganan ekses likuiditas perbankan yang lebih bersifat jangka panjang maka fenomena tersebut akan memudar dengan sendirinya.",https://www.bi.go.id/id/publikasi/laporan/Pages/lpi_2010.aspx
2010,18,monetary_policy,168,"Namun perlu dipahami, bahwa keberlanjutan besaran aliran modal asing turut menentukan jangka waktu fenomena pergerakan pasar uang di sekitar batas bawah koridor. Penerapan kebijakan koridor suku bunga dilengkapi dengan penggunaan instrumen moneter yang meliputi term deposit dan repo serta reverse repo SUN.73 Di tengah kondisi ekses likuiditas perbankan serta tekanan suku bunga pasar uang yang cenderung bergerak ke bawah, Bank Indonesia mengaktifkan penggunaan term deposit khususnya dengan tenor kurang dari 3 bulan untuk menjaga level suku bunga pasar uang tetap berada di sekitar BI Rate. Instrumen term deposit merupakan penempatan dana rupiah milik perbankan secara berjangka di Bank Indonesia. Instrumen pengelolaan likuiditas tersebut tanpa menggunakan underlying surat berharga, tidak dapat dipindahtangankan (non- transferable) serta tidak dapat dicairkan sebelum jatuh waktu kecuali memenuhi persyaratan early redemption term deposit.74 Total posisi term deposit meningkat dari Rp2 0,8 triliun pada Mei 2010 menjadi Rp 150,4 triliun pada Oktober 2010 (Grafik 4.2). Melalui penggunaan instrumen tersebut, pergerakan suku bunga pasar uang jangka pendek stabil pada kisaran yang diinginkan meski 73 PBI No.",https://www.bi.go.id/id/publikasi/laporan/Pages/lpi_2010.aspx
2010,19,monetary_policy,138,"12/11/PBI/2010 tentang Op erasi Moneter tanggal 2 Juli 2010, yang mulai berlaku pada tgl 7 Juli 2010. Term Deposit dan Repo dikenal sebelumnya dengan Instrumen Fine Tune Kontraksi (FTK) dan Fine Tune Ekspansi (FTE). 74 Term Deposit berjangka wak tu lebih dari 1 bulan, Peserta OPT tidak memiliki SBI dan atau SBN berdasarkan posisi pukul 17.00 WIB atau Cut-Off Warning Sistem BI-RTGSGrafik 4.2 Volume Instrumen Moneter triliun rupiah 2004 2005 2006 2007 2008 2009 2010 Deposit Facility-Lending Facility Reverse Repo Term Deposit-Repo SBI dengan kecenderungan lebih rendah dibandingkan dengan BI Rate. Di samping itu, Bank Indonesia juga mengoptimalkan penggunaan instrumen lainnya seperti repo dan reverse repo SUN dalam rangka pengelolaan likuiditas di pasar uang. Menjaga pergerakan suku bunga pasar uang agar tetap berada dalam koridor merupakan upaya untuk mempertahankan kredibilitas Bank Indonesia khususnya dalam konteks transmisi kebijakan moneter.",https://www.bi.go.id/id/publikasi/laporan/Pages/lpi_2010.aspx
2010,20,monetary_policy,141,"Upaya tersebut mengindikasikan bahwa transmisi kebijakan moneter yang dilakukan oleh Bank Indonesia melalui penetapan BI Rate untuk memengaruhi suku bunga pasar uang dalam kondisi ekses likuiditas dipandang masih dalam level yang memadai dan cukup efektif, meski deviasi dengan BI Rate cenderung meningkat pada penghujung tahun 2010. Selain itu, kredibilitas kebijakan Bank Indonesia juga didukung oleh keyakinan pelaku pasar bahwa pergerakan suku bunga pasar uang yang cenderung mendekati deposit facility merupakan fenomena yang bersifat temporer. Fenomena arus masuk modal asing yang cukup besar dan ekses likuiditas di pasar keuangan domestik juga memengaruhi mekanisme transmisi kebijakan. Aliran masuk modal asing yang cukup besar berpengaruh positif pada peningkatan ekses likuiditas di pasar uang domestik sebagaimana tercermin pada posisi Operasi Pasar Terbuka (OPT) yang tinggi. Ekses likuditas yang tidak terserap melalui OPT berpotensi mendorong peningkatan jumlah uang beredar yang pada akhirnya akan memengaruhi ekspektasi inflasi.",https://www.bi.go.id/id/publikasi/laporan/Pages/lpi_2010.aspx
2010,21,money_supply,120,"Jumlah likuiditas yang sedemikian besar pada akhirnya mengakibatkan mekanisme term structure interest rate tidak bekerja dengan baik terutama dalam kondisi keterbatasan instrumen likuditas yang tersedia di pasar keuangan domestik. Di sisi lain, peningkatan arus masuk modal asing yang berorientasi jangka pendek meningkatkan kekhawatiran terhadap ancaman pembalikan modal yang akan mendorong kenaikan premi risiko di pasar keuangan. Meski upaya untuk memengaruhi suku bunga pasar uang berjalan cukup baik, namun respons suku bunga kredit cenderung lebih lambat. Pada tahun laporan, respons suku bunga kredit dan suku bunga simpanan tidak sebesar respons suku bunga pasar uang terhadap BI Rate. Rigiditas suku bunga kredit antara lain disebabkan oleh berbagai variabel yang memengaruhi penentuan suku bunga simpanan dan kredit seperti faktor inefisiensi dan kompetisi perbankan.",https://www.bi.go.id/id/publikasi/laporan/Pages/lpi_2010.aspx
2010,22,exchange_rate,186,"Dalam praktiknya, inefisiensi yang rela tif tinggi di industri perbankan nasional cenderung dibebankan pada suku bunga kredit seperti tercermin pada tingginya margin perbankan. Mengingat kompleksitas yang dihadapi, kebijakan suku bunga dilengkapi dengan kebijakan lainnya dalam rangka membantu pencapaian sasaran inflasi dengan tetap konsisten pada pencapaian sasaran makroekonomi lain. Dalam konteks tersebut, Bank Indonesia menyiasati kerangka impossible trinity melalui pemilihan middle ground solution dan bukan corner solution dalam bentuk konfigurasi optimal dari stabilisasi nilai tukar, pengendalian arus modal dan respons suku bunga yang masih sejalan dengan kerangka ITF. agar daya saing rupiah tetap terjaga (Grafik 4.4). Dengan demikian, pergerakan rupiah diupayakan sedemikian rupa agar tidak mengalami overshooting dan tidak terlalu fluktuatif serta tidak menimbulkan dampak yang berlebihan terhadap pasokan likuiditas domestik. Di samping itu, Bank Indonesia juga melakukan penyempurnaan kegiatan pemantauan transaksi valuta asing dan pinjaman luar negeri yang dilakukan oleh perusahaan bukan bank untuk mendukung perumusan respons kebijakan nilai tukar yang lebih antisipatif dan responsif.75, 76 Penerapan kebijakan tersebut didasarkan pada beberapa pertimbangan yaitu konsistensi antara pergerakan nilai tukar dengan sasaran makro serta dampak dari ekses likuiditas sebagai akibat dari stabilisasi nilai tukar terhadap operasi moneter.",https://www.bi.go.id/id/publikasi/laporan/Pages/lpi_2010.aspx
2010,23,exchange_rate,128,"75 PBI No.12/16/PBI/2010 tentang Sis tem Monitoring Transaksi Valuta Asing Terhadap Rupiah. 76 PBI No.12/1/PBI/ 2010 tentang Pinj aman Luar Negeri Perusahaan Bukan Bank Bauran kebijakan melalui stabilisasi nilai tukar dan pengelolaan lalu lintas modal ditujukan untuk menjaga stabilitas eksternal dan internal. Di tengah derasnya arus masuk modal asing dan tekanan apresiasi, kebijakan stabilisasi nilai tukar diarahkan untuk meminimalkan volatilitas nilai tukar agar konsisten dengan pertumbuhan dan perkembangan makroekonomi khususnya dalam upaya pengendalian dan stabilisasi harga. Kebijakan stabilisasi nilai tukar tersebut sekaligus merupakan antisipasi terhadap pembalikan modal dengan menjaga cadangan devisa pada level yang memadai untuk memenuhi impor, kewajiban valuta asing serta sebagai self insurance (Grafik 4.3) (lihat Boks 4.2). Untuk menahan laju apresiasi rupiah yang berlebihan, Bank Indonesia melakukan kebijakan intervensi secara terukur di pasar valuta asing.",https://www.bi.go.id/id/publikasi/laporan/Pages/lpi_2010.aspx
2010,24,exchange_rate,185,"Upaya stabilisasi nilai tukar tersebut dilakukan secara symmetric dengan mengakomodir nilai tukar yang lebih fleksibel dan tetap memerhatikan tren nilai tukar negara-negara kawasan 4.2 Kebijakan Nilai Tukar Grafik 4.4 Perkembangan Nilai Tukar Negara KawasanGrafik 4.3 Perkembangan Cadangan Devisa 2008 2009 2010 I II III IV I II III IV I II III IV Sumber: Bloomberg (diolah) indeks Indonesia Philipina Thailand Malaysia Korea China India miliar dolar AS Cadangan Devisa 6 5 4 3 2 17 8 9 10 11 126 5 4 3 2 17 8 9 10 11 12 2009 2010 perekonomian dalam jangka menengah-panjang (Grafik 4.5). Untuk mengatasi masalah tersebut, Bank Indonesia melengkapi kebijakan pengelolaan arus modal asing dengan kebijakan makroprudensial dalam bentuk OMHP . Pergerakan investasi portofolio pada instrumen moneter jangka pendek berpotensi meningkatkan volatilitas nilai tukar. Untuk memitigasi risiko tersebut Bank Indonesia menerapkan kebijakan OMHP yang mewajibkan pembeli SBI, baik di pasar primer maupun di pasar sekunder, memegang kepemilikan SBI yang dimilikinya selama minimal 1 bulan (28 hari). Selama periode tersebut, pemilik SBI tidak diperbolehkan melepas kepemilikan SBI-nya baik secara outright maupun repo kepada pihak lain, kecuali repo kepada Bank Indonesia.",https://www.bi.go.id/id/publikasi/laporan/Pages/lpi_2010.aspx
2010,25,exchange_rate,106,"Kebijakan ini diberlakukan baik kepada pemilik SBI residen maupun non-residen dan dimaksudkan agar kepemilikan SBI maupun transaksinya di pasar sekunder dapat lebih berjangka panjang sehingga mendukung pendalaman pasar uang domestik dan efektivitas manajemen moneter. Mengingat kompleksitas yang dihadapi jika hanya mengandalkan intervensi, maka kebijakan stabilisasi nilai tukar dilengkapi dengan penerapan kebijakan makroprudensial dalam pengelolaan arus modal. Selama tahun 2010, kebijakan yang diterapkan antara lain dengan pengenaan one month holding period terhadap kepemilikan SBI. Bank Indonesia juga mengeluarkan term deposit sebagai upaya untuk mengelola pergerakan portofolio investor asing pada instrumen moneter. Sejauh ini, kebijakan tersebut mampu meminimalkan volatilitas nilai tukar dan pergerakan portofolio asing pada instrumen moneter.",https://www.bi.go.id/id/publikasi/laporan/Pages/lpi_2010.aspx
2010,26,credit,215,"Sementara itu, Bank Indonesia juga telah menetapkan beberapa kebijakan makroprudensial lain yang akan diberlakukan pada tahun 2011 yaitu pembatasan Posisi Saldo Harian PLN Jangka Pendek Bank dan meningkatkan GWM valuta asing secara bertahap. g One Month Holding Period (OMHP) SBI Meski pembiayaan ekonomi Indonesia masih membutuhkan dukungan modal asing, mayoritas modal asing yang masuk ke pasar domestik masih berorientasi jangka pendek. Preferensi asing terhadap instrumen SBI sangat tinggi mengingat pasar instrumen tersebut yang sangat likuid. Meningkatnya penempatan dana asing pada instrumen SBI sejalan dengan kondisi ekses likuiditas global di tengah belum memadainya fungsi intermediasi ke sektor riil serta masih terbatasnya instrumen keuangan yang dapat digunakan sebagai instrumen pengelolaan likuiditas bank. Sementara itu, tingginya porsi asing serta fluktuasi aliran modal asing pada instrumen SBI berpotensi meningkatkan volatilitas nilai tukar yang dikhawatirkan akan mengganggu pencapaian keseimbangan perekonomian (internal and external balance) dan menghambat kesinambungan 4.3 Kebijakan Pengelolaan Arus Modal Grafik 4.5 Nilai Tukar dan Pergerakan Portofolio Asing Sumber: Bloomberg (diolah) juta dolar AS IDR/USD 11900 -8000 -6000 -4000 -2000 Saham SBN SBI IDR/USD (skala kanan) 2008 2009 2010 I II III IV I II III IV I II III IV Untuk pemenuhan kebutuhan likuiditas jangka pendeknya, bank pemilik SBI dapat memenuhinya dengan melakukan transaksi repo kepada Bank Indonesia. Kebijakan ini mulai berlaku pada tanggal 7 Juli 2010.",https://www.bi.go.id/id/publikasi/laporan/Pages/lpi_2010.aspx
2010,27,exchange_rate,113,"Kebijakan OMHP terhadap pembelian SBI berhasil mengurangi volatilitas nilai tukar. Selama triwulan II 2010 (sebelum implementasi OMHP), volatilitas nilai tukar mencapai 7,52% (annualized) sementara pada triwulan II dan III (pasca implementasi OMHP) volatilitas nilai tukar masing-masing menjadi 3,48% dan 2,88% (annualized). g Term Deposit Rupiah Pada Juli 2010, Bank Indonesia memperkenalkan instrumen term deposit rupiah untuk mengelola likuiditas secara lebih permanen sekaligus mengelola pergerakan investasi portofolio dalam instrumen moneter. Salah satu sumber ekses likuiditas perbankan adalah tingginya aliran modal asing pada instrumen berjangka pendek. Oleh karena itu, diperlukan instrumen moneter non marketable securities yang mampu menyerap likuiditas secara lebih permanen. Instrumen moneter tersebut adalah term deposit, khususnya dengan tenor di atas 6 bulan.",https://www.bi.go.id/id/publikasi/laporan/Pages/lpi_2010.aspx
2010,28,exchange_rate,112,"Instrumen ini telah banyak digunakan di negara lain (seperti Malaysia dan Korea) untuk mengelola pergerakan investasi portofolio dalam instrumen moneter. Di samping itu, dengan semakin besarnya porsi term deposit dalam OPT maka fluktuasi nilai tukar yang timbul akibat tingginya aktivitas investasi portofolio pada instrumen moneter yang bersifat marketable securities seperti SBI semakin berkurang. Penyediaan fasilitas term deposit dilakukan secara bertahap untuk mempermudah perbankan melakukan proses adaptasi dalam manajemen likuiditas. Selama tahun 2010, volume instrumen term deposit cenderung berfluktuasi dan dipengaruhi oleh preferensi bank dalam menyikapi kebijakan BI serta siklus ekonomi yang memengaruhi pergerakan suku bunga pasar uang. Pada September 2010, volume instrumen term deposit dengan tenor kurang dari 1 bulan mengalami peningkatan.",https://www.bi.go.id/id/publikasi/laporan/Pages/lpi_2010.aspx
2010,29,money_supply,150,"Hal tersebut antara lain disebabkan antisipasi yang dilakukan perbankan terhadap rencana perubahan GWM primer pada November. Sejak Oktober, Bank Indonesia mulai menurunkan target lelang SBI bersamaan dengan pembukaan lelang term deposit dengan tenor 1 dan 2 bulan. Pada periode berikutnya, penurunan target lelang SBI diikuti dengan lelang term deposit dengan tenor 2 dan 3 bulan. Dengan perkembangan tersebut, posisi SBI pada akhir tahun 2010 adalah sebesar Rp 200,1 triliun atau turun dari posisi tahun sebelumnya yang mencapai Rp 255,5 triliun. Sementara itu, posisi term deposit naik dari sebesar Rp 49,4 triliun pada posisi tahun 2009 hingga menjadi sebesar Rp 172,6 triliun pada akhir tahun 2010. g Pembatasan Posisi Saldo Harian Pinjaman Luar Negeri Jangka Pendek Bank Seiring dengan peningkatan arus masuk modal asing, kondisi likuiditas valuta asing perbankan meningkat cukup tinggi yang antara lain disebabkan peningkatan PLN jangka pendek termasuk rekening giro (vostro) dan instrumen keuangan luar negeri jangka pendek.",https://www.bi.go.id/id/publikasi/laporan/Pages/lpi_2010.aspx
2010,30,money_supply,76,"Selain itu, kondisi ekonomi dan sistem keuangan yang semakin baik menyebabkan kondisi likuiditas perbankan kembali normal. Hal tersebut disertai dengan peningkatan yang cukup pesat PLN bank yang sebagian besar memiliki komposisi jangka pendek. Kondisi tersebut dikhawatirkan akan meningkatkan kerentanan terhadap stabilitas moneter dan sistem keuangan. Untuk memitigasi risiko tersebut, Bank Indonesia memandang perlu untuk menerapkan kembali batasan posisi saldo harian PLN jangka pendek bank. Pada tahun 2008, Bank Indonesia telah mencabut aturan pembatasan PLN jangka pendek.",https://www.bi.go.id/id/publikasi/laporan/Pages/lpi_2010.aspx
2010,31,other,94,"Seiring dengan meningkatnya risiko pembalikan arus modal asing, maka Bank Indonesia memandang perlu untuk melakukan normalisasi kebijakan pembatasan posisi saldo harian PLN jangka pendek bank. Kebijakan tersebut ditujukan sebagai penerapan prinsip kehati-hatian dalam mengelola PLN jangka pendek bank serta mendorong PLN bank ke arah jangka panjang. Melalui kebijakan tersebut, posisi harian pinjaman luar negeri jangka pendek bank dibatasi menjadi sebesar maksimal 30% dari modal bank. Kebijakan tersebut akan efektif paling lambat akhir Januari 2011 dengan masa transisi selama 3 (tiga) bulan. Bank Indonesia juga mencabut ketentuan mengenai penyediaan pasokan valuta asing bagi perusahaan domestik.",https://www.bi.go.id/id/publikasi/laporan/Pages/lpi_2010.aspx
2010,32,money_supply,145,"Sejalan dengan pulihnya kepercayaan masyarakat serta membaiknya persepsi risiko investor terhadap perekonomian Indonesia, kondisi pasar valuta asing kembali ke kondisi normal. Hal ini ditandai oleh peningkatan aktivitas serta terbentuknya keseimbangan antara pasokan dan permintaan valuta asing. Oleh karena itu, diyakini bahwa kebutuhan likuiditas perusahaan dapat dipenuhi dari pasar valuta asing dalam negeri. Dengan pertimbangan tersebut, Bank Indonesia memandang bahwa ketentuan yang mewajibkan bank untuk menyediakan valuta asing bagi perusahaan domestik tidak diperlukan lagi. Pelaksanaan ketentuan tersebut akan berlaku efektif pada akhir Januari 2011. g GWM Valuta Asing Kenaikan likuiditas perbankan yang bersumber dari arus modal asing jangka pendek memunculkan risiko penarikan valuta asing baik untuk kebutuhan transaksi maupun kebutuhan lainnya.Tingginya arus masuk modal asing menyebabkan kondisi perbankan menjadi sangat likuid baik dalam rupiah maupun valuta asing.Namun, modal asing yang masuk tersebut terutama dalam bentuk investasi portofolio yang cenderung fluktuatif dan berpotensi meningkatkan volatilitas nilai tukar.",https://www.bi.go.id/id/publikasi/laporan/Pages/lpi_2010.aspx
2010,33,money_supply,79,"Kondisi tersebut pada akhirnya meningkatkan risiko perbankan, khususnya jika terjadi penarikan likuiditas valuta asing dalam jumlah yang cukup besar. Untuk itu, perbankan perlu memperkuat manajemen pengelolaan likuiditas valuta asing. Bank Indonesia mendorong peningkatan manajemen likuiditas perbankan melalui penyesuaian GWM valuta asing. Kebijakan tersebut ditujukan untuk memperkuat pengelolaan likuiditas perbankan untuk mengantisipasi peningkatan kebutuhan valuta asing khususnya berkaitan dengan karakteristik modal asing dalam bentuk portofolio yang cenderung fluktuatif. Pada akhirnya implementasi GWM valuta asing diharapkan dapat meminimalisir volatilitas nilai tukar.",https://www.bi.go.id/id/publikasi/laporan/Pages/lpi_2010.aspx
2010,34,global,235,"Penyesuaian GWM valuta asing juga didasarkan pada fakta bahwa kondisi pasar valuta asing yang sudah kembali normal sementara level GWM valuta asing saat ini, yaitu sebesar 1%, merupakan level terendah di kawasan dan dikhawatirkan tidak cukup untuk merespons terjadinya shock pada perekonomian.77 Peningkatan GWM valuta asing dilakukan secara bertahap yaitu menjadi 5% pada Maret 2011 dan menjadi 8% pada Juni 2011.Penerapan kenaikan GWM valuta asing secara bertahap dimaksudkan untuk memberikan waktu yang 77 Salah sa tu kebijakan Bank Indonesia pada saat krisis finansial global 2008 adalah penurunan GWM valuta asing dari 3% menjadi 1%, antara lain untuk mengurangi keketatan likuiditas valuta asing pada saat itu. cukup bagi perbankan untuk menyesuaikan pengelolaan likuiditas valuta asingnya.Dalam kondisi likuiditas valuta asing yang melimpah, kenaikan GWM valuta asing diperkirakan dapat dipenuhi baik dengan memanfaatkan kelebihan likuiditas valuta asing maupun rupiah. Di samping itu, kebijakan tersebut diperkirakan berdampak minimal terhadap biaya dana sehingga tidak akan mengganggu intermediasi perbankan. g Kerjasama Bank Sentral Lintas Negara Bank Indonesia juga meningkatkan kerjasama antar bank sentral sebagai upaya memperkuat posisi likuiditas valuta asing. Tujuan kerjasama tersebut antara lain untuk mengatasi permasalahan neraca pembayaran dan likuiditas jangka pendek di kawasan serta melengkapi kerjasama keuangan internasional yang telah ada. Salah satu bentuk kerjasama tersebut adalah implementasi perjanjian Chiang Mai Inisiatif Multilateralisasi (CMIM) antar negara-negara anggota ASEAN+3 yang efektif berlaku pada 24 Maret 2010. Perjanjian CMIM - sebesar 120 miliar dolar AS - merupakan perjanjian swap multilateral.",https://www.bi.go.id/id/publikasi/laporan/Pages/lpi_2010.aspx
2010,35,exchange_rate,167,"Melalui perjanjian ini memungkinkan setiap anggota CMIM untuk melakukan swap mata uang lokal dengan dolar AS maksimum sejumlah kontribusi negara tersebut dikalikan dengan angka pengganda. Bersamaan dengan implementasi perjanjian CMIM, untuk meningkatkan pengamanan terhadap risiko dan tantangan ekonomi global, negara-negara anggota ASEAN+3 berkomitmen untuk bersama-sama mendirikan surveillance unit kawasan yang bersifat independen. Selain itu, sebagai kelanjutan dari implementasi kerjasama Bilateral Currency Swap Arrangement (BCSA) dengan People’s Bank of China yang disepakati pada tahun 2009, Bank Indonesia menerbitkan aturan yang terkait dengan mekanisme pelaksanaan perjanjian tersebut. Dengan diimplementasikannya kerjasama BCSA, ketersediaan valuta asing terutama untuk mendukung transaksi kegiatan ekonomi di sektor riil dapat lebih terjamin. Hal tersebut pada gilirannya berkontribusi positif bagi upaya menjaga dan memelihara kestabilan nilai tukar rupiah. pengelolaan uang negara yang mencakup Treasury Single Account. g Penjarangan Lelang SBI dan Penerbitan SBI dengan Jangka Waktu Lebih Panjang78 Pada saat ini, peran Bank Indonesia sebagai salah satu sumber pemenuhan likuiditas bank (lender of last resort) masih sangat besar sementara pengelolaan likuiditas masih dalam perspektif jangka pendek.",https://www.bi.go.id/id/publikasi/laporan/Pages/lpi_2010.aspx
2010,36,macroprudential,160,"Untuk mengarahkan pengelolaan likuiditas dalam perspektif jangka panjang dan membenahi struktur suku bunga, Bank Indonesia menempuh kebijakan penjarangan lelang SBI dan penerbitan SBI dengan jangka waktu yang lebih panjang. Kebijakan penjarangan lelang SBI bertujuan agar peran Bank Indonesia sebagai salah satu sumber 78 Kebijakan tersebut diluncurkan pada Mar et 2010, dengan nama PP- SBI (Perpanjangan Profil Jatuh Waktu SBI). Untuk menciptakan stabilitas pasar keuangan dan perekonomian secara keseluruhan di tengah derasnya aliran modal asing dan peningkatan ekses likuiditas, Bank Indonesia menerapkan kebijakan makroprudensial yang dilengkapi dengan kebijakan pengelolaan ekses likuiditas. Kombinasi kebijakan yang memadukan berbagai strategi dan instrumen moneter yang tersedia seperti suku bunga, pengelolaan arus modal, pengelolaan ekses likuiditas serta kebijakan makroprudensial lainnya telah diadopsi oleh banyak negara terutama ketika permasalahan yang berakar dari ketidakseimbangan pertumbuhan ekonomi global mulai muncul ke permukaan dengan kompleksitas yang terus meningkat. Kebijakan penguatan manajemen moneter yang dibarengi penyesuaian GWM mampu menahan laju pertumbuhan likuiditas perbankan dan mengubah komposisinya menjadi lebih bersifat jangka panjang.",https://www.bi.go.id/id/publikasi/laporan/Pages/lpi_2010.aspx
2010,37,money_supply,182,"Penguatan manajemen moneter dilakukan antara lain melalui pengurangan suplai SBI, perpanjangan profil jatuh waktu SBI serta penerbitan instrumen term deposit khususnya dengan tenor jangka panjang. Kebijakan tersebut diharapkan mampu mengelola likuiditas secara lebih permanen serta menggeser komposisinya ke arah tenor jangka panjang. Sejalan dengan perkembangan arus masuk modal asing dan persistensi ekses likuiditas yang cenderung meningkat sebagaimana tercermin dalam rasio operasi pasar terbuka terhadap dana pihak ketiga perbankan, Bank Indonesia menerapkan kebijakan dengan intensitas yang lebih kuat melalui kenaikan GWM primer rupiah (Grafik 4.6). Kebijakan tersebut mampu mengurangi ekses likuiditas bank sehingga laju pertumbuhannya menjadi lebih terkendali dan tidak berlebihan. Sementara, untuk mengatasi sumber ekses likuiditas yang berasal dari ekspansi rekening pemerintah, Bank Indonesia berkoordinasi dengan Pemerintah untuk 4.4 Kebijakan Pengelolaan Ekses Likuiditas Grafik 4.6 Rasio Operasi Pasar Terbuka terhadap Dana Pihak Ketiga Perbankan persen 2008 2009 2010 I II III IV I II III IV I II III IV0 Rasio OPT terhadap DPK pemenuhan likuiditas bank (lender of last resort) semakin berkurang dan beralih ke pasar uang melalui transaksi antar bank serta mengurangi segmentasi yang terjadi di pasar uang antar bank.",https://www.bi.go.id/id/publikasi/laporan/Pages/lpi_2010.aspx
2010,38,money_supply,151,"Sementara itu, penerbitan SBI berjangka waktu lebih panjang bertujuan untuk pendalaman pasar uang domestik melalui penyediaan instrumen likuiditas dengan variasi tenor yang lebih panjang serta mendorong pengelolaan likuiditas dengan perspektif jangka panjang. Melalui kebijakan tersebut, Bank Indonesia mendapatkan ruang gerak yang lebih leluasa dalam memperkuat manajemen moneter khususnya dalam upaya pengelolaan aliran modal asing dan ekses likuiditas yang bersifat struktural. Kebijakan penjarangan lelang SBI dan penerbitan SBI dengan tenor jangka panjang dilakukan melalui beberapa tahapan (Tabel 4.1). Tahap I dimulai pada periode Maret- Juni dengan mengurangi penerbitan SBI 1 Bulan secara bertahap dan dilanjutkan dengan Tahap II pada periode Juli-Agustus dengan menerbitkan SBI berjangka waktu 3 dan 6 bulan. Sementara itu, Tahap III dilakukan mulai September dengan menerbitkan SBI berjangka waktu 3, 6 dan 9 bulan diikuti dengan Tahap IV dimulai pada Oktober melalui penerbitan SBI berjangka waktu 6 dan 9 bulan sementara outstanding SBI berjangka waktu 3 bulan mulai dikurangi.",https://www.bi.go.id/id/publikasi/laporan/Pages/lpi_2010.aspx
2010,39,monetary_policy,185,"Pada Tahap V yang dimulai November, dilakukan penerbitan SBI berjangka waktu 6 bulan dan untuk SBI berjangka waktu 3 bulan untuk sementara dinonaktifkan.79 Untuk mendukung proses pentahapan tersebut, Bank Indonesia juga menggunakan instrumen berupa term deposit-repo, reverse repo SUN dan standing facility serta penjarangan periode lelang SBI dari mingguan menjadi dua mingguan dan kemudian menjadi bulanan. Dengan kebijakan tersebut, komposisi tenor instrumen moneter pada tahun 2009 terdiri dari SBI 1 Bulan (67,6%), SBI 3 Bulan (24,6%), SBI 6 Bulan (7,8%) dan SBI 9 Bulan (0%). 79 Terkait dengan penggunaan SBI 3 Bulan sebagai suku bunga referensi untuk asumsi makro , Pemerintah dapat menggunakan syarat dan ketentuan yang dikeluarkan Menteri Keuangan pada 28 Mei 1999 mengenai suku bunga SBI berjangka waktu 3 bulan sebagai dasar tingkat bunga SUN variable rate: 1. Tingkat Bunga Oblig asi: Tingkat Bunga Obligasi didasarkan pada tingkat bunga per tahun yang sama dengan pengumuman hasil lelang Sertifikat Bank Indonesia Jangka Waktu Tiga Bulan - dihitung sampai dengan 5 (lima) angka di belakang koma - dari hasil lelang terakhir yang diselenggarakan sebelum Pengumuman Tingkat Bunga Obligasi kecuali untuk Jumlah Pembayaran Bunga Pertama. 2.",https://www.bi.go.id/id/publikasi/laporan/Pages/lpi_2010.aspx
2010,40,payment_system,203,"Tingkat Bunga Oblig asi Pengganti: Apabila selama 6 (enam) bulan kalender berturut-turut tidak terdapat suatu hasil lelang atas Sertifikat Bank Indonesia Jangka Waktu Tiga Bulan, maka penentuan Tingkat Bunga Obligasi didasarkan pada hasil lelang Surat Utang lain dari Pemerintah dengan jangka waktu tiga bulan dimana sistem pelelangannya setara dengan lelang Sertifikat Bank Indonesia dimaksud. 3. Apabila pelelangan Sura t Utang lain dari Pemerintah tersebut tidak dilakukan, maka hasil pelelangan Sertifikat Bank Indonesia terakhir digunakan untuk menghitung Tingkat Bunga. Tabel 4.1 Penjarangan Lelang SBI dan Penerbitan SBI dengan Jangka Waktu Lebih Panjang Keterangan Maret-Juni Juli-Agustus September Oktober Nov -Des Perpanjangan Tenor SBI Penerbitan SBI tenor 1 bulan bertahap dikurangi Penerbitan SBI dengan tenor 3 dan 6 bulan Penerbitan SBI dengan tenor 3 , 6, dan 9 bulan Penerbitan SBI dengan tenor 3 bulan diminimalkan Penerbitan SBI dengan tenor 3 bulan dinonaktifkan Pengurangan Suplai SBI dengan meningkatkan volume instrumen term deposit. Volume instrumen term deposit tenor dibawah 1 bulan meningkat seiring dengan antisipasi penerapan GWM oleh perbankan dan dampak dari kembalinya uang kartal pascalebaran. • Targe t lelang SBI dikurangi. • Lelang term deposit tenor 1 dan 2 bulan. • Targe t lelang SBI dikurangi. • Lelang term deposit t enor 2 dan 3 bulan.",https://www.bi.go.id/id/publikasi/laporan/Pages/lpi_2010.aspx
2010,41,money_supply,165,"Frekuensi Lelang SBI dan term deposit • Semester I-2010 : Lelang secar a bertahap bergeser dari mingguan menjadi dwi mingguan lalu menjadi bulanan, dengan instrumen moneter yang dilelang adalah SBI 3 dan 6 bulan. • Semester II-2010 : Lelang bulanan SBI dengan priorit as tenor min 6 bulan serta term deposit yang diarahkan ke tenor minimal 1 bulan. Sementara itu, komposisi tenor instrumen moneter pada tahun 2010 menjadi SBI 1 Bulan (0%), SBI 3 Bulan (5,0%), SBI 6 Bulan (67,6%) dan SBI 9 Bulan (27,4%). g GWM Primer Rupiah Bank Indonesia meningkatkan rasio GWM primer rupiah untuk meredam dampak negatif dari membanjirnya arus masuk modal asing serta ekses likuiditas perbankan. Kebijakan GWM dilatarbelakangi oleh persistensi ekses likuiditas yang cenderung meningkat sehingga dibutuhkan kebijakan pengelolaan likuiditas dengan intensitas yang lebih tinggi. Kebijakan tersebut sekaligus sebagai sinyal untuk merespons peningkatan inflasi mengingat kompleksitas penggunaan instrumen suku bunga di tengah derasnya arus modal asing. Mempertimbangkan kondisi tersebut, Bank Indonesia meningkatkan GWM primer rupiah menjadi 8% pada November 2010.",https://www.bi.go.id/id/publikasi/laporan/Pages/lpi_2010.aspx
2010,42,money_supply,132,"Pemilihan waktu penerapan ketentuan GWM primer rupiah juga didasarkan pada kondisi likuiditas perbankan saat itu yang tidak terlalu ketat sehingga dapat dipenuhi oleh semua bank tanpa menimbulkan gejolak di sektor keuangan. Kenaikan GWM primer rupiah menjadi sebesar 8% mampu menyerap ekses likuiditas sebesar Rp 54,3 triliun. Dengan penyesuaian GWM primer rupiah tersebut menjadikan GWM efektif meningkat menjadi 11,2% atau setara dengan GWM efektif yang berlaku pada Oktober 2008 yang mencapai sebesar 11,6%.80 Kenaikan GWM primer rupiah tersebut relatif lebih kecil dibandingkan dengan negara-negara lain seperti China, India dan Brazil. Untuk mengurangi dampak kenaikan GWM primer rupiah terhadap biaya dana perbankan, Bank Indonesia memberikan remunerasi sebesar 2,5% atas tambahan kewajiban GWM primer rupiah. Kenaikan GWM primer rupiah yang dilengkapi dengan pemberian renumerasi tersebut pada akhirnya memberi dampak minimal terhadap kenaikan biaya dana perbankan.",https://www.bi.go.id/id/publikasi/laporan/Pages/lpi_2010.aspx
2010,43,credit,145,"Meskipun demikian, secara historis perubahan ketentuan GWM yang terjadi pada tahun 2004, 2005, 2008 dan 2009 tidak selalu diikuti oleh kenaikan atau penurunan biaya dana. Berdasarkan kondisi faktual dari fenomena persistensi ekses likuiditas perbankan maka penyesuaian ketentuan GWM primer rupiah diyakini masih sejalan dengan upaya mencapai target pertumbuhan kredit pada tahun 2010. 80 Dengan mempertimbangkan implementasi GWM LDR pada Maret 2011. g GWM Loan to Deposits Ratio (LDR) Untuk mendorong fungsi intermediasi perbankan yang optimal Bank Indonesia akan menerapkan ketentuan GWM yang dikaitkan dengan LDR mulai Maret 2011. Dilihat dari aspek perbankan, tujuan utama penggunaan instrumen GWM LDR adalah untuk peningkatan fungsi intermediasi bank meski diperkirakan berdampak kontraktif terhadap likuiditas perbankan pada awal penerapannya. Di sisi lain, peningkatan fungsi intermediasi tidak hanya membantu ekspansi neraca bank dengan tetap memperhatikan prinsip kehati-hatian (prudential principles) tetapi juga meningkatkan akses pembiayaan bagi sektor riil sebagai penggerak roda perekonomian.",https://www.bi.go.id/id/publikasi/laporan/Pages/lpi_2010.aspx
2010,44,growth,98,"Dari aspek makroprudensial, ketentuan GWM LDR merupakan upaya untuk meredam dan mengendalikan risiko yang muncul dari perilaku prosiklikal bank dalam pemberian kredit guna menjaga kesinambungan pertumbuhan ekonomi ke depan. Kebijakan GWM LDR didasarkan pada prinsip keseimbangan antara pencapaian tujuan moneter dan stabilitas sistem keuangan. Mekanisme yang digunakan adalah mendorong perbankan untuk menjaga LDR pada level yang optimal yaitu sebesar 78%-100%. Bank yang memiliki LDR pada level tersebut tidak terkena kewajiban untuk menambah GWM. Bank diizinkan untuk mencapai level LDR diatas 100% namun harus didukung oleh tingkat permodalan yang memadai yaitu memenuhi ketentuan Kewajiban Penyediaan Modal Minimum(KPMM) sebesar 14%.",https://www.bi.go.id/id/publikasi/laporan/Pages/lpi_2010.aspx
2010,45,money_supply,174,"Sebaliknya, bank yang memiliki level LDR dibawah 78% atau diatas 100% namun tidak memenuhi ketentuan KPMM terkena kewajiban untuk menambah GWM sesuai dengan ketentuan yang berlaku. Adapun pemilihan waktu penerapan ketentuan GWM LDR pada Maret 2011 didasarkan pada pertimbangan bahwa industri perbankan memerlukan jangka waktu yang lebih panjang untuk melakukan proses penyesuaian asset-liability management (ALMA). g Pengelolaan Uang Negara: Treasury Single Account Untuk mengatasi sumber ekses likuiditas yang berasal dari ekspansi rekening Pemerintah, Bank Indonesia berkoordinasi dengan pemerintah untuk pengelolaan uang negara yang mencakup Treasury Single Account. Salah satu sumber ekses likuiditas perbankan adalah ekspansi likuiditas yang berasal dari aktivitas pemerintah. Untuk mengatasi permasalahan tersebut, Bank Indonesia berkoordinasi dengan Pemerintah dalam pengelolaan uang negara, mencakup TSA. TSA merupakan sistem pengelolaan keuangan negara dimana seluruh penerimaan dan pengeluaran negara dikelola dalam satu rekening yaitu Rekening Kas Umum Negara (RKUN) di Bank Indonesia dan penerapan zero balance atas rekening Pemerintah yang berada di luar BI.81 Setelah penerapan TSA, r ekening Pemerintah di BI dibagi menjadi dua kelompok yaitu Rekening Kas Umum Negara (RKUN) dan Rekening Penempatan.",https://www.bi.go.id/id/publikasi/laporan/Pages/lpi_2010.aspx
2010,46,money_supply,92,"RKUN merupakan rekening tunggal untuk mengkonsolidasikan semua penerimaan dan pengeluaran Pemerintah dan berfungsi sebagai rek ening penyimpanan. Kelompok rekening lainnya adalah Rekening Penempatan yang berfungsi untuk menempatkan kelebihan kas di RKUN. Sesuai kesepakatan, Pemerintah wajib menyediakan saldo sejumlah Rp2 triliun untuk RKUN Rupiah dan ekivalen sebesar 1 juta dolar AS untuk RKUN valuta asing (dolar AS dan non dolar AS). TSA merupakan ins trumen pengelolaan uang negara dalam kerangka kebijakan pengelolaan ekses likuiditas dan kebijakan fiskal. Dari sisi Bank Indonesia, implementasi TSA dapat mengelola ekses likuiditas yang bersumber dari ekspansi rekening pemerintah.",https://www.bi.go.id/id/publikasi/laporan/Pages/lpi_2010.aspx
2010,47,monetary_policy,230,"Dari sisi pemerintah, 81 Definisi TSA mengacu kepada “ Pokok-Pokok Pengarahan Direktur Pengelolaan Kas Negara Pada sosialisasi TSA Pengeluaran dan Treasury National Pooling” Sumber : http ://www.perbendaharaan. go.id tangg al publikasi Jumat 31 Juli 2009. penerapan TSA dapat meningkatkan kepastian akan tersedianya dana secara tepat waktu untuk pengeluaran dan pembayaran utang Pemerintah pada saat dibutuhkan dan meminimalkan dana menganggur (idle cash balances) di bank umum melalui penentuan waktu yang tepat untuk dropping pengeluaran, pengumpulan penerimaan serta proyeksi arus kas yang pada gilirannya akan mengurangi biaya pengelolaan rekening. Di samping itu, Pemerintah dapat memperoleh return yang optimal dengan pengalokasian cash balance yang tepat serta meminimalkan risiko dalam pengelolaan kas Pemerintah yang mencakup market risk dan credit risk. Berkaitan dengan implementasi TSA, Bank Indonesia memberikan renumerasi atas penempatan dana milik pemerintah di Bank Indonesia untuk memberikan hasil yang memadai bagi penerimaan negara.82 TSA untuk rekening pengeluaran telah dilaksanakan sejak tahun 2007 sementara TSA untuk rekening penerimaan mulai dilaksanakan sejak Januari 2010. 82 Tingkat bunga atas Uang Negara (Rupiah dan Valuta asing) pada RKUN adalah sebesar 0,1% per tahun dan tingk at bunga pada masing-masing rekening penempatan adalah sebesar : a. 65% dari BI rate untuk rekening penempatan rupiah, b.65% dari Fed Fund Rate untuk rekening penempatan dolar AS dan c.65% dari suku bunga home currency untuk rekening penempatan valuta asing Non dolar AS. besar bagi perbankan untuk memfasilitasi kebutuhan lindung nilai nasabah.",https://www.bi.go.id/id/publikasi/laporan/Pages/lpi_2010.aspx
2010,48,money_supply,111,"Selain memperlonggar fleksibilitas pengelolaan likuiditas valuta asing perbankan, upaya pendalaman pasar keuangan juga dilakukan dengan memperkenalkan mekanisme triparty repo SBN. Melalui mekanisme tersebut, Bank Indonesia mendorong perubahan perilaku kepemilikan SBN oleh lembaga non-bank dari sebelumnya sebagai instrumen investasi yang dimiliki hingga jatuh tempo menjadi instrumen likuiditas yang dapat diperdagangkan di pasar sekunder. Kebijakan ini juga bertujuan untuk memperluas basis investor kelembagaan dari dalam negeri. Mekanisme tersebut merupakan bagian dari pengelolaan likuiditas melalui transaksi reverse repo dengan underlying asset SBN dari institusi yang telah ditetapkan sebelumnya (misalnya Dana Pensiun dan Asuransi). Untuk memfasilitasi kebijakan tersebut, Bank Indonesia bekerjasama dengan pemerintah dan berbagai instansi terkait dalam mempersiapkan berbagai ketentuan dan mekanisme yang diperlukan.",https://www.bi.go.id/id/publikasi/laporan/Pages/lpi_2010.aspx
2010,49,credit,145,"Mekanisme triparty repo SBN diharapkan dapat mulai dilakukan pada tahun 2011. Untuk mendorong terciptanya kompetisi yang sehat dalam industri perbankan nasional, Bank Indonesia akan mengeluarkan beberapa kebijakan yang mendorong peningkatan fungsi dan transparansi proses intermediasi. Beberapa kebijakan tersebut antara lain terkait dengan sekuritisasi kredit pemilikan rumah, pengumuman suku bunga dasar kredit secara luas kepada masyarakat, penyesuaian Aktiva Tertimbang Menurut Risiko (ATMR) untuk kredit ritel, usaha mikro dan usaha kecil, Biro Kredit Swasta, upaya mendorong peningkatan peran Bank Pembangunan Daerah (BPD Regional Champion), serta perluasan akses kepada lembaga keuangan Selain memperkuat manajemen moneter, Bank Indonesia juga mengeluarkan beberapa kebijakan sebagai upaya untuk memperkuat stabilitas sistem keuangan. Stabilitas sistem keuangan diyakini merupakan bagian penting dari stabilitas makroekonomi. Beberapa kebijakan yang dikeluarkan Bank Indonesia diantaranya melalui penguatan stabilitas moneter yang meliputi penambahan instrumen pasar uang, penyempurnaan regulasi di pasar uang rupiah dan valuta asing, serta pendalaman pasar keuangan.",https://www.bi.go.id/id/publikasi/laporan/Pages/lpi_2010.aspx
2010,50,banking_resilience,111,"Selain itu, Bank Indonesia juga terus mendorong intermediasi perbankan, meningkatkan ketahanan perbankan, penguatan kebijakan makroprudensial dan fungsi pengawasan. Beberapa kebijakan seperti penjarangan lelang SBI, penerbitan SBI jangka panjang, penerbitan term deposit, GWM primer rupiah, GWM Valuta asing, GWM LDR, dan TSA telah dijelaskan secara lebih dalam pada sub bab sebelumnya. Salah satu kebijakan yang ditempuh adalah penyempurnaan ketentuan mengenai Posisi Devisa Neto (PDN). Tujuan utama dari penyempurnaan ketentuan mengenai PDN adalah untuk meningkatkan kedalaman pasar keuangan dalam negeri agar tetap kondusif bagi kebijakan stabilisasi nilai tukar rupiah. Perubahan dilakukan dengan menghapuskan batasan maksimal PDN on balance sheet sebesar 20% dan menetapkan batasan PDN secara keseluruhan maksimal sebesar 20% dari modal bank.",https://www.bi.go.id/id/publikasi/laporan/Pages/lpi_2010.aspx
2010,51,monetary_policy,105,"Adapun ketentuan PDN yang berlaku setiap saat dilonggarkan menjadi 30 menit dan mulai berlaku sejak tanggal 1 Juli 2010. Melalui kebijakan ini, perbankan diharapkan dapat memanfaatkan dana masyarakat dalam valuta asing untuk ditempatkan di pasar valuta asing dalam negeri sehingga dapat menekan suku bunga valuta asing di dalam negeri. Penghapusan batasan PDN on balance sheet juga memberikan ruang gerak yang lebih 4.5 Penguatan Stabilitas Sistem Keuangan serta peningkatan kepatuhan BPRS. Beberapa ketentuan lain yang juga akan disempurnakan diantaranya terkait dengan restrukturisasi pembiayaan dan Batas Maksimum Pembiayaan Dana untuk BPRS. Kebijakan untuk memperkuat sistem perbankan nasional juga ditujukan pada upaya untuk memperkuat struktur dan kelembagaan BPR.",https://www.bi.go.id/id/publikasi/laporan/Pages/lpi_2010.aspx
2010,52,banking_resilience,129,"Kebijakan tersebut dilakukan dengan menyusun mekanisme yang memfasilitasi perubahan izin dari bank umum menjadi BPR, mendorong peningkatan daya saing BPR terhadap lembaga keuangan lain, penerapan good corporate governance serta peningkatan peran BPR dalam melayani Usaha Mikro, Kecil dan Menengah (UMKM). Penyempurnaan beberapa ketentuan BPR akan terfokus pada penguatan pemenuhan ketentuan permodalan serta kelengkapan manajemen dan pengurus BPR. Selain memperkuat aspek kelembagaan, kebijakan yang dikeluarkan Bank Indonesia juga bertujuan untuk memperkuat proses surveillance terhadap sistem perbankan. Beberapa kebijakan yang akan disempurnakan terkait dengan ketentuan mengenai Rencana Bisnis Bank (RBB) yang akan mencakup aspek penerapan manajemen risiko sehingga dapat digunakan untuk kebijakan makroprudensial. Sementara itu, penyempurnaan manajemen likuiditas valuta asing dilakukan melalui kenaikan GWM valuta asing secara bertahap dari 1% menjadi 5% pada Maret 2011, dan menjadi 8% pada Juni 2011.",https://www.bi.go.id/id/publikasi/laporan/Pages/lpi_2010.aspx
2010,53,money_supply,95,"Kebijakan untuk menaikkan GWM valuta asing diperlukan untuk memperkuat pengelolaan arus modal mengingat karakteristik arus masuk modal asing sebagian besar dalam bentuk investasi portofolio yang cenderung fluktuatif. Oleh karena itu, perbankan perlu menyediakan likuiditas valuta asing yang cukup sebagai antisipasi penarikan modal asing tersebut. Dari sisi internal, Bank Indonesia juga melakukan penyempurnaan terhadap kebijakan di bidang pengawasan bank. Penyempurnaan tersebut dimaksudkan untuk menjaga kesehatan sistem perbankan baik secara individual maupun keseluruhan. Beberapa penyempurnaan yang akan dilakukan diantaranya terkait dengan sistem pengawasan berbasis risiko (risk-based supervision), exit policy, dan tingkat kesehatan bank berbasis risiko (risk-based rating).",https://www.bi.go.id/id/publikasi/laporan/Pages/lpi_2010.aspx
2010,54,credit,106,"Sistem pengawasan berbasis risiko akan mencakup aspek metodologi, quality assurance, pengembangan infrastruktur dan kapasitas pengawasan bank. Sementara itu, penyempurnaan ketentuan mengenai exit policy akan mencakup penetapan batasan waktu status bank termasuk penguatan terhadap (Financial Inclusion). Selain untuk meningkatkan eksposur pembiayaan, beberapa kebijakan dimaksudkan untuk meningkatkan tata kelola dan mendorong kompetisi yang sehat di industri perbankan nasional melalui terciptanya disiplin pasar. Beberapa kebijakan lainnya juga merupakan wujud kepedulian Bank Indonesia untuk menciptakan akses pembiayaan dan kesempatan berusaha yang setara bagi setiap kelompok masyarakat tanpa mengabaikan prinsip kehati-hatian dalam pengelolaan bank. Selain itu, Bank Indonesia juga berupaya untuk menjaga agar perbankan tetap dalam kondisi yang aman dan sehat.",https://www.bi.go.id/id/publikasi/laporan/Pages/lpi_2010.aspx
2010,55,global,160,"Upaya tersebut akan terfokus pada peningkatan kompetensi dan kualitas pengelolaan bank termasuk upaya untuk memenuhi standar yang berlaku secara internasional. Beberapa kebijakan yang akan dikeluarkan terkait dengan penyempurnaan ketentuan mengenai uji kemampuan dan kepatutan (Fit and Proper Test), ketentuan mengenai kepatuhan bank umum, perhitungan ATMR untuk risiko kredit dengan menggunakan pendekatan standar (Standardised Approach) dan ketentuan mengenai manajemen risiko bagi bank yang melakukan kegiatan bancassurance. Penyempurnaan beberapa ketentuan tersebut bertujuan untuk memastikan bahwa pengelolaan bank dilakukan oleh pihak-pihak yang memiliki kapabilitas dan kredibilitas yang dapat dipercaya serta sesuai dengan tata kelola yang baik. Kebijakan tersebut juga untuk memastikan bahwa pelaksanaan fungsi kepatuhan bank berjalan dengan baik. Sementara itu, ketentuan mengenai penggunaan pendekatan standar dalam perhitungan risiko kredit serta manajemen risiko untuk kegiatan yang terkait dengan bancassurance dimaksudkan untuk meningkatkan kemampuan industri perbankan nasional dalam menghadapi krisis, mengidentifikasi berbagai potensi risiko yang muncul dari perkembangan aktivitas bank, serta menghadapi persaingan global seiring dengan proses integrasi pasar keuangan domestik dengan pasar global.",https://www.bi.go.id/id/publikasi/laporan/Pages/lpi_2010.aspx
2010,56,credit,178,"Selain penyempurnaan kebijakan untuk bank umum, beberapa kebijakan juga ditujukan pada perbankan syariah dan Bank Perkreditan Rakyat (BPR). Beberapa kebijakan diantaranya adalah penyempurnaan ketentuan yang terkait dengan pembiayaan dan jenis-jenis akad dan agunan dalam pembiayaan berbasis syariah, harmonisasi pengaturan mengenai limit pembiayaan, penggunaan penilai independen untuk penilaian agunan, pengaturan mengenai properti yang terbengkalai, penambahan jenis agunan yang dapat diperhitungkan sebagai pengurang Penyisihan Penghapusan Aset, ketentuan mengenai revisi proyeksi pendapatan, angsuran untuk skema mudharabah, pedoman dan piranti pengawasan yang mendukung terciptanya sistem pengawasan yang efektif dalam rangka pemenuhan 25 Basel Core principles dan penerapan Basel II dengan memerhatikan perkembangan bisnis, teknologi, industri perbankan internasional serta kesiapan sumber daya dan infrastruktur baik pada Bank Indonesia maupun industri perbankan nasional. komitmen penyelesaian permasalahan bank oleh manajemen dan pemilik bank. Adapun penyempurnaan ketentuan tingkat kesehatan bank terfokus pada penyempurnaan metodologi penilaian tingkat kesehatan. Tujuan utama dari seluruh kebijakan tersebut adalah meningkatkan efektivitas sistem pengawasan bank dengan mempersiapkan secara komperehensif ketentuan, dari ketidakstabilan perekonomian global terhadap perekonomian domestik dan sistem keuangan nasional. Berbagai rangkaian kebijakan yang ditempuh tersebut diarahkan untuk pencapaian sasaran inflasi.",https://www.bi.go.id/id/publikasi/laporan/Pages/lpi_2010.aspx
2010,57,monetary_policy,121,"Opsi kebijakan moneter dan makroprudensial yang dipilih serta strategi implementasi yang mengedepankan konsistensi dan kehati-hatian yang dilakukan Bank Indonesia mampu menjaga ritme pertumbuhan ekonomi relatif stabil selama tahun 2010. Hal ini diperkuat dengan koordinasi kebijakan antara Bank Indonesia dengan Pemerintah yang berperan penting dalam menjaga kepercayaan dan persepsi pasar terhadap perkembangan perekonomian Indonesia. Meskipun demikian, upaya yang berkesinambungan untuk menjaga stabilitas makro ekonomi dan sistem keuangan secara keseluruhan perlu terus ditingkatkan terutama untuk mengantisipasi dinamika perekonomian global dan domestik. Kerangka kebijakan tersebut juga perlu dilengkapi dengan jalur koordinasi yang jelas antar otoritas terkait, baik dalam tataran strategis maupun teknis untuk mengatasi berbagai tantangan yang muncul melalui solusi yang lebih bersifat struktural. Perkembangan perekonomian global yang semakin dinamis meningkatkan kompleksitas kebijakan moneter.",https://www.bi.go.id/id/publikasi/laporan/Pages/lpi_2010.aspx
2010,58,inflation,100,"Ketidakseimbangan pemulihan ekonomi di berbagai kawasan berimplikasi pada aliran masuk modal asing ke negara-negara emerging markets yang cukup tinggi, termasuk Indonesia. Sementara itu, membaiknya permintaan domestik memerlukan respon yang sepadan dari sisi penawaran melalui peningkatan investasi dan infrastruktur. Di sisi lain, dampak dari aliran masuk modal asing serta ekses likuiditas di pasar uang dalam negeri meningkatkan kerentanan perekonomian domestik. Dinamika dari interaksi antara perekonomian domestik dan global tersebut menyebabkan kompleksitas kebijakan semakin meningkat. Dalam kaitan itu, Bank Indonesia berupaya memantapkan kerangka kebijakan berbasis suku bunga yang lebih fleksibel melalui penguatan manajemen moneter dan stabilitas sistem keuangan untuk mencapai sasaran inflasi.",https://www.bi.go.id/id/publikasi/laporan/Pages/lpi_2010.aspx
2010,59,monetary_policy,179,"Kerangka kebijakan tersebut pada intinya terdiri dari bauran kebijakan moneter melalui kebijakan suku bunga, pengelolaan arus modal asing dan ekses likuiditas serta kebijakan makroprudensial yang secara keseluruhan bertujuan untuk mengurangi dampak negatif 4.6 Penutup Tantangan kebijakan moneter di Indonesia dalam kurun waktu 5 tahun terakhir semakin besar terutama dengan terjadinya krisis keuangan global sejak pertengahan tahun 2007. Dalam situasi ekonomi yang belum sepenuhnya pulih dari permasalahan akibat krisis keuangan global tersebut, tantangan bagi penerapan paradigma kebijakan moneter berdasarkan ITF juga cenderung semakin berat dan kompleks. Hal tersebut terutama menyangkut keyakinan untuk menetapkan kerangka kerja ITF secara kredibel di satu sisi, serta penetapan prioritas antara pengupayaan kestabilan harga dan pertumbuhan perekonomian dalam menjaga momentum pemulihan ekonomi yang masih diselimuti ketidakpastian. Patut dicatat permasalahan fundamental yang menyertai krisis keuangan global tersebut, yaitu adanya kebijakan moneter yang sangat akomodatif serta akumulasi cadangan devisa yang sangat besar oleh beberapa negara emerging markets, yang pada gilirannya mendorong terjadinya ekses likuiditas global dengan segala permasalahan yang terkait. Salah satu permasalahan yang mengemuka adalah derasnya arus masuk modal asing ke negara negara emerging markets, termasuk Indonesia.",https://www.bi.go.id/id/publikasi/laporan/Pages/lpi_2010.aspx
2010,60,inflation,164,"Selain akibat adanya kesenjangan kebijakan antara negara maju dan negara berkembang, derasnya arus modal asing tersebut juga ditopang oleh prospek perekonomian domestik yang baik. Hal tersebut pada gilirannya mendorong semakin meningkatnya ekses likuiditas pada sistem perbankan di Indonesia sehingga akan berpotensi mendorong inflasi. Fenomena ekses likuiditas tersebut cenderung persisten, di tengah fenomena kekakuan struktural di sisi suplai yang secara fundamental mengganggu bekerjanya mekanisme transmisi kebijakan dan memberikan tekanan terhadap stabilitas moneter. Di tengah dinamika perekonomian di atas, penerapan ITF di Indonesia selama hampir lima tahun terahir sudah mencatat beberapa keberhasilan, yaitu dengan penerapan ITF yang sudah semakin tertata dan disertai dengan peningkatan kualitas, dalam artian sesuai dengan best practices, pemikiran teoritis, dan kondisi empiris di Indonesia (Juhro et al., 2009)1. Dalam hal 1 Juhro, Solikin M. (2009), ‘Review Penerapan Inflation Targetting ini, dibandingkan dengan kondisi sebelum penerapan ITF, beberapa hal positif telah dicatat dalam aspek penetapan dan pengumuman sasaran inflasi, penataan kerangka kerja kelembagaan dan operasional, koordinasi kebijakan, dan kualitas analisis dan riset kebijakan.",https://www.bi.go.id/id/publikasi/laporan/Pages/lpi_2010.aspx
2010,61,inflation,142,"Secara umum, penilaian positif tersebut dapat dikaitkan dengan aspek-aspek dalam proses kegiatan pada umumnya. Secara khusus, dalam periode penerapan ITF tercatat beberapa keberhasilan berupa perbaikan aspek fundamental yang bersifat substantif, yang membedakan manfaat keberadaan ITF dengan kerangka kerja kebijakan yang lain, yaitu adanya (i) pematangan eksistensi kelembagaan, (ii) kejelasan sinyal kebijakan, dan (iii) peningkatan kredibilitas kebijakan. Sebagai jawaban atas tuntutan akuntabilitas publik agar Bank Indonesia dapat meningkatkan kinerjanya dalam mencapai sasaran inflasi, diperlukan adanya penguatan kerangka kerja kebijakan moneter melalui penyempurnaan strategi penerapan ITF ke depan. Terkait dengan hal tersebut, review terhadap penerapan ITF di atas juga telah memberikan justifikasi terhadap perlunya penerapan ITF yang tidak kaku (flexible ITF) sebagai format yang ideal untuk perekonomian Indonesia. Dalam hal ini, secara khusus dilakukan telaah atas peran stabilitas sistem keuangan dan kebijakan nilai tukar, tidak hanya dilihat dari tataran strategis, namun juga tataran operasional.",https://www.bi.go.id/id/publikasi/laporan/Pages/lpi_2010.aspx
2010,62,inflation,174,"Perlu ditekankan bahwa dalam konteks penerapan ITF, Bank Indonesia secara implisit sebenarnya sudah menerapkan ‘flexible’ ITF, yang berarti bahwa dalam jangka pendek Bank Indonesia berupaya untuk menstabilkan perkembangan inflasi dan ekonomi riil bersama-sama. Substansi fleksibilitas dari ITF tercermin pada orientasi pencapaian tujuan akhir kebijakan yaitu inflasi, namun dengan tetap memperhitungkan dinamika perkembangan variabel makro ekonomi dalam jangka pendek, seperti pertumbuhan ekonomi, nilai tukar, dan perkembangan sektor keuangan. Dalam kaitan ini, penetapan BI Rate senantiasa mempertimbangkan 5 faktor utama, yaitu: (i) proyeksi inflasi 2 tahun ke depan dan konsistensinya dengan sasaran inflasi, (ii) Framework di Indonesia’, Working Paper Direktorat Riset Ekonomi dan Kebijakan Moneter. BOKS 4.1: Penyempurnaan Inflation Targeting Framework (Flexible ITF) proyeksi pertumbuhan ekonomi 2 tahun ke depan, (iii) proyeksi nilai tukar dan faktor penyebabnya (termasuk capital flows), serta pengaruhnya pada proyeksi inflasi dan pertumbuhan ekonomi, (iv) perkembangan suku bunga dan kredit perbankan, (v) valuasi aset di sektor keuangan. Dua faktor pertama untuk menjaga konsistensi BI Rate dengan pencapaian sasaran inflasi dengan mempertimbangkan dampaknya pada pertumbuhan ekonomi (inflation-growth trade-off untuk memaksimalkan kesejahteraan ekonomi masyarakat).",https://www.bi.go.id/id/publikasi/laporan/Pages/lpi_2010.aspx
2010,63,monetary_policy,119,"Tiga faktor terakhir untuk menjaga keseimbangan stabilitas moneter dan stabilitas sistem keuangan, sekaligus sebagai media asesmen terhadap mekanisme transmisi kebijakan moneter. Sejalan dengan fakta tersebut, secara formal perlu dirumuskan strategi kebijakan moneter dalam format Flexible ITF yang sesuai dengan perekonomian Indonesia ke depan. Dalam konteks ini, cakupan fleksibilitas tidak hanya pada penekanan preferensi kebijakan untuk mengupayakan stabilitas harga dan output, sebagaimana pandangan literatur selama ini, namun juga aspek-aspek strategis kebijakan moneter lainnya. Untuk itu, dengan tetap memperkuat landasan kelembagaan yang telah terbangun (inherent) dalam ITF, seperti independensi, akuntabilitas, transparansi, Bank Indonesia akan menggali dan merumuskan 5 (lima) pilar pemikiran dasar dalam rangka penerapan Flexible ITF di Indonesia, yaitu: 1. Pengendalian in flasi sesuai sasaran sebagai overriding objective kebijakan moneter.",https://www.bi.go.id/id/publikasi/laporan/Pages/lpi_2010.aspx
2010,64,growth,61,"Dalam hal ini, trade- off pertumbuhan ekonomi, stabilitas nilai tukar dan stabilitas sistem keuangan dipertimbangkan dalam perumusan kebijakan moneter. Dalam hal terjadi konflik pencapaian tujuan akhir, maka pencapaian sasaran inflasi adalah yang diutamakan. 2. Penguatan k ebijakan nilai tukar dalam rangka pencapaian stabilitas harga. Dalam hal ini, penentuan path nilai tukar dilakukan secara konsisten dengan pencapaian sasaran inflasi dan stabilitas makroekonomi.",https://www.bi.go.id/id/publikasi/laporan/Pages/lpi_2010.aspx
2010,65,exchange_rate,73,"Solusi ’possible trinity‘ yang optimal dicari dengan melihat keterkaitan kebijakan stabilisasi nilai tukar (melalui intervensi valuta asing) dengan pengendalian aliran masuk modal asing (dan implikasinya terhadap cadangan devisa) serta respons kebijakan suku bunga (dan pengendalian likuditas dan sustainabilitas keuangan BI). 3. Penguatan k eterkaitan antara stabilitas moneter dan stabilitas sistem keuangan. Krisis global memberi pelajaran pentingnya peran financial accelerator dalam kebijakan moneter. Dalam hal ini, stabilitas sistem keuangan menentukan efektivitas transmisi kebijakan moneter.",https://www.bi.go.id/id/publikasi/laporan/Pages/lpi_2010.aspx
2010,66,monetary_policy,124,"Demikian pula, respons kebijakan moneter berpengaruh terhadap stabilitas sistem keuangan. Instrumen Kebijakan Sasaran Operasional Kebijakan Indikator Kebijakan/ Variabel Informasi Sasaran Akhir Kebijakan • Instrumen moneter - BI Rate - Pengelolaan likuiditas - Intervensi valas • Instrumen makroprudensial - Likuiditas - Kredit • Suku bunga • Harga aset • Ekspektasi inflasi • Permintaan-Penawaran Agregat (Output gap) • Stabilitas Sistem Keuangan Stabilitas harga (INFLASI) Komunikasi Kebijakan BI – Pemerintah BI – OJK – LPS BI: Sektor Stabilitas Moneter – SSK Koordinasi Kebijakan • Nilai tukar • Perilaku risiko • Pertumbuhan dan Kualitas Kredit Bagan 1. Kerangka Kerja Kebijakan Flexible ITF 4. Integrasi kebijakan moneter dengan kerangka kerja kebijakan makr oprudensial melalui bauran instrumen kebijakan. Dalam hal ini, respons kebijakan suku bunga tetap merupakan stance kebijakan utama.",https://www.bi.go.id/id/publikasi/laporan/Pages/lpi_2010.aspx
2010,67,macroprudential,88,"Namun, strategi tersebut perlu didukung oleh kebijakan nilai tukar, kebijakan makroprudensial untuk aliran modal, dan kebijakan makroprudensial untuk pengendalian likuiditas. 5. Optimalisasi dan penguat an kerangka kelembagaan. Hal tersebut terutama terkait dengan penyusunan proyeksi dan asesmen risiko, budaya diskusi dalam proses perumusan kebijakan, strategi komunikasi yang efektif, serta penguatan koordinasi kebijakan dengan Pemerintah. Dapat dikemukakan bahwa kerangka dasar Flexible ITF pada dasarnya memperhitungkan penguatan kerangka stabilitas moneter dan stabilitas sistem keuangan sebagai salah satu pilar strategis, yang tercermin pada integrasi kebijakan moneter dan makroprudensial serta kemungkinan bauran instrumennya.",https://www.bi.go.id/id/publikasi/laporan/Pages/lpi_2010.aspx
2010,68,monetary_policy,107,"Sementara itu, substansi fleksibilitas dari pencapaian stabilitas harga adalah dengan tetap menjadikan kestabilan harga sebagai unsur utama yang memengaruhi respons kebijakan moneter. Namun, substansi kestabilan harga mengalami perluasan dengan mengakomodir indikator kestabilan keuangan dan memiki horizon forward looking lebih panjang. Hal tersebut mempunyai implikasi bahwa pengelolaan stabilitas sistem keuangan sebagai indikator kebijakan (variabel informasi) menjadi sangat relevan dalam upaya untuk mencapai sasaran akhir kebijakan moneter, selain ekspektasi inflasi dan output gap. Berdasarkan pilar pemikiran di atas maka kerangka kerja kebijakan Flexible ITF secara umum dapat digambarkan pada Bagan 1. Sejak berakhirnya krisis ekonomi tahun 1997/1998, perkembangan aliran modal ke negara-negara emerging markets, khususnya portofolio, mengalami tren peningkatan.",https://www.bi.go.id/id/publikasi/laporan/Pages/lpi_2010.aspx
2010,69,exchange_rate,139,"Menghadapi hal ini, sejumlah negara melakukan upaya stabilisasi nilai tukar dalam rangka menjaga daya saing ekspor. Salah satu implikasi dari stabilisasi nilai tukar tersebut adalah peningkatan cadangan devisa yang cukup besar di negara-negara tersebut. Pengalaman krisis ekonomi tahun 1997/1998 memberikan pelajaran berharga bagi banyak negara, terutama di Asia, tentang pentingnya peranan kecukupan cadangan devisa dalam meningkatkan daya tahan perekonomian suatu negara terhadap guncangan pasar keuangan (global dan domestik). Dalam kondisi adanya kemungkinan terjadi sudden stop1 atau capital reversal, jumlah cadangan devisa yang memadai menjadi semakin penting Saat suatu negara mengalami sudden stop dan pembalikan arus modal, maka secara otomatis nilai financial account pada neraca pembayaran akan mengalami penurunan mengingat jumlah dana yang keluar menjadi jauh lebih besar dibandingkan dengan dana yang masuk. Penurunan ini selanjutnya akan menyebabkan terjadinya penurunan permintaan domestik yang kemudian berdampak pada pertumbuhan ekonomi (output loss).",https://www.bi.go.id/id/publikasi/laporan/Pages/lpi_2010.aspx
2010,70,bop,179,"Ketika hal tersebut terjadi, cadangan devisa dapat digunakan untuk meredam guncangan yang terjadi melalui penyerapan domestik (domestic absorption), sehingga dampak terhadap output loss dapat dikurangi. Penjelasan mengenai hubungan ini dijelaskan sebagai berikut. Dalam perekonomian terbuka, penyerapan domestik dapat digambarkan sebagai selisih antara output dengan neraca perdagangan (trade balance): At = Yt - TBt. (1) 1 Sudden stop dide finisikan sebagai kondisi dimana jumlah capital inflow yang masuk turun secara drastis. Kondisi tersebut jika ditambah dengan terjadinya capital reversal dalam jumlah besar akan mengakibatkan capital account negara menjadi turun drastis dan mendorong terjadinya krisis. Dalam neraca pembayaran, neraca perdagangan dapat dihitung sebagai berikut2: TBt = - KAt – ITt + ∆Rt. (2) Dari persamaan (1) dan (2) dapat dijelaskan bah wa penyerapan domestik (At) merupakan penjumlahan dari output domestik (Yt), financial account (KAt), pendapatan luar negeri (ITt) dan pengurangan dari perubahan cadangan devisa (∆Rt): At = Yt + KAt + ITt - ∆Rt. (3) Persamaan di at as dapat menjelaskan bahwa ketika terjadi sudden stop maka penyerapan domestik (At) akan berkurang, yang selanjutnya dapat berpengaruh terhadap penurunan output domestik (Yt).",https://www.bi.go.id/id/publikasi/laporan/Pages/lpi_2010.aspx
2010,71,bop,173,"Dampak ini dapat dikurangi dengan mengeluarkan cadangan devisa (Rt), misalnya menggunakan cadangan devisa untuk membayar pinjaman luar negeri yang tidak dapat diperpanjang (roll over). Secara umum, cadangan devisa dapat digunakan untuk: • Meredam gejolak nilai tukar, misalnya dengan melakukan intervensi apabila diperlukan. • Memberikan kepercayaan kepada pelaku pasar bahwa negara mampu memenuhi kewajibannya terhadap pihak luar negeri. • Membantu Pemerintah untuk memenuhi kebutuhan dan kewajiban ketika Pemerintah akan melakukan pembayaran utang luar negeri. • Membiayai transaksi yang tercatat dalam neraca pembayaran. • Menunjukkan adanya suatu kekayaan dalam bentuk aset eksternal untuk menopang mata uang dalam negeri. • Memelihara suatu cadangan untuk dapat dipergunakan apabila negara mengalami keadaan darurat. • Mendapatkan keuntungan. Tujuan ini pada umumnya bukan merupakan tujuan utama, tetapi lebih pada alasan untuk memaksimalkan pemanfaatan cadangan devisa yang dimiliki. 2 Persamaan dalam neraca pembayaran : CAt +KAt = ∆Rt, dimana CAt = TBt + ITt. BOKS 4.2: Peranan Cadangan Devisa dalam Perekonomian Kecukupan cadangan devisa suatu negara tidak hanya tergantung dari besarnya pinjaman luar negeri, likuiditas perkonomian, dan kebutuhan impor negara tersebut.",https://www.bi.go.id/id/publikasi/laporan/Pages/lpi_2010.aspx
2010,72,exchange_rate,136,Rezim nilai tukar yang dianut juga memengaruhi besarnya cadangan devisa yang harus dimiliki. Bagi negara-negara yang menganut rezim nilai tukar tetap memerlukan cadangan devisa yang lebih besar dibandingkan dengan negara-negara yang menganut rezim nilai tukar yang fleksibel. Beberapa tolak ukur yang biasa digunakan negara- negara emerging markets dalam menghitung kecukupan cadangan devisanya adalah3: • Cadangan devisa sama dengan utang luar negeri jangka pendek. Negara-negara yang rentan terhadap krisis neraca modal akan memiliki daya tahan yang lebih baik jika cadangan devisanya dapat menutupi seluruh pinjaman luar negeri yang jatuh tempo kurang dari 1 tahun. • Cadangan devisa sama dengan 5 sampai dengan 20 persen dari M2 (broad money). Indikator ini berguna bagi negara-negara yang memerlukan peningkatan kepercayaan mata uang domestik dan pengurangan risiko terhadap capital flight. • Cadangan devisa sama dengan 3 sampai dengan 4 bulan impor.,https://www.bi.go.id/id/publikasi/laporan/Pages/lpi_2010.aspx
2010,73,bop,91,"Tolok ukur ini sangat relevan untuk negara-negara berpendapatan rendah yang rentan terhadap gejolak neraca transaksi berjalan dan tidak mempunyai akses ke pasar modal secara signifikan. 3 Ruiz-Arranz, Marta., Za vadjil, Milan. (2008). ‘Are Emerging Asia’s Reserves Really Too High?’, Working Paper, International Monetary Fund. Semakin besar cadangan devisa suatu negara, daya tahan negara tersebut terhadap krisis finansial dapat semakin kuat. Namun, hal tersebut akan berdampak pada penurunan keuntungan marjinal, sementara biaya marjinalnya akan meningkat. Meskipun sulit untuk diukur secara kuantitatif, biaya-biaya yang timbul dari pemupukan cadangan devisa adalah: • Biaya sterilisasi.",https://www.bi.go.id/id/publikasi/laporan/Pages/lpi_2010.aspx
2010,74,bop,95,"Akumulasi cadangan devisa akan menyebabkan bertambahnya uang beredar. Jika bank sentral menyerap kelebihan uang beredar tersebut, maka bank sentral akan menanggung biaya carry trade sebesar selisih suku bunga domestik dengan imbal hasil penempatan cadangan devisa. Sebagai tambahan, mata uang domestik akan terapresiasi sehingga dapat memperburuk neraca transaksi berjalan. • Biaya oportunitas. Cadangan devisa dapat dimanfaatkan untuk pelunasan utang luar negeri yang lebih cepat dan untuk membiayai proyek-proyek pemerintah yang dapat menghasilkan imbal hasil yang lebih tinggi. • Risiko pada neraca bank sentral. Pada saat mata uang domestik terapresiasi, neraca bank sentral akan mengalami tekanan (kerugian).",https://www.bi.go.id/id/publikasi/laporan/Pages/lpi_2010.aspx
2010,75,monetary_policy,94,"Potensi kerugian ini dapat menjadi signifikan mengingat cadangan devisa yang dimiliki di sebagian besar negara-negara emerging markets jumlahnya beberapa kali lebih besar dibandingkan modal bank sentral dan lebih dari 10 persen dari PDB. • Biaya lainnya. Pemupukan cadangan yang sangat agresif dapat menambah komplikasi formulasi kebijakan moneter di bawah rezim nilai tukar yang fleksibel. Merawat pertumbuhan, melestarikan perkembangan Tak hanya di awal, menumbuhkan sebuah pohon adalah satu proses perawatan panjang yang di setiap tahapnya membutuhkan perhatian. Memberi perhatian di segala aspek kehidupan adalah energi yang akan menumbuhkan dan melestarikan kehidupan itu sendiri pada akhirnya.",https://www.bi.go.id/id/publikasi/laporan/Pages/lpi_2010.aspx
2011,1,monetary_policy,218,"Bab VII Kebijakan Moneter dan Makroprudensial Kebijakan Moneter dan Makroprudensial Kebijakan Bank Indonesia di bidang moneter ditujukan untuk mengendalikan inflasi agar sesuai dengan sasaran inflasi yang telah ditetapkan sehingga dapat mendukung tercapainya stabilitas makroekonomi dan sistem keuangan serta mampu menciptakan iklim yang kondusif bagi tercapainya pertumbuhan ekonomi yang ti nggi. Implementasi kebijakan moneter tersebut dilakukan melalui kebijakan suku bunga dan nilai tukar yang konsisten serta didukung dengan kebijakan makroprudensial untuk mengelola likuiditas dan aliran modal asing sesuai dengan kondisi perekonomian. Selain itu, Bank Indonesia juga menerapkan strategi komunikasi yang diarahkan untuk mengarahkan ekspektasi masyarakat tentang arah perekonomian ke depan sehingga diharapkan dapat meningkatkan efekti vitas kebijakan moneter dan memberikan kepasti an terhadap pelaku pasar. Selanjutnya, sebagai langkah anti sipasi dalam menghadapi keti dakpasti an ekonomi global dan untuk membangun sistem keuangan yang lebih siap dan kuat menghadapi krisis, Bank Indonesia telah membangun protokol manajemen krisis untuk nilai tukar dan perbankan, dan dengan koordinasi Pemerintah sedang mengintegrasikannya menjadi protokol manajemen krisis nasional. Secara keseluruhan, implementasi bauran kebijakan moneter dan makroprudensial tersebut mampu menjaga stabilitas makroekonomi dan sistem keuangan di tengah keti dakpasti an global yang meningkat. /seven.taboldstyle./one.taboldstyle Kebijakan Moneter Kebijakan moneter selama tahun 2011 diarahkan untuk mengendalikan infl asi sesuai sasaran yang ditetapkan sehingga mendukung stabilitas makroekonomi dan sistem keuangan di tengah ti ngginya volati litas aliran modal asing.",https://www.bi.go.id/id/publikasi/laporan/Pages/lpi_2011.aspx
2011,2,monetary_policy,126,"Pada semester I 2011, kebijakan moneter difokuskan untuk mengatasi tekanan infl asi yang meningkat akibat terganggunya pasokan dan ti ngginya harga pangan dengan mengelola ekspektasi infl asi, aliran modal asing, dan ekses likuiditas. Selanjutnya pada semester II 2011, dengan memperti mbangkan tekanan infl asi yang mereda dan adanya potensi perlambatan ekonomi domesti k akibat keti dakpasti an ekonomi global yang meningkat, Bank Indonesia menempuh strategi kebijakan moneter yang lebih akomodati f. KEBIJAKAN SUKU BUNGA Kebijakan moneter padaawal tahun 2011 ditandai dengan dipertahankannya level BI Rate pada 6,5%. Kebijakan moneter tersebut merupakan kelanjutan dari stance kebijakan moneter selama tahun 2010. Level BI Rate sebesar 6,5% dipandang masih konsisten dengan pencapaian sasaran infl asi ke depan dan tetap kondusif untuk menjaga stabilitas sistem keuangan serta mendorong intermediasi perbankan.",https://www.bi.go.id/id/publikasi/laporan/Pages/lpi_2011.aspx
2011,3,exchange_rate,139,"Pada bulan Februari 2011, BI Rate dinaikkan 25 bps menjadi 6,75% sebagai langkah anti sipati f untuk mengendalikan ekspektasi infl asi yang pada saat itu terindikasi mulai meningkat. Peningkatan ekspektasi infl asi terutama dipicu oleh infl asi volati le food yang masih ti nggi, selain akibat dari kenaikan harga komoditas internasional dan rencana kebijakan pemerintah di bidang komoditas strategis. Kebijakan suku bunga juga didukung dengan penguatan kebijakan nilai tukar rupiah untuk mengatasi tekanan infl asi dari kenaikan harga komoditas internasional (imported inflati on) serta kebijakan makroprudensial yang ditujukan untuk pengendalian likuiditas dan aliran modal asing. BI Rate dipertahankan tetap pada level 6,75% sampai dengan triwulan III 2011 dengan memperti mbangkan masih berlanjutnya risiko tekanan infl asi dan untuk menjaga stabilitas makroekonomi. Kebijakan penguatan nilai tukar rupiah dipandang mampu menurunkan tekanan infl asi, khususnya yang bersumber dari imported inflati on.",https://www.bi.go.id/id/publikasi/laporan/Pages/lpi_2011.aspx
2011,4,monetary_policy,123,"Selain itu, respon suku bunga lebih lanjut dinilai akan mendorong semakin derasnya aliran masuk modal asing, khususnya yang berjangka pendek, yang akan meningkatkan kompleksitas kebijakan moneter dalam pengelolaan kinerja perekonomian Indonesia. Memasuki triwulan IV 2011, BI Rate diturunkan 25 bps menjadi 6,5% dengan memperti mbangkan bahwa infl asi pada akhir tahun 2011 dan 2012 akan berada di bawah 5% atau masih dalam kisaran sasaran infl asi1. Kebijakan tersebut juga merupakan langkah untuk menganti sipasi dampak penurunan kinerja ekonomi dan keuangan global terhadap kinerja perekonomian Indonesia. Selanjutnya, dengan perti mbangan tekanan infl asi ke depan yang semakin rendah, BI Rate kembali diturunkan 50 bps menjadi 6,0% pada bulan November 2011. Kebijakan tersebut juga dilakukan untuk mengurangi dampak memburuknya prospek ekonomi global terhadap perekonomian Indonesia.",https://www.bi.go.id/id/publikasi/laporan/Pages/lpi_2011.aspx
2011,5,decision,121,"Selain menetapkan BI Rate, Bank Indonesia juga memutuskan untuk menyesuaikan lebar koridor suku bunga. Kebijakan tersebut ditujukan untuk mendorong kegiatan di pasar uang antarbank di tengah besarnya ekses likuiditas. Penyesuaian lebar koridor suku bunga dilakukan melalui perubahan lebar koridor bawah yaitu suku bunga untuk fasilitas simpanan overnight (ON), sedangkan lebar koridor atas yaitu suku bunga untuk fasilitas pinjaman ON ti dak berubah. Dengan penyesuaian tersebut, suku bunga fasilitas pinjaman ON (lending facility) tetap berada pada level BI Rate + 100 bps, sementara suku bunga fasilitas simpanan 1 Sasaran infl asi untuk tahun 2011 adalah 5% ± 1%, sementara untuk tahun 2012 adalah 4,5% ± 1%. ON (deposit facility) diturunkan dari BI Rate – 100 bps menjadi BI Rate – 150 bps.",https://www.bi.go.id/id/publikasi/laporan/Pages/lpi_2011.aspx
2011,6,exchange_rate,132,"Dengan level BI Rate sebesar 6,0% (Desember 2011), maka suku bunga fasilitas pinjaman ON menjadi 7,0% dan suku bunga fasilitas simpanan ON menjadi 4,5%. KEBIJAKAN NILAI TUKAR Strategi kebijakan nilai tukar selama tahun 2011 turut mendukung pengendalian infl asi serta tercapainya stabilitas makroekonomi dan sistem keuangan. Rupiah mengalami apresiasi pada semester I 2011 dan kemudian terdepresiasi pada semester II 2011 seiring dengan dinamika ekonomi dan keuangan global yang memburuk. Secara keseluruhan, pelaksanaan kebijakan nilai tukar berhasil menjaga stabilitas nilai tukar tupiah di tengah volati litas aliran modal asing yang ti nggi. Stabilitas nilai tukar rupiah yang relati f terjaga tercermin pada volati litas rupiah pada tahun 2011 yang hanya sedikit meningkat menjadi 0,38% dibandingkan dengan 0,35% pada tahun 2010, walaupun pada akhir triwulan III 2011 sempat terjadi tekanan depresiasi yang cukup kuat.",https://www.bi.go.id/id/publikasi/laporan/Pages/lpi_2011.aspx
2011,7,exchange_rate,149,"Daya tahan rupiah yang kuat di tengah gejolak ekonomi global yang meningkat juga terlihat dari rata-rata nilai tukar rupiah pada tahun 2011 yang menguat sebesar 3,56% menjadi Rp8.768 per dolar AS dibandingkan dengan rata-rata pada tahun 2010 sebesar Rp9.080 per dolar AS. Pada semester I 2011, Bank Indonesia memberikan ruang yang lebih besar bagi penguatan nilai tukar rupiah sejalan dengan derasnya aliran masuk modal asing. Di tengah ekspektasi infl asi yang meningkat, penguatan nilai tukar rupiah dipandang dapat meredam tekanan infl asi khususnya yang bersumber dari ti ngginya kenaikan harga komoditas global. Besarnya ruang penguatan rupiah masih dalam skala yang terukur secara relati f terhadap mata uang regional, sehingga ti dak mengganggu daya saing produk domesti k di pasar global. Implementasi kebijakan ini, yang didukung pula oleh surplus neraca pembayaran baik dari sisi neraca transaksi berjalan maupun sisi neraca modal dan finansial, telah membuahkan akumulasi cadangan devisa yang meningkat.",https://www.bi.go.id/id/publikasi/laporan/Pages/lpi_2011.aspx
2011,8,exchange_rate,109,"Kecukupan cadangan devisa berfungsi sebagai bantalan dalam menghadapi risiko pembalikan aliran modal asing (self insurance) dan karenanya memperkuat ketahanan eksternal perekonomian Indonesia. Memasuki semester II 2011, Bank Indonesia menempuh upaya stabilisasi nilai tukar rupiah sebagai respons atas meningkatnya tekanan depresiasi nilai tukar rupiah. Gejolak pasar keuangan global mendorong investor untuk mengalihkan investasinya dari aset negara- negara emerging markets ke instrumen keuangan yang dianggap lebih aman (safe haven). Kondisi ini menyebabkan peningkatan tekanan depresiasi terhadap rupiah, didorong oleh aliran keluar modal asing, terutama dari instrumen SBN dan saham. Menghadapi kondisi tersebut, Bank Indonesia menempuh kebijakan stabilisasi rupiah melalui intervensi di pasar valuta asing dengan memanfaatkan cadangan devisa yang diakumulasi sebelumnya.",https://www.bi.go.id/id/publikasi/laporan/Pages/lpi_2011.aspx
2011,9,monetary_policy,184,"Kebijakan ini juga disertai dengan pembelian SBN di pasar sekunder. Di samping mengatasi sumber tekanan rupiah dari pelepasan SBN oleh investor asing, langkah ini juga dimaksudkan untuk menjaga ketersediaan pasokan likuiditas rupiah yang berkurang karena adanya intervensi valuta asing dan sekaligus menambah penggunaan SBN sebagai instrumen moneter (Grafik7.1). /seven.taboldstyle./two.taboldstyle Kebijakan Makroprudensial Stabilitas moneter dan stabilitas sistem keuangan saling terkait dan karenanya kebijakan di dua sisi stabilitas tersebut harus sinkron dan terkoordinasi dengan baik. Stabilitas sistem keuangan sangat menentukan efekti vitas kebijakan moneter dalam memengaruhi kegiatan perekonomian dan pengendalian infl asi melalui berbagai saluran transmisi moneter, baik suku bunga, kredit, uang beredar, nilai tukar maupun ekspektasi infl asi. Sebaliknya, respon kebijakan moneter berpengaruh pada risiko suku bunga, nilai tukar, harga aset, maupun risiko infl asi dalam upaya menjaga stabilitas sistem keuangan. Keterkaitan dua sisi stabilitas tersebut semakin penti ng diperhati kan -40 -30 -20 -10 BI NonresidenDana Pensiun AsuransiBank Triliun rupiah Agustus 2011 September 2011 Oktober 2011 November 2011 Gra/f_i k 7.1 Perubahan Kepemilikan SBN dengan ti ngginya keti dakpasti an ekonomi dan keuangan global yang sewaktu-waktu dapat mengancam stabilitas makroekonomi dan sistem keuangan Indonesia.",https://www.bi.go.id/id/publikasi/laporan/Pages/lpi_2011.aspx
2011,10,monetary_policy,64,"Untuk itu, Bank Indonesia senanti asa memperti mbangkan eratnya kaitan stabilitas moneter dan stabilitas sistem keuangan tersebut dalam perumusan kebijakan moneter dan perbankan, khususnya melalui kebijakan makroprudensial. Secara khusus, untuk memperkuat stabilitas makroekonomi dan sistem keuangan tersebut, Bank Indonesia memfokuskan kebijakan makroprudensial pada ti ga hal. Pertama, mengendalikan likuiditas perekonomian terutama likuiditas perbankan. Kedua, mengelola aliran modal asing. Keti ga, meningkatkan fungsi intermediasi perbankan.",https://www.bi.go.id/id/publikasi/laporan/Pages/lpi_2011.aspx
2011,11,monetary_policy,138,"Perumusan kebijakan pada ti ga fokus tersebut senanti asa disinkronkan dengan kebijakan moneter agar tetap konsisten dengan arah perkembangan makroekonomi ke depan. Dengan demikian, stabilitas sistem keuangan dapat dijaga untuk mendukung stabilitas moneter dan kesinambungan pertumbuhan ekonomi. Bauran kebijakan moneter dan makroprudensial di atas didukung pula oleh strategi komunikasi yang diharapkan dapat meningkatkan efekti vitas kebijakan moneter, dan memberikan kepasti an kepada pelaku pasar sehingga dapat mengarahkan ekspektasi masyarakat tentang arah perekonomian ke depan. Lebih dari itu, Bank Indonesia juga telah membangun Protokol Manajemen Krisis (PMK) sebagai suatu mekanisme dan kerangka kerja yang tertata dan terintegrasi dalam langkah-langkah pencegahan dan penanganan krisis, khususnya krisis nilai tukar dan perbankan, untuk mendukung stabilitas makroekonomi dan sistem keuangan di atas. PENGENDALIAN EKSES LIKUIDITAS PERBANKAN Kondisi likuiditas perbankan yang berlebih merupakan tantangan bagi peningkatan efekti vitas kebijakan moneter dan akti vitas perekonomian.",https://www.bi.go.id/id/publikasi/laporan/Pages/lpi_2011.aspx
2011,12,credit,126,"Secara umum, kondisi ekses likuiditas perbankan dapat diukur dari besarnya likuiditas perbankan yang belum dapat disalurkan ke sektor riil dan karenanya ditempatkan pada instrumen moneter Bank Indonesia. Peningkatan ekses likuiditas terutama bersumber dari aliran masuk modal asing dan ekspansi keuangan pemerintah, di samping akumulasi likuiditas pada periode sebelumnya (Grafik 7.2). Besarnya ekses likuditas perbankan tersebut merupakan cerminan dari masih rendahnya daya serap sektor riil dan belum berkembangnya pasar keuangan Indonesia dalam menawarkan berbagai alternati f instrument yang bermanfaat bagi pembiayaan perekonomian. Karenanya, di samping pengelolaan moneter oleh Bank Indonesia, penanganan ekses likuiditas tersebut perlu disertai dengan berbagai kebijakan untuk mendorong peningkatan fungsi intermediasi perbankan, perluasan kapasitas perekonomian, dan pendalaman pasar keuangan (fi nancial deepening). Dalam jangka pendek, peningkatan ekses likuiditas berdampak pada operasi moneter yang meningkat.",https://www.bi.go.id/id/publikasi/laporan/Pages/lpi_2011.aspx
2011,13,monetary_policy,179,"Pada tahun 2011, rata-rata posisi harian operasi moneter meningkat menjadi Rp462,9 triliun dibandingkan dengan kondisi pada tahun 2010 sebesar Rp371,7 triliun. Dengan keterbatasan daya serap sektor riil dan belum berkembangnya pasar keuangan di tengah derasnya aliran masuk modal asing ke dalam negeri, Bank Indonesia menerapkan kebijakan makroprudensial untuk mengelola ekses likuiditas perbankan agar tetap konsisten dengan upaya untuk menciptakan stabilitas pasar keuangan dan perekonomian secara keseluruhan. Kebijakan tersebut antara lain berupa perpanjangan profil jatuh waktu instrumen moneter dan pembatasan penawaran SBI di pasar primer. Kebijakan ini merupakan langkah lanjutan dalam pengelolaan likuiditas yang ditempuh Bank Indonesia pada tahun 2010, antara lain melalui kenaikan kewajiban giro wajib minimum (GWM) rupiah bagi perbankan menjadi 8% dari dana pihak keti ga (DPK) rupiah. Perpanjangan Profil Jatuh Waktu Instrumen Moneter Kebijakan perpanjangan profil jatuh waktu instrumen moneter merupakan salah satu upaya Bank Indonesia -100 OPT Total NIR Ekspansi Fiskal Neto Triliun rupiah 199919981997 2000 2001 2002 2003 2004 2005 2006 2007 2008 2009 2010 2011 Gra/f_i k 7.2 Sumber Ekses Likuiditas untuk mengarahkan pengelolaan likuiditas perbankan ke dalam perspekti f yang lebih panjang.",https://www.bi.go.id/id/publikasi/laporan/Pages/lpi_2011.aspx
2011,14,monetary_policy,124,"Kebijakan ini juga diharapkan dapat memperbaiki struktur suku bunga yang ti dak sempurna akibat komposisi instrumen operasi moneter yang terkonsentrasi di tenor sangat pendek dengan frekuensi jatuh waktu yang lebih sering (Grafik 7.3). Kebijakan Perpanjangan Profil Jatuh Waktu untuk SBI (PPSBI) pada tahun 2011 merupakan lanjutan dari kebijakan serupa yang telah diterapkan sejak bulan Maret 2010. Secara umum, kebijakan PPSBI dilakukan melalui dua cara, yaitu menjarangkan atau mengurangi pelaksanaan lelang SBI dari mingguan menjadi bulanan dan secara bertahap menghenti kan penerbitan SBI berjangka waktu 1,3 dan 6 bulan atau hanya menerbitkan SBI berjangka waktu 9 bulan. Kebijakan PPSBI bertujuan untuk mengurangi peran SBI jatuh waktu sebagai sumber peningkatan likuiditas bank. Selain itu, perbankan diharapkan dapat mengelola likuiditas perbankan dengan memperpanjang horizon waktu pengelolaan likuiditasnya.",https://www.bi.go.id/id/publikasi/laporan/Pages/lpi_2011.aspx
2011,15,monetary_policy,110,"Kebijakan perpanjangan profil jatuh waktu juga berlaku untuk instrumen operasi moneter lainnya. Term Deposit (TD) dan Reverse Repo SBN (RR-SBN) diarahkan untuk selalu dilelang dengan variasi tenor yang lebih panjang dari 2 bulan. Namun, lelang untuk tenor pendek (kurang dari 1 bulan) masih mungkin untuk dilakukan sewaktu-waktu dengan jumlah yang terbatas guna menyerap likuiditas yang ti dak dapat diserap dengan tenor panjang tersebut. Dengan lebih panjangnya jangka waktu ekses likuiditas tersimpan di instrumen moneter, maka diharapkan dapat memberikan dampak positi f terhadap pendalaman pasar keuangan melalui bertambahnya transaksi antarbank serta mengurangi segmentasi yang terjadi di pasar uang antarbank. Hal itu akan memperkuat manajemen moneter dalam mendukung pencapaian sasaran infl asi.",https://www.bi.go.id/id/publikasi/laporan/Pages/lpi_2011.aspx
2011,16,macroprudential,117,"Evaluasi terhadap penerapan kebijakan perpanjangan profil jatuh waktu menunjukkan bahwa rata-rata tenor instrumen moneter telah beralih ke tenor yang lebih panjang (Grafik 7.4). Pada 2009, rata-rata sisa jangka waktu seluruh instrumen moneter adalah 18,23 hari mengingat lelang SBI dilakukan secara mingguan dan mayoritas SBI diterbitkan dengan tenor 1 bulan. Sejalan dengan penerapan kebijakan makroprudensial dalam rangka pengelolaan ekses likuiditas perbankan, rata- rata tenor instrumen OPT meningkat menjadi 76 hari pada tahun 2010 dan 87 hari pada tahun 2011. Mengurangi Jumlah Penawaran SBI di Pasar Primer Penerapan kebijakan perpanjangan profil jatuh waktu dapat mengendalikan tambahan likuiditas yang berasal dari OPT jatuh waktu. Kebijakan pengelolaan likuiditas perbankan juga dilengkapi dengan kebijakan untuk mengurangi jumlah penawaran SBI di pasar primer.",https://www.bi.go.id/id/publikasi/laporan/Pages/lpi_2011.aspx
2011,17,monetary_policy,259,"SBI merupakan satu-satunya instrumen moneter untuk menyerap ekses likuiditas perbankan yang dapat dibeli oleh pihak selain bank, termasuk nonresiden. Sementara itu, volati litas kepemilikan SBI yang diakibatkan peningkatan transaksi SBI di pasar sekunder berpotensi menganggu pengelolaan likuiditas dan stabilitas harga. Di samping untuk memperkuat manajemen moneter, pengurangan jumlah penawaran SBI di pasar primer juga dimaksudkan untuk mengurangi potensi dampak negati f dari pembalikan modal asing (large and sudden reversal) dari SBI. -150 -100 -50 - 150 Triliun rupiah Nominal Penyerapan OPT (Absorpsi) Nominal OPT Jatuh Waktu (Injeksi) 1 2 3 4 5 6 7 8 9 10 11 12 1 2 3 4 5 6 7 8 9 10 11 12 Strategi perpanjangan pro/f_il jatuh waktu OPT Gra/f_i k 7.3 Frekuensi Jatuh Waktu dan Penyerapan Instrumen Operasi Moneter 233 269 500 Triliun rupiah Fasilitas Simpanan ON Reverse Repo TD ≥ 1 bulan TD <1 bulan SBI+SBIS rata-rata tenor OPT akhir periode : < 20 hari rata-rata tenor OPT akhir periode : 76 hari rata-rata tenor OPT akhir periode : 87 hari 2009 2010 2011 Gra/f_i k 7.4 Nominal Posisi Rata-rata Harian Instrumen Operasi Moneter dan Rata-rata Sisa Jangka Waktu Selain itu, tujuan pengurangan jumlah penawaran SBI di pasar primer juga untuk meningkatkan peran instrumen moneter non-SBI dalam menyerap ekses likuiditas. Hal ini tercermin pada pangsa instrumen Term Deposit(TD) dan Reverse Repo (RR) SBN yang meningkat dari waktu ke waktu (Grafik 7.5). Dalam kaitan ini, peningkatan operasi moneter dengan RR-SBN juga dimungkinkan dengan adanya pembelian SBN di pasar sekunder oleh Bank Indonesia yang lebih besar khususnya pada semester II 2011.",https://www.bi.go.id/id/publikasi/laporan/Pages/lpi_2011.aspx
2011,18,money_supply,124,"Pengurangan jumlah penawaran SBI tersebut dilakukan melalui pengurangan secara bertahap atas target indikati f dan pemenang lelang SBI pada seti ap lelang. Sepanjang tahun 2011 pemenang lelang SBI (bid to cover rati o) memperlihatkan tren yang terus menurun (Grafik 7.6). Kelebihan likuiditas yang ti dak terserap dalam lelang SBI akan berpindah ke instrumen TD atau RR-SBN yang secara bersamaan tenornya juga diperpanjang untuk mendukung strategi perpanjangan profil jatuh waktu instrumen moneter. Instrumen Moneter TD dan RR-SBN merupakan instrumen moneter yang memiliki fungsi yang sama dengan SBI, yaitu untuk menyerap kelebihan likuiditas di pasar. Namun, dibandingkan dengan SBI, instrumen TD hanya dapat dibeli oleh perbankan dalam negeri dan ti dak dapat diperjualbelikan (nontradable) sehingga penyerapan likuiditas dengan TD menjadi lebih permanen sesuai dengan jangka waktunya.",https://www.bi.go.id/id/publikasi/laporan/Pages/lpi_2011.aspx
2011,19,monetary_policy,128,"Karakteristi k tersebut merupakan perti mbangan utama TD dapat mengganti kan fungsi SBI dalam rangka penyerapan ekses likuiditas. Sementara itu, operasi moneter dengan mekanisme RR- SBN yang menggunakan underlying SBN bila diakti fk an akan menambah dorongan terciptanya pasar SBN yang lebih dalam (fi nancial deepening). Penggunaan SBN sebagai underlying instrumen RR-SBN juga sejalan dengan langkah-langkah Bank Indonesia untuk secara bertahap mengganti kan SBI dengan SBN sebagai instrumen moneter. PENGENDALIAN ALIRAN MODAL Di tengah meningkatnya keti dakpasti an kondisi ekonomi global, aliran masuk modal asing ke Indonesia terus berlanjut, meski secara kumulati f relati f lebih kecil dibandingkan dengan tahun 2010. Derasnya aliran masuk modal asing terutama terjadi pada semester I 2011, dan kemudian setelah itu berbalik arah seiring dengan memburuknya krisis di Eropa dan pelemahan ekonomi AS.",https://www.bi.go.id/id/publikasi/laporan/Pages/lpi_2011.aspx
2011,20,growth,229,"Kondisi fundamental ekonomi Indonesia yang kondusif serta imbal hasil yang menarik merupakan faktor yang menarik aliran masuk modal asing tersebut (Grafik 7.7). Derasnya aliran masuk modal asing perlu dikelola dengan baik agar bermanfaat bagi perekonomian nasional. Berbagai upaya perlu dilakukan untuk mendorong aliran masuk modal asing tersebut ke jangka lebih panjang dalam bentuk Foreign Direct Investment (FDI), baik melalui percepatan program investasi dan infrastruktur maupun pendalaman pasar keuangan. Pada saat bersamaan, pengendalian perlu dilakukan terhadap aliran masuk modal asing jangka pendek karena sangat rentan terhadap pembalikan ti ba-ti ba dan dalam jumlah besar (large and sudden reversal) yang dapat menimbulkan gejolak nilai tukar dan stabilitas sistem keuangan. Berdasarkan - 120 Triliun rupiah Persen Volume SBI Jatuh Waktu Volume Penyerapan Melalui SBI Cover Ratio SBI (Skala Kanan) >100 1 2 3 4 5 6 7 8 9 10 11 12 1 2 3 4 5 6 7 8 9 10 11 12 Gra/f_i k 7.6 Pro/f_i l Lelang SBI Tahun 2010 -2011 87 84 11 9 1 2 4 5 8 6 SBI+SBIS Term Deposit Reverse Repo Fasilitas Simpanan ON Persen 2008 2009 2010 2011 Gra/f_i k 7.5 Perkembangan Komposisi Instrumen Operasi Moneter perti mbangan tersebut, di samping terus berkoordinasi dengan Pemerintah dalam mendorong aliran modal asing masuk jangka panjang, Bank Indonesia terus memperkuat kebijakan makroprudensial yang telah ditempuh tahun 2010 dalam rangka pengendalian aliran masuk modal asing jangka pendek.",https://www.bi.go.id/id/publikasi/laporan/Pages/lpi_2011.aspx
2011,21,exchange_rate,143,"Kebijakan tersebut antara lain berupa kenaikan kewajiban GWM valuta asing, perpanjangan masa endap minimum untuk SBI, dan pemberlakuan batasan pinjaman luar negeri jangka pendek bagi perbankan. Lebih dari itu, Bank Indonesia juga mengeluarkan kebijakan tentang penerimaan Devisa Hasil Ekspor (DHE) dan penarikan Devisa Utang Luar Negeri (DULN) yang berlaku efekti f pada awal tahun 2012. Giro Wajib Minimum Valuta Asing (GWM Valas) Kenaikan GWM valas ditujukan untuk pengelolaan likuiditas perbankan dalam menganti sipasi peningkatan kebutuhan valuta asing khususnya apabila terdapat tekanan aliran keluar modal asing yang besar atau bersamaan. Secara industri, kenaikan alat likuid dalam valuta asing yang wajib disimpan perbankan pada Bank Indonesia tersebut juga akan memperkuat stabilitas sistem keuangan. Selain itu, kenaikan GWM valas tersebut apabila diperlukan juga dapat menambah pasokan likuiditas valuta asing di dalam negeri sehingga dapat membantu upaya stabilisasi nilai tukar rupiah khususnya dan stabilitas moneter pada umumnya.",https://www.bi.go.id/id/publikasi/laporan/Pages/lpi_2011.aspx
2011,22,money_supply,140,"Kenaikan GWM valas2 pada tahun 2011 dilakukan secara bertahap, yaitu dari 1% dari DPK valuta asing 2 Peraturan Bank Indonesia Nomor13/10/PBI/2011 tanggal 9 Februari 2011 tentang Perubahan atas Peraturan Bank Indonesia Nomor 12/19/PBI/2010 tentang Giro Wajib Minimum Bank Umum pada Bank Indonesia dalam Rupiah dan Valuta Asing yang dimiliki bank menjadi 5% pada bulan Maret 2011 dan kemudian menjadi 8% pada bulan Juni 2011. Kenaikan GWM valas secara bertahap tersebut dimaksudkan untuk memberikan waktu yang cukup bagi perbankan untuk menyesuaikan pengelolaan likuiditas valuta asingnya. Peningkatan GWM valas dinilai ti dak memberatkan perbankan. Kenaikan GWM valas dari 1% menjadi 8% dilakukan pada waktu kondisi pasar valas yang mulai berlimpah, sejalan dengan derasnya aliran masuk modal asing, di samping besarnya ekses likuiditas rupiah yang dimiliki perbankan. Karenanya, kebijakan tersebut diperkirakan berdampak minimal terhadap biaya dana sehingga ti dak akan mengganggu intermediasi perbankan.",https://www.bi.go.id/id/publikasi/laporan/Pages/lpi_2011.aspx
2011,23,other,164,"Selain itu, level GWM valas sebesar 1% merupakan terendah di kawasan sehingga dikhawati rkan ti dak cukup sebagai penahan (buffer) apabila terjadi gejolak di perekonomian. Masa Endap Minimum untuk SBI (Minimum Holding Periods SBI) Kebijakan perpanjangan masa endap minimum enam bulan untuk SBI yang mulai diterapkan pada tanggal 13 Mei 2011 merupakan penguatan dari kebijakan masa endap minimum satu bulan untuk SBI yang diterapkan pada tanggal 7 Juli 2010. Evaluasi terhadap penerapan masa endap minimum satu bulan untuk SBI menunjukkan bahwa minat investor asing terhadap instrumen SBI masih ti nggi sejalan dengan masih menariknya imbal hasil dan likuidnya transaksi SBI di pasar sekunder, di tengah masih terbatasnya instrumen pasar keuangan di Indonesia. Dengan perpanjangan masa endap minimum untuk SBI, volume transaksi SBI di pasar sekunder menjadi berkurang karena investor hanya akan mampu membeli SBI dengan sisa jangka waktu lebih dari enam bulan. Dengan demikian, kebijakan ini diharapkan mampu mengurangi potensi pembalikan aliran modal asing yang dapat mengganggu stabilitas moneter dan sistem keuangan (Grafik 7.8).",https://www.bi.go.id/id/publikasi/laporan/Pages/lpi_2011.aspx
2011,24,exchange_rate,156,"Semakin berkurangnya transaksi SBI sebagai instrumen moneter di pasar sekunder ini juga diharapkan dapat mendorong transaksi non-SBI, seperti Repo SBN di pasar uang. Kebijakan masa endap minimum enam bulan untuk SBI mewajibkan pembeli SBI, baik di pasar primer maupun di pasar sekunder, memegang kepemilikan SBI yang dimilikinya selama minimal 6 bulan (182 hari). Selama periode tersebut, pemilik SBI ti dak diperbolehkan melepas kepemilikannya atas SBI baik secara outright maupun repo kepada pihak lain, kecuali kepada Bank -60 -50 -40 -30 -20 -10 50 Triliun rupiah Saham SBN SBI 1 2 3 4 5 6 7 8 9 10 11 12 1 2 3 4 5 6 7 8 9 10 11 12 Gra/f_i k 7.7 Portofolio Aliran Modal Indonesia. Kebijakan itu diberlakukan kepada pemilik SBI baik residen maupun nonresiden dan dimaksudkan agar kepemilikan SBI maupun transaksinya di pasar sekunder dapat lebih berjangka panjang. Dengan demikian, kebijakan tersebut masih konsisten dengan sistem devisa bebas yang dianut Indonesia.",https://www.bi.go.id/id/publikasi/laporan/Pages/lpi_2011.aspx
2011,25,other,121,"Sejalan dengan penerapan kebijakan masa endap minimum enam bulan untuk SBI, pangsa dan outstanding kepemilikan nonresiden cenderung turun (Grafik 7.9). Dengan pemberlakuan ketentuan tersebut, maka prakti s investor asing hanya akan membeli SBI dengan sisa jangka waktu lebih dari enam bulan sehingga sebagian besar SBI dimiliki oleh perbankan dan investor dalam negeri. Hal itu juga mengingat pembelian SBI di pasar perdana hanya dapat dilakukan oleh pihak perbankan. Selain itu, penurunan kepemilikan asing dalam SBI tersebut juga dikarenakan semakin terbatasnya pasokan SBI di pasar sejalan dengan langkah BI untuk memperpanjang jangka waktu maupun menggeser instrumen moneter ke non-SBI. Penerapan kebijakan masa endap minimum enam bulan untuk SBI menyebabkan fl eksibilitas nonresiden untuk melakukan transaksi atas SBI yang dimilikinya menjadi terbatas (Grafik 7.10).",https://www.bi.go.id/id/publikasi/laporan/Pages/lpi_2011.aspx
2011,26,growth,118,"Karenanya, SBI yang dibeli di pasar sekunder secara otomati s menjadi bersifat “hold to maturity” dan umumnya dilakukan oleh investor yang bertujuan untuk investasi (bukan spekulasi). Hal tersebut dapat mengurangi dampak buruk pembalikan modal asing dengan ti ba-ti ba atas kepemilikan dalam SBI. Kondisi tersebut tercermin pada terbatasnya aliran keluar modal asing yang bersumber dari SBI keti ka terjadi tekanan di pasar keuangan domesti k pada bulan September 2011. Kebijakan Pinjaman Luar Negeri (PKLN) Penerapan pembatasan posisi saldo harian pinjaman luar negeri jangka pendek bank ditujukan untuk memperkuat ketahanan sistem perbankan dalam menghadapi gejolak eksternal dan sekaligus sebagai bagian integral dari pengelolaan aliran modal asing yang ditempuh Bank Indonesia3. Kebijakan itu merupakan normalisasi dari kebijakan yang berlaku sebelumnya4.",https://www.bi.go.id/id/publikasi/laporan/Pages/lpi_2011.aspx
2011,27,exchange_rate,313,"Salah satu saluran dari derasnya aliran 3 Peraturan Bank Indonesia Nomor 13/7/PBI/2011 tanggal 28 Januari 2011 Tentang Perubahan Kedua Peraturan Bank Indonesia Nomor 7/1/PBI/2005 Tentang Pinjaman Luar Negeri Bank. 4 Ketentuan batasan posisi harian pinjaman luar negeri jangka pendek bank sebesar 30% (ti ga puluh perseratus) dari modal dihapus pada 14 Oktober 2008 sebagai respon kebijakan untuk mengatasi keketatan likuiditas valas domesti k dan perbankan akibat krisis global. - 100 Triliun rupiah Persen 6MHP 1MHP Posisi NonresidenPangsa Nonresiden I II III IV I II III IV Gra/f_i k 7.9 Pangsa dan Posisi Kepemilikan SBI Nonresiden 25 30 31 33 29 37 0 1 2 1 9 13 5 39 15 61 60 53 39 22 9 - 100 Triliun rupiah SBI-Nonresiden Dapat Ditransaksikan SBI-Nonresiden dalam Masa MHP 1 2 3 4 5 6 7 8 9 10 11 12 1 2 3 4 5 6 7 8 9 10 11 12 Gra/f_i k 7.10 SBI Nonresiden yang Tersedia untuk Dijual 6.000 7.000 8.000 9.000 10.000 11.000 12.000 13.000 100 Rp/$Triliun rupiah SBI Nonresiden Nilai Tukar (skala kanan) I II III IV I II III IV Gra/f_i k 7.8 Kepemilikan Asing di SBI dan Nilai Tukar Rupiah masuk modal asing ke Indonesia dilakukan melalui peningkatan pinjaman luar negeri jangka pendek yang diterima perbankan, termasuk rekening giro (vostro) dan instrumen pinjaman luar negeri jangka pendek lainnya. Dari sisi aktiva peningkatan pinjaman luar negeri tersebut menambah likuiditas valuta asing di dalam negeri, namun dari sisi pasiva juga meningkatkan kewajiban valuta asing dan karenanya meningkatkan eksposur perbankan terhadap risiko gejolak eksternal. Risiko ini semakin penting untuk dikendalikan karena jangka waktu pinjaman tersebut yang pendek dan cenderung fluktuatif. Dengan pertimbangan ini, pembatasan tersebut merupakan upaya untuk: (1) menerapkan prinsip kehati-hatian (macroprudential) dalam mengelola pinjaman luar negeri jangka pendek bank; (2) mendorong pinjaman luar negeri bank ke arah jangka panjang; dan (3) mendukung pencapaian stabilitas makro dan sistem keuangan.",https://www.bi.go.id/id/publikasi/laporan/Pages/lpi_2011.aspx
2011,28,credit,164,"Pada awal implementasi ketentuan tersebut, apabila bank memiliki saldo harian pinjaman luar negeri jangka pendek melebihi 30%, maka bank tidak dapat menambah saldo tersebut dan harus menurunkan posisi saldo harian pinjaman luar negeri jangka pendeknya menjadi paling tinggi 30% paling lama 3 (tiga) bulan terhitung sejak tanggal berlakunya ketentuan tersebut. Selanjutnya, setiap bank wajib menjaga posisi saldo harian pinjaman luar negeri jangka pendeknya paling tinggi 30% dari modal bank. Bank yang melanggar ketentuan tersebut akan dikenakan sanksi kewajiban membayar sebesar 1% (satu per seratus) pertahun dari jumlah kelebihan per hari. Kewajiban Penerimaan Devisa Melalui Bank Dalam Negeri Peraturan Bank Indonesia5 yang mewajibkan penerimaan devisa hasil ekspor (DHE) dan penarikan devisa utang luar negeri (DULN) melalui bank devisa di dalam negeri ditujukan untuk memperkuat secara struktural pasokan devisa untuk mendukung stabilitas makro dan pembiayaan perekonomian. Kebijakan tersebut didasarkan pada pertimbangan bahwa selama ini keseimbangan pasar valas domestik masih bergantung pada pasokan valas yang bersumber dari aliran masuk modal asing, termasuk dalam bentuk portofolio jangka pendek.",https://www.bi.go.id/id/publikasi/laporan/Pages/lpi_2011.aspx
2011,29,exchange_rate,129,"Pada saat bersamaan, sebagian DHE dan DULN tersebut masih diterima 5 Ketentuan ini diatur dalam Peraturan Bank Indonesia Nomor: 13/20/PBI/2011 Tentang Penerimaan Devisa Hasil Ekspor dan Penarikan Devisa Utang Luar Negeri yang mulai berlaku berlaku sejak tanggal 2 Januari 2012. dan disimpan di perbankan luar negeri. Kondisi ini menyebabkan pasokan di pasar valas domestik dan perkembangan nilai tukar rupiah rentan terhadap fluktuasi aliran masuk portfolio asing tersebut. Rupiah cenderung sangat menguat pada waktu aliran portofolio asing sangat deras, dan sebaliknya melemah tajam ketika terjadi pembalikan modal asing. Selain itu, dengan sebagian DHE dan DULN yang masih disimpan di luar negeri tersebut, ketersediaan pembiayaan dalam bentuk valuta asing bagi perekonomian nasional menjadi belum optimal. Kebijakan lalu lintas devisa yang dikeluarkan Bank Indonesia tersebut berlaku efektif mulai tanggal 2 Januari 2012.",https://www.bi.go.id/id/publikasi/laporan/Pages/lpi_2011.aspx
2011,30,credit,165,"Dalam kaitan ini, seluruh DHE wajib dimasukkan oleh eksportir ke bank devisa dalam negeri paling lambat 6 (enam) bulan setelah tanggal Pemberitahuan Ekspor Barang (PEB). Sementara itu, setiap DULN wajib ditarik oleh debitur melalui bank devisa dalam negeri. Kewajiban DULN ini berlaku bagi DULN yang berbentuk dana tunai yang berasal dari ULN berdasarkan perjanjian kredit (loan agreement) dalam bentuk non-revolving yang tidak digunakan untuk refinancing; selisih fasilitas refinancing dengan jumlah ULN lama; dan ULN berdasarkan surat utang (debt securities) dalam bentuk Bonds, Medium Term Notes (MTN), Floating Rate Notes (FRN), Promissory Notes(PN), dan Commercial Paper (CP). Bagi eksportir dan atau debitur yang tidak memenuhi kewajiban tersebut dapat dikenakan sanksi berupa sanksi administratif dan sanksi penangguhan atas pelayanan ekspor bekerja sama dengan otoritas yang berwenang di bidang kepabeanan. Dengan adanya kebijakan tersebut, dana valuta asing yang berasal dari DHE dan DULN diharapkan dapat memperkuat pasokan sumber dana valuta asing yang lebih permanen dan stabil bagi perekonomian nasional, dibandingkan dengan dana yang berasal dari aliran portofolio asing.",https://www.bi.go.id/id/publikasi/laporan/Pages/lpi_2011.aspx
2011,31,exchange_rate,136,"Tambahan pasokan valuta asing dari DHE dan DULN tersebut akan memperkuat keseimbangan di pasar valas domestik sehingga mendukung stabilitas perkembangan nilai tukar rupiah, di samping akan meningkatkan ketersediaan pembiayaan dalam bentuk valuta asing bagi perekonomian nasional. Aktivitas transaksi devisa perbankan domestik dalam melayani eksportir dan korporasi terkait dengan perdagangan, pinjaman, investasi maupun pengelolaan dana valuta asing juga diharapkan akan meningkat dengan kebijakan tersebut. Selain itu, kebijakan tersebut juga ditujukan untuk meningkatkan kualitas statistik ekspor, impor, utang luar negeri, neraca pembayaran (balance of payment) dan pemantauan devisa sehingga mendukung kebijakan moneter maupun kebijakan perpajakan dan kepabeanan. Ketentuan terkait DHE dan DULN tersebut masih sejalan dengan sistem devisa bebas yang dianut Indonesia sesuai dengan UU No. 24 tahun 1999 tentang Lalu Lintas Devisa dan Sistem Nilai Tukar, yaitu seti ap penduduk dapat dengan bebas memiliki dan menggunakan devisa.",https://www.bi.go.id/id/publikasi/laporan/Pages/lpi_2011.aspx
2011,32,credit,123,"Kebijakan ini ti dak mewajibkan eksporti r dan debitur untuk menyimpan DHE dan DULN tersebut di perbankan dalam negeri dan/atau mengkonversikannya ke mata uang rupiah. MENINGKATKAN FUNGSI INTERMEDIASI PERBANKAN Peningkatan fungsi intermediasi perbankan berperan penti ng dalam memperkuat efekti vitas kebijakan moneter maupun peran dan ketahanan perbankan bagi perekonomian nasional (Grafik 7.11). Berbagai kebijakan Bank Indonesia di bidang ini ditempuh melalui peningkatan dari sisi sumber maupun penyaluran dana perbankan. Dari sisi sumber dana, peningkatan pengumpulan dana perbankan dilakukan dengan memperluas cakupan deposan dan meningkatkan akses masyarakat kepada insti tusi perbankan. Sedangkan dari sisi penyaluran dana, penguatan dilakukan dengan meningkatkan transparansi antara pihak perbankan dengan masyarakat melalui publikasi suku bunga dasar kredit, memberikan insenti f bagi perbankan yang menyalurkan kredit dan meningkatkan kualitas kredit.",https://www.bi.go.id/id/publikasi/laporan/Pages/lpi_2011.aspx
2011,33,credit,137,"Kebijakan GWM dikaitkan dengan Loan to Deposit Rati o (GWM LDR) Kebijakan GWM LDR dimaksudkan untuk meningkatkan penyaluran kredit perbankan sesuai dengan siklus perekonomian dengan tetap menjaga prinsip kehati - hati an. Selama ini, terdapat kecenderungan sejumlah bank yang mobilisasi dananya sangat besar tetapi lebih banyak ditempatkan pada berbagai aset keuangan, termasuk dalam instrumen moneter Bank Indonesia, dan kurang berminat dalam penyaluran kredit sehingga LDR sangat rendah. Sementara terdapat pula sejumlah bank yang terlalu agresif dalam penyaluran kredit tetapi ti dak didukung dengan kemampuan mobilisasi dana yang memadai sehingga LDR sangat ti nggi. Pada saat bersamaan, terdapat pula perilaku bank yang cenderung berlebihan dalam penyaluran kredit pada saat kegiatan ekonomi meningkat dan sebaliknya terlalu ketat pada waktu terjadi perlambatan ekonomi (pro- cyclical). Dengan perti mbangan tersebut, pada bulan Maret 2011 Bank Indonesia mulai memberlakukan ketentuan GWM LDR6.",https://www.bi.go.id/id/publikasi/laporan/Pages/lpi_2011.aspx
2011,34,credit,120,"Kebijakan ini ditempuh sebagai suatu mekanisme pemberian insenti f untuk mendorong penyaluran kredit perbankan dalam suatu kisaran LDR yang dinilai opti mal sesuai dengan prinsip kehati -hati an. Dengan penerapan kebijakan GWM LDR tersebut, maka penetapan GWM dalam rupiah mencakup: GWM Primer sebesar 8%, GWM Sekunder sebesar 2,5%, dan persentase tertentu GWM LDR sesuai dengan pencapaian LDR bank. Ketentuan GWM LDR ditujukan untuk mendorong perbankan agar mencapai LDR dalam kisaran yang opti mal sebesar 78%-100%. Bank yang memiliki LDR dalam kisaran tersebut diberikan insenti f sehingga ti dak terkena kewajiban untuk menambah GWM. Bank hanya diizinkan untuk mencapai level LDR diatas 100% apabila didukung oleh ti ngkat permodalan yang memadai yaitu memenuhi ketentuan Kewajiban Penyediaan Modal Minimum (KPMM) sebesar 14%.",https://www.bi.go.id/id/publikasi/laporan/Pages/lpi_2011.aspx
2011,35,credit,221,"Sebaliknya, bank yang memiliki level LDR di bawah 78% atau diatas 100% namun ti dak memenuhi ketentuan KPMM terkena kewajiban untuk menambah GWM sebagai mekanisme disinsenti f karena kurang opti mal dalam penyaluran kreditnya. Besarnya tambahan GWM merupakan hasil perkalian antara selisih LDR Bank dengan batas LDR Target, DPK dalam rupiah, dan suatu parameter disinsenti f tertentu. 6 Peraturan Bank Indonesia Nomor No.12/19/PBI/2010 tanggal 4 Oktober 2010 tentang Giro Wajib Minimum Bank Umum pada Bank Indonesia dalam Rupiah dan Valuta Asing Persen LDR Industri September 2010 Maret 2011 Target LDR : 78% - 100% I II III IV I II III IV Gra/f_i k 7.11 Perkembangan Fungsi Intermediasi Perbankan Peningkatan transparansi dan kualitas kredit Kebijakan Bank Indonesia untuk peningkatan transparansi dan kualitas kredit dilakukan melalui kewajiban publikasi suku bunga kredit dan koordinasi dengan Pemerintah dalam penyaluran kredit perbankan. Bank Indonesia mewajibkan perbankan untuk mengumumkan informasi Suku Bunga Dasar Kredit (SBDK)7 mulai tanggal 31 Maret 2011 melalui papan pengumuman di seti ap kantor bank, halaman utama website bank, dan surat kabar bersamaan dengan publikasi laporan keuangan triwulanan. Tujuan dari kebijakan ini adalah untuk meningkatkan transparansi mengenai karakteristi k produk perbankan termasuk manfaat, biaya dan risikonya untuk memberikan kejelasan kepada nasabah, sekaligus untuk meningkatkan good governance dan mendorong persaingan yang sehat dalam industri perbankan melalui terciptanya disiplin pasar (market discipline) yang lebih baik.",https://www.bi.go.id/id/publikasi/laporan/Pages/lpi_2011.aspx
2011,36,credit,162,"Sementara itu, untuk mendorong fungsi intermediasi pada sektor-sektor tertentu, Bank Indonesia melakukan kerjasama dengan sejumlah instansi Pemerintah terkait, seperti Kementerian Perikanan dan Kelautan, Kementerian Tenaga Kerja dan Transmigrasi, dan Kementerian Usaha Kecil dan Menengah. Hal ini ditujukan untuk mensinergikan program masing-masing pihak dan sekaligus untuk menjembatani perbankan dengan pelaku usaha. Dari upaya-upaya ini diharapkan pembiayaan kredit dapat lebih opti mal dan berkualitas. /seven.taboldstyle./three.taboldstyle Komunikasi Kebijakan Moneter Penerapan bauran kebijakan moneter dan makroprudensial telah diperkuat dengan strategi komunikasi yang terarah dan berkesinambungan untuk pembentukan ekspektasi para pelaku ekonomi. Intensitas komunikasi kebijakan moneter menjadi semakin diperlukan dengan meningkatnya akti vitas perekonomian nasional di tengah ti ngginya keti dakpasti an ekonomi dan keuangan global. Para pelaku ekonomi dan masyarakat perlu terus diberikan informasi yang memadai mengenai perkembangan dan prospek perekonomian nasional, termasuk dampak dari keti dakpasti an ekonomi dan keuangan global, serta dasar perti mbangan dan arah kebijakan yang ditempuh 7 SE No.13/5/DPNP tanggal 8 Februari 2011 perihal Transparansi Informasi Suku Bunga Dasar Kredit (SBDK).",https://www.bi.go.id/id/publikasi/laporan/Pages/lpi_2011.aspx
2011,37,exchange_rate,112,"Informasi lebih lengkap dapat dibaca pada publikasi Kajian Stabilitas Keuangan, Maret 2011. Bank Indonesia. Komunikasi kebijakan moneter yang intensif berperan sangat penti ng ti dak saja untuk memperkuat keyakinan pelaku pasar atas terjaganya stabilitas moneter dan sistem keuangan, tetapi juga untuk meningkatkan efekti vitas kebijakan moneter dan pembentukan ekspektasi masyarakat mengenai arah perkembangan ekonomi ke depan, termasuk langkah- langkah Bank Indonesia dalam pengendalian infl asi dan stabilisasi nilai tukar rupiah. Berbagai langkah ditempuh Bank Indonesia untuk memperkuat strategi komunikasi kebijakan moneter. Seti ap keputusan kebijakan moneter yang ditempuh Bank Indonesia dalam Rapat Dewan Gubernur (RDG) bulanan yang telah terjadwal diumumkan segera setelah keputusan itu diambil baik melalui siaran pers atau konferensi pers.",https://www.bi.go.id/id/publikasi/laporan/Pages/lpi_2011.aspx
2011,38,monetary_policy,158,"Cakupan isi dari siaran pers juga diperkuat dengan penjelasan ti dak saja mengenai dasar perti mbangan yang melandasi respon kebijakan yang ditempuh, tetapi juga mengenai arah perkembangan ekonomi dan respon kebijakan Bank Indonesia ke depan. Langkah serupa juga dilakukan untuk seti ap kebijakan baru yang ditempuh Bank Indonesia. Strategi komunikasi kebijakan moneter juga diperkuat melalui pertemuan ruti n dengan pengamat ekonomi dan pelaku pasar maupun penjelasan kepada para investor dalam dan luar negeri secara langsung dan melalui teleconference. Selain itu, publikasi Tinjauan Kebijakan Moneter secara bulanan dan Laporan Kebijakan Moneter secara triwulanan melalui web- site Bank Indonesia maupun publikasi cetak juga disempurnakan dengan pemilihan tema yang tepat sehingga dapat membentuk ekspektasi publik. Upaya lain yang ditempuh adalah publikasi melalui web-site Bank Indonesia pidato Dewan Gubernur pada berbagai acara serta penerbitan tulisan-tulisan di media massa untuk menambah wawasan publik dalam memahami kebijakan Bank Indonesia. /seven.taboldstyle./four.taboldstyle Protokol Manajemen Krisis (PMK) Bank Indonesia telah membangun dan mengimplementasikan Protokol Manajemen Krisis (PMK)8.",https://www.bi.go.id/id/publikasi/laporan/Pages/lpi_2011.aspx
2011,39,global,151,"Pengalaman selama ini menunjukkan bahwa perekonomian Indonesia ti dak bisa sepenuhnya terbebas dari risiko yang dapat mengarah padaterjadinya suatu krisis. Meskipun berbagai 8 Informasi lebih lengkap dapat dibaca pada boks 7.1 Protokol Manajemen Krisis Bank Indonesia. kebijakan telah ditempuh untuk memperkuat ketahanan perekomian nasional, sejumlah perkembangan dapat menimbulkan tekanan dan kerentanan baik dari dalam negeri (seperti kebijakan BBM atau kegagalan suatu bank) maupun dari eksternal (seperti pembalikan modal asing secara ti ba-ti ba dan dalam jumlah besar). Sejak krisis global tahun 2008, sumber kerentanan dari sisi eksternal semakin ti nggi dan penuh keti dakpasti an. Pengalaman pada semester II 2011 menunjukkan bagaimana memburuknya keti dakpasti an ekonomi global telah menimbulkan dampak rambatan (spillover effects) berupa pembalikan modal asing dalam jumlah relati f besar yang meningkatkan tekanan pelemahan rupiah dan risiko instabilitas moneter dan sistem keuangan Indonesia. Lebih dari itu, risiko-risiko tersebut sering ti dak dapat diduga dan diperkirakan secara tepat sebelumnya.",https://www.bi.go.id/id/publikasi/laporan/Pages/lpi_2011.aspx
2011,40,exchange_rate,103,"Karena itu, langkah yang tepat adalah senanti asa meningkatkan kewaspadaan dengan mengidenti fk asi sumber-sumber kerentanan tersebut serta membangun suatu mekanisme untuk pencegahan dan penanganan krisis. PMK pada dasarnya merupakan suatu kerangka dan mekanisme yang baku dan terintegrasi dalam rangka pencegahan dan penanganan krisis. Di dalamnya diatur mengenai indikator kerentanan yang dapat menimbulkan suatu krisis, penetapan kondisi tekanan, mekanisme pengambilan keputusan, dan organisasi yang terkait. Secara nasional, PMK tersebut terbagi ke dalam bagian-bagian sesuai dengan area dimana krisis dapat terjadi. Dalam kaitan ini, Bank Indonesia lebih fokus pada PMK yang terkait dengan krisis nilai tukar dan krisis perbankan yang menjadi kewenangan Bank Indonesia.",https://www.bi.go.id/id/publikasi/laporan/Pages/lpi_2011.aspx
2011,41,credit,116,"Sementara itu, Pemerintah membangun PMK yang terkait dengan krisis pasar keuangan, krisis fiskal, dan krisis lembaga keuangan bukan bank. Koordinasi yang erat juga dilakukan antara Bank Indonesia dan Pemerintah untuk mensinkronkan PMK yang menjadi kewenangannya masing-masing. Koordinasi yang erat antar lembaga/instansi diperlukan untuk membangun PMK Nasional yang menyeluruh dan terintegrasi, sekaligus untuk memperkuat landasan hukumnya. Beberapa elemen protokol koordinasi terkait dengan sektor keuangan telah dituangkan dalam Undang-Undang tentang Otoritas Jasa Keuangan (OJK) melalui Forum Koordinasi Stabilitas Sistem keuangan (FKSSK) yang anggotanya adalah Kementrian Keuangan, Bank Indonesia, OJK dan Lembaga Penjamin Simpanan (LPS). Akan tetapi koordinasi bagian-bagian PMK yang lain dan integrasinya ke dalam PMK Nasional, termasuk mekanisme pengambilan keputusan dan pembiayaan yang mungkin diperlukan, belum dilakukan.",https://www.bi.go.id/id/publikasi/laporan/Pages/lpi_2011.aspx
2011,42,monetary_policy,149,"Salah satu langkah yang dapat ditempuh adalah mengintegrasikan PMK Nasional tersebut ke dalam kerangka kerja Jaring Pengaman Sektor Keuangan (JPSK) yang tengah disiapkan Pemerintah. Rancangan Undang-Undang JPSK tersebut merupakan landasan hukum untuk melakukan koordinasi antar otoritas/lembaga di sektor keuangan. Sementara itu, sambil menunggu proses RUU JPSK tersebut, Bank Indonesia, Kementerian Keuangan dan LPS telah menyepakati nota kesepahaman sebagai acuan dalam mekanisme koordinasi pencegahan dan penanganan krisis yang menjadi kewenangan masing- masing. /seven.taboldstyle./five.taboldstyle Evaluasi Pelaksanaan Kebijakan Moneter Penerapan bauran kebijakan moneter dan makroprudensial yang ditempuh Bank Indonesia sejak tahun 2010 dan diperkuat tahun 2011 dimaksudkan untuk meningkatkan efekti vitas kebijakan moneter dalam memengaruhi kegiatan perekonomian dan pengendalian infl asi. Pengalaman di Indonesia menunjukkan pelaksanaan kebijakan moneter dalam kondisi ekses likuiditas yang sangat besar dan aliran masuk modal asing yang deras menjadi semakin kompleks. Kebijakan moneter yang hanya bertumpu pada bekerjanya saluran transmisi suku bunga ti dak selalu berjalan efekti f.",https://www.bi.go.id/id/publikasi/laporan/Pages/lpi_2011.aspx
2011,43,monetary_policy,140,"Dalam kondisi demikian, besarnya ekses likuiditas memerlukan kenaikan suku bunga yang ti nggi dan akan mendorong semakin derasnya aliran masuk modal asing yang justru menyebabkan semakin besarnya ekses likuiditas tersebut. Dengan bauran kebijakan moneter dan makroprudensial, efekti vitas kebijakan moneter melalui saluran transmisi suku bunga dapat diperkuat dengan sejumlah kebijakan yang dapat meningkatkan bekerjanya saluran transmisi moneter yang lain, baik saluran nilai tukar, uang beredar, kredit, harga aset keuangan, maupun ekspektasi. Ekses likuiditas di Indonesia masih relati f ti nggi dan cenderung meningkat. Di samping akumulasi ekses likuiditas pada periode sebelumnya, besarnya pasokan likuditas itu didorong oleh derasnya aliran modal asing masuk di tengah ekspansi keuangan Pemerintah. Sebagai gambaran, rasio likuiditas perbankan Indonesia selama dua tahun sejak terjadinya krisis global (2008- 2009) rata-rata sekitar 15% dari DPK, terus meningkat menjadi sekitar 19% pada 2010 dan 20% pada 2011 (Grafik 7.12).",https://www.bi.go.id/id/publikasi/laporan/Pages/lpi_2011.aspx
2011,44,growth,93,"Sementara itu, pertumbuhan ekonomi pada tahun 2011 yang lebih ti nggi masih belum mampu secara opti mal menyerap tambahan ekses likuiditas tersebut. Base money, sebagai proksi dari permintaan likuiditas, selama tahun 2011 meningkat dari Rp518 triliun menjadi Rp613 triliun. Akumulasi pasokan likuiditas yang jauh melebihi permintaan perekonomian tersebut telah menyebabkan semakin besarnya ekses likuiditas perbankan Indonesia. Di tengah kondisi likuiditas perbankan yang masih berlebih, strategi operasi moneter diarahkan pada opti malisasi pengelolaan likuiditas ke arah jangka panjang. Dalam kaitan ini, Bank Indonesia telah melakukan beberapa langkah penyempurnaan untuk lebih memperkuat pelaksanaan operasi moneter.",https://www.bi.go.id/id/publikasi/laporan/Pages/lpi_2011.aspx
2011,45,monetary_policy,96,"Penerbitan instrumen moneter diarahkan ke tenor yang lebih panjang, sementara instrumen moneter jangka pendek semakin terbatas. Upaya penyerapan likuiditas melalui operasi moneter berdampak pada posisi OPT yang meningkat. Selama tahun 2011, posisi OPT meningkat sebesar Rp19 triliun menjadi Rp505 triliun dibandingkan dengan posisi pada akhir tahun 2010. Penyerapan likuiditas tersebut sebagian besar berbentuk Term Deposit yang pada akhir tahun 2010 tercatat Rp172,6 triliun meningkat hingga pertengahan tahun dan kemudian turun menjadi Rp154,4 triliun pada akhir tahun 2011. Sementara itu, posisi SBI 9 bulan turun menjadi Rp123,2 triliun dari posisi pada akhir tahun 2010 sebesar Rp203,1 triliun.",https://www.bi.go.id/id/publikasi/laporan/Pages/lpi_2011.aspx
2011,46,monetary_policy,89,"Dominasi penggunaan SBI dalam operasi moneter semakin berkurang sejalan dengan upaya untuk mendorong penggunaan instrumen moneter lainnya sekaligus pendalaman pasar keuangan. Rata-rata pangsa SBI dalam operasi moneter turun menjadi 38% dibandingkan dengan posisi pada akhir tahun 2010 sebesar 71%. Kondisi ini sejalan dengan langkah Bank Indonesia untuk meningkatkan peran Term Deposit dan Reverse Repurchase SBN (RR-SBN) sebagai instrumen moneter (Grafik 7.13). Peran instrumen moneter Term Deposit (TD) dalam operasi moneter terus meningkat. Dibandingkan dengan kondisi pada tahun 2010, rata-rata pangsa TD dalam operasi moneter meningkat menjadi 40% dari 18%.",https://www.bi.go.id/id/publikasi/laporan/Pages/lpi_2011.aspx
2011,47,monetary_policy,97,"Adanya penyesuaian terhadap karakteristi k TD9 menyebabkan minat perbankan untuk menempatkan likuiditasnya di instrumen tersebut meningkat. Sejalan dengan penggunaan TD yang lebih besar dan strategi perpanjangan profil jatuh waktu instrumen moneter, tenor instrumen TD yang digunakan dalam operasi moneter juga semakin panjang. Sepanjang semester I 2011, penggunaan TD masih didominasi oleh TD dengan tenor di bawah 6 bulan (sekitar 93%). Namun, pada akhir tahun 2011, sebagian besar (sekitar 60%) TD yang digunakan dalam operasi moneter memiliki tenor yang lebih panjang, yaitu 6 bulan. Penggunaan instrumen moneter RR-SBN dalam operasi moneter juga meningkat, meski masih relati f terbatas.",https://www.bi.go.id/id/publikasi/laporan/Pages/lpi_2011.aspx
2011,48,exchange_rate,168,"Pelaksanaan operasi moneter dengan menggunakan instrumen RR-SBN mulai sering digunakan sejak semester II 2011 seiring dengan peningkatan pembelian SBN di pasar sekunder oleh Bank Indonesia dalam rangka stabilisasi nilai tukar rupiah. Rata-rata pangsa 9 Salah satu bentuk penyesuaianialah instrumen TD dapat ditebus kepada Bank Indonesia sebelum jatuh tempo. Penyesuaian tersebut berlaku sejak bulan Mei 2011. Rasio Likuiditas Perbankan Januari 1995 - Agustus 1998: 4,6 (sebelum krisis) Persen Rata-rata 2011: 20,3% September 1998 - Desember2009: 15,3% Rata-rata 2010: 19,4% III IV I II III IV Gra/f_i k 7.12 Rasio Ekses Likuiditas Perbankan - OPT Total SBI TD RR SBN DF O/N Triliun rupiah 1 2 3 4 5 6 7 8 9 10 11 12 1 2 3 4 5 6 7 8 9 10 11 12 Gra/f_i k 7.13 Penggunaan Berbagai Instrumen Moneter RR-SBN dalam operasi moneter meningkat menjadi 6% dibandingkan dengan rata-rata pada tahun 2010 sebesar 1%. Penggunaan instrumen moneter RR-SBN yang semakin besar diharapkan dapat mendorong pendalaman pasar keuangan sejalan dengan peran SBN yang semakin bervariasi.",https://www.bi.go.id/id/publikasi/laporan/Pages/lpi_2011.aspx
2011,49,money_supply,134,"Diti njau dari jangka waktunya, pangsa instrumen moneter dengan tenor yang lebih panjang meningkat sejalan dengan strategi opti malisasi pengelolaan likuiditas (Grafik 7.14). Rata-rata penempatan likuiditas perbankan pada instrumen moneter untuk tenor yang lebih panjang dari 6 bulan meningkat menjadi 53% dibandingkan dengan kondisi pada tahun 2010 yang hanya sekitar 20%. Upaya untuk mendorong lebih lanjut pengelolaan likuiditas melalui instrumen moneter dengan tenor yang lebih panjang menjadi lebih sulit pada semester II 2011. Seiring dengan keti dakpasti an ekonomi global yang meningkat, serta ekspansi kredit yang semakin ti nggi, maka meningkatnya kebutuhan berjaga-jaga menyebabkan preferensi perbankan untuk menempatkan likuiditasnya pada instrumen moneter jangka pendek masih ti nggi. Fasilitas simpanan ON di Bank Indonesia sebagai instrumen untuk memenuhi kebutuhan likuiditas perbankan jangka pendek meningkat menjadi Rp170 triliun dibandingkan dengan akhir tahun 2010 sebesar Rp101,3 triliun.",https://www.bi.go.id/id/publikasi/laporan/Pages/lpi_2011.aspx
2011,50,monetary_policy,139,"Besarnya penempatan likuiditas perbankan pada tenor jangka pendek mendorong penurunan suku bunga PUAB ON. Suku bunga PUAB On yang selama semester I 2011 masih bergerak di sekitar BI Rate kemudian turun menjadi lebih rendah dari BI Rate dan cenderung mengarah pada batas bawah koridor suku bunga operasi moneter Bank Indonesia. Secara keseluruhan rata-rata suku bunga PUAB ON pada tahun 2011 turun sekitar 39 bps menjadi 5,65% (Grafik 7.15). Perkembangan suku bunga PUAB ON yang bergerak pada batas bawah koridor suku bunga operasi moneter masih dapat ditolerir seiring dengan besarnya kebutuhan likuiditas untuk berjaga- jaga oleh perbankan. Rendahnya suku bunga PUAB ON tersebut juga sejalan dengan sinyal kebijakan moneter akomodati f yang ditempuh Bank Indonesia sejak semester II 2011 sehingga diharapkan dapat mendorong penurunan suku bunga dan meningkatkan kredit perbankan yang diperlukan untuk memberikan sti mulus pada perekonomian domesti k.",https://www.bi.go.id/id/publikasi/laporan/Pages/lpi_2011.aspx
2011,51,monetary_policy,104,"Kondisi pasar uang juga relati f stabil. Penurunan suku bunga PUAB ON diikuti dengan selisih antara suku bunga PUAB ON terti nggi dan terendah yang relati f kecil dan ti dak banyak berubah. Rata-rata selisih antara suku bunga PUAB ON terti nggi dan terendah pada tahun 2011 tercatat sebesar 0,22% relati f sama dengan kondisi pada tahun 2010 sebesar 0,24%. Stabilnya pasar uang tersebut tersebut sangat dipengaruhi oleh kondisi ekses likuiditas yang terjadi di perbankan. Keti ka terjadi tekanan di pasar keuangan akibat senti men negati f global pada bulan September 2011, selisih suku bunga PUAB ON sempat meningkat mencapai 0,55%, namun kembali turun.",https://www.bi.go.id/id/publikasi/laporan/Pages/lpi_2011.aspx
2011,52,monetary_policy,220,"Secara bulanan, rata-rata selisih suku bunga PUAB ON pada bulan September relati f terjaga mencapai 0,12% dibandingkan dengan bulan Agustus 2011 sebesar 0,16% (Grafik 7.16). Sejalan dengan penurunan suku bunga PUAB ON, suku bunga PUAB untuk tenor yang lebih panjang juga menjadi lebih rendah. Besarnya penurunan suku bunga PUAB untuk tenor lebih panjang cenderung lebih besar Persen 9 bln 6 bln 4 - 5 bln 1 - 3 bln O/N 1 2 3 4 5 6 7 8 9 10 11 12 1 2 3 4 5 6 7 8 9 10 11 12 Gra/f_i k 7.14 Komposisi Instrumen Moneter Berdasarkan Maturitas - Posisi Fasilitas Simpanan ON (Skala Kanan) BI Rate Suku bunga PUAB O/N Suku bunga pinjaman Suku bunga DF O/N Persen Triliun rupiah 1 2 3 4 5 6 7 8 9 10 11 12 1 2 3 4 5 6 7 8 9 10 11 12 Gra/f_i k 7.15 Suku Bunga PUAB ON dan Instrumen Moneter dibandingkan dengan penurunan suku bunga PUAB ON (Grafik 7.17). Rata-rata volume transaksi PUAB selama tahun 2011 meningkat dibandingkan dengan tahun 2010 di tengah upaya Bank Indonesia untuk mendorong transaksi di pasar uang melalui pelebaran koridor suku bunga. Pada tahun 2011, rata-rata volume transaksi PUAB sebesar Rp11 triliun atau sedikit meningkat dibandingkan dengan rata-rata pada tahun 2010 sebesar Rp9,5 triliun (Grafik 7.18).",https://www.bi.go.id/id/publikasi/laporan/Pages/lpi_2011.aspx
2011,53,money_supply,94,"Besarnya ekses kondisi likuiditas perbankan menyebabkan peningkatan volume transaksi di pasar uang antar bank relati f terbatas. Suku bunga perbankan juga menunjukkan tren yang menurun. Sejalan dengan BI rate yang lebih rendah, suku bunga simpanan dan kredit juga tercatat menurun. Sepanjang tahun 2011, suku bunga deposito turun 48 bps menjadi 6,35%, sementara suku bunga kredit turun 43 bps menjadi 12,78% (Grafik 7.19). Selain dipengaruhi oleh BI Rate yang lebih rendah, penurunan suku bunga kredit terindikasi juga dipengaruhi oleh kewajiban transparansi suku bunga dasar kredit (SBDK) perbankan yang diterapkan Bank Indonesia sejak awal tahun 2011.",https://www.bi.go.id/id/publikasi/laporan/Pages/lpi_2011.aspx
2011,54,monetary_policy,283,"Suku bunga Kredit Modal Kerja (KMK), Kredit Investasi (KI) dan Kredit Konsumsi (KK) masing-masing turun 67 bps, 24 bps dan 38 bps menjadi 12,16%, 12,04% dan 14,15% dibandingkan dengan posisi pada akhir tahun 2010 (Grafik 7.20). Dengan perkembangan tersebut, rata-rata selisih suku bunga kredit terhadap simpanan selama tahun 2011 turun menjadi 6,25% dibandingkan dengan 6,85% pada tahun 2010. Meskipun demikian, spread suku bunga tersebut dinilai masih ti nggi sehingga mencerminkan kinerja efisiensi perbankan yang belum 0,0 0,5 1,0 1,5 Selisih suku bunga PUAB O/N maks-min Rata rata bergerak 20 hari (selisih suku bunga PUAB O/N maks-min) Persen 1 2 3 4 5 6 7 8 9 10 11 12 1 2 3 4 5 6 7 8 9 10 11 12 Gra/f_i k 7.16 Selisih Suku Bunga PUAB ON Tertinggi Terendah 5,6 5,6 5,8 5,9 6,1 6,3 6,5 5,9 6,1 6,3 6,5 6,9 6,9 5,1 5,1 5,2 5,4 6,0 5,6 4,6 4,6 4,6 4,7 4,8 4,9 4,0 4,5 5,0 5,5 6,0 6,5 7,0 7,5 O/N 2-4 Hari 1 Minggu 2 Minggu 3 Minggu 1 Bulan 2 Bulan Desember 2010 Juli 2011 Oktober 2011 Desember 2011 Persen Gra/f_i k 7.17 Struktur Suku Bunga PUAB O/N 2008 2009 2010 2011 1 2 3 4 5 6 7 8 9 10 11 12 Triliun rupiah Gra/f_i k 7.18 Volume PUAB Selisih(Skala Kanan) Suku Bunga Kredit Suku Bunga Deposito BI rate Persen Persen I II III IV I II III IV Gra/f_i k 7.19 Suku Bunga Perbankan membaik dan masih mengganggu efekti vitas transmisi kebijakan moneter. Pertumbuhan simpanan dan kredit tercatat lebih ti nggi dibandingkan dengan tahun 2010. Dana pihak keti ga (DPK) selama tahun 2011 tumbuh 19,0% relati f stabil dibandingkan dengan tahun 2010 sebesar 18,5%.",https://www.bi.go.id/id/publikasi/laporan/Pages/lpi_2011.aspx
2011,55,monetary_policy,99,"Pertumbuhan simpanan masyarakat tersebut antara lain dipengaruhi oleh adanya kebijakan keuangan inklusif yang ditujukan untuk memperluas akses masyarakat ke perbankan di tengah suku bunga simpanan yang menurun. Sementara itu, sejalan dengan suku bunga kredit yang lebih rendah dan akti vitas perekonomian yang meningkat, pertumbuhan kredit (ti dak termasuk channeling) pada tahun 2011 meningkat menjadi 24,9% dibandingkan dengan pertumbuhan pada tahun 2010 sebesar 22,1% (Grafik 7.21). Peningkatan kredit perbankan juga didorong oleh penerapan kebijakan GWM LDR. Dengan demikian, bauran kebijakan penurunan suku bunga dan kebijakan makroprudensial mampu memperkuat transmisi kebijakan moneter melalui jalur kredit perbankan. Perkembangan likuiditas perekonomian menunjukkan peningkatan.",https://www.bi.go.id/id/publikasi/laporan/Pages/lpi_2011.aspx
2011,56,money_supply,211,"M1 tercatat tumbuh 19,4% atau lebih ti nggi dibandingkan dengan pertumbuhan pada tahun 2010 sebesar 17,4% (Grafik 7.22). Di samping peningkatan permintaan uang beredar dari masyarakat, pertumbuhan M1 juga didorong oleh mobilisasi giro rupiah oleh perbankan terkait dengan kredit yang ekspansif sejalan dengan kegiatan ekonomi yang meningkat. Sejalan dengan M1, M2 juga tumbuh sedikit meningkat yaitu 16,4% dibandingkan dengan pertumbuhan pada akhir tahun 2010 sebesar 15,4%. Dilihat dari Persen I II III IV I II III IV Suku Bunga Kredit Modal Kerja Suku Bunga Kredit Investasi Suku Bunga Kredit Konsumsi Gra/f_i k 7.20 Perkembangan Tingkat Suku Bunga Kredit per Jenis Kredit* DPK BI Rate (Skala Kanan) Persen I II III IV I II III IV *) Tidak termasuk Kredit Channeling Gra/f_i k 7.21 Perkembangan Suku Bunga DPK, Kredit dan BI Rate (5) - M1 Persen Kartal Giro Rupiah I II III IV I II III IV Gra/f_i k 7.22 Kontribusi Pertumbuhan M1 - (15) (10) (5) - M2 (Skala Kanan) NCG Persen Persen NFA CBS NDA I II III IV I II III IV Gra/f_i k 7.23 Kontribusi Pertumbuhan M2 atas dasar Faktor-faktor yang Memengaruhi mempengaruhi perekonomian. Meskipun demikian, besarnya ekses likuiditas perbankan mendorong lambatnya penciptaan uang M1 dan M2 meskipun penyaluran kredit menunjukkan pertumbuhan yang cukup ti nggi (Grafik 7.24).",https://www.bi.go.id/id/publikasi/laporan/Pages/lpi_2011.aspx
2011,57,monetary_policy,246,"Bekerjanya transmisi kebijakan moneter melalui saluran uang beredar juga didukung oleh kecepatan perputaran uang (velositas) M1 dan M2 menunjukkan tren yang meningkat (Grafik 7.25). Perkembangan ini didukung oleh sistem pembayaran non tunai yang semakin efisien (cepat) serta dipengaruhi oleh pendapatan penduduk kelas menengah yang meningkat. faktor-faktor yang memengaruhi, pertumbuhan M2 terutama didorong oleh ti ngginya pertumbuhan kredit (Grafik 7.23). Pada paruh pertama tahun 2011, selain didorong oleh pertumbuhan kredit yang meningkat, pertumbuhan M2 juga didorong oleh aliran masuk modal asing yang masih kuat. Namun, sejalan dengan meningkatnya derajat keti dakpasti an ekonomi global yang berdampak pada terjadinya aliran keluar modal asing pada paruh kedua tahun 2011, kontribusi aliran modal asing terhadap pertumbuhan M2 menjadi berkurang. Peningkatan pertumbuhan M1 dan M2 tersebut menunjukkan bekerjanya transmisi kebijakan moneter melalui saluran uang beredar dalam 1,0 1,1 1,2 1,3 1,4 1,5 1,6 4,0 4,5 5,0 5,5 6,0 6,5 7,0 7,5 8,0 APU M2 APU M1 (Skala Kanan) 2000 2001 2002 2003 2004 2005 2006 2007 2008 2009 2010 2011 Gra/f_i k 7.24 Angka Pengganda Uang M1 dan M2 1,5 1,7 1.9 2,1 2,3 2,5 2,7 2,9 8,0 8,5 9,0 9,5 10,0 10,5 11,0 11,5 12,0 Velositas M1 Velositas M2 (Skala Kanan) 2000 2001 2002 2003 2004 2005 2006 2007 2008 2009 2010 2011 Gra/f_i k 7.25 Velositas M1 dan M2 Pengalaman dari krisis yang terjadi sebelumnya baik di Indonesia maupun di negara lain menunjukkan bahwa penanganan krisis menimbulkan biaya ekonomi dan sosial yang sangat besar serta waktu pemulihan yang lama.",https://www.bi.go.id/id/publikasi/laporan/Pages/lpi_2011.aspx
2011,58,global,145,"Pengalaman juga menunjukkan bahwa perekonomian Indonesia ti dak bisa sepenuhnya terbebas dari risiko yang dapat mengarah pada terjadinya suatu krisis. Meskipun berbagai kebijakan telah ditempuh untuk memperkuat ketahanan perekomian nasional, semakin ti ngginya keti dakpasti an ekonomi dan keuangan global sejak terjadinya krisis di Amerika Serikat dan Eropa dapat menimbulkan kerentanan, seperti besarnya pembalikan modal asing yang terjadi pada semester II 2011. Lebih dari itu, risiko- risiko itu sering ti dak dapat diduga dan diperkirakan secara tepat sebelumnya. Karena itu, langkah yang tepat adalah senanti asa meningkatkan kewaspadaan dengan mengidenti fk asi sumber- sumber kerentanan tersebut serta membangun suatu mekanisme untuk pencegahan dan penanganan krisis. Dengan perti mbangan tersebut, Bank Indonesia telah menyusun Protokol Manajemen Krisis (PMK) sebagai suatu kerangka dan mekanisme yang baku dan terintegrasi dalam rangka pencegahan dan penanganan krisis nilai tukar dan krisis perbankan sebagaimana dituangkan dalam Peraturan Dewan Gubernur Bank Indonesia.",https://www.bi.go.id/id/publikasi/laporan/Pages/lpi_2011.aspx
2011,59,exchange_rate,104,"Secara garis besar, PMK Bank Indonesia tersebut bertujuan untuk memperkuat stabilitas moneter dan sistem keuangan guna mendukung stabilitas makroekonomi. Selain itu, PMK tersebut juga ingin memasti kan proses pengambilan keputusan dilakukan tepat waktu dan efekti f, serta memberikan kepasti an hukum terhadap seti ap ti ndakan dan kebijakan yang diambil dalam rangka pencegahan dan penanganan krisis. PMK Bank Indonesia merupakan bagian dari PMK Nasional yang sedang dibangun. Dalam kaitan ini, Bank Indonesia lebih fokus pada PMK yang terkait dengan krisis nilai tukar dan krisis perbankan. Sementara itu, Pemerintah membangun PMK yang terkait dengan krisis pasar keuangan, krisis fiskal, dan krisis lembaga keuangan bukan bank.",https://www.bi.go.id/id/publikasi/laporan/Pages/lpi_2011.aspx
2011,60,banking_resilience,150,"Pada waktunya berbagai bagian PMK tersebut perlu diintegrasikan dan dikoordinasikan secara erat ke dalam PMK Nasional dalam rangka pencegahan dan penanganan krisis perekonomian secara keseluruhan. Salah satu upaya yang sedang dilakukan Pemerintah adalah menyiapkan Rancangan Undang-Undang Jaring Pengaman Sektor Keuangan (RUU JPSK) sebagai landasan hukum untuk pengambilan kebijakan dalam rangka pencegahan dan penanganan krisis secara nasional. Mengingat sampai saat ini RUU JPSK tersebut masih dalam proses, untuk koordinasi dalam rangka pemeliharaan stabilitas sistem keuangan, pada Juli 2010 otoritas/lembaga yang berwenang di sektor keuangan yang terdiri dari Bank Indonesia, Kementerian Keuangan, dan Lembaga Penjamin Simpanan (LPS) telah menyepakati nota kesepahaman. Nota kesepahaman tersebut antara lain mengamanatkan agar masing-masing insti tusi terkait menyusun PMK yang saling menunjang dalam upaya pencegahan potensi dan penanganan terjadinya krisis sektor keuangan. PMK Bank Indonesia didasarkan pada beberapa prinsip yaitu tata kelola yang baik, pengutamaan pencegahan dan percepatan penanganan krisis, serta koordinasi dan komunikasi yang efekti f.",https://www.bi.go.id/id/publikasi/laporan/Pages/lpi_2011.aspx
2011,61,banking_resilience,139,"Prinsip tata kelola yang baik mencakup aspek: (i) pertanggungjawaban (responsibility), yaitu bahwa kebijakan dalam pencegahan dan penanganan krisis dilakukan sesuai dengan tugas dan kewenangan Bank Indonesia serta implementasinya sesuai dengan tugas dan kewenangan masing-masing satuan kerja; (ii) akuntabilitas (accountability) yaitu bahwa respons kebijakan yang diambil dapat dipertanggungjawabkan. Prinsip pengutamaan pencegahan dan penanganan krisis dimaksudkan bahwa proses pengambilan keputusan dalam kondisi krisis dapat dipercepat namun dengan tetap mengedepankan tata kelola yang baik. Sementara itu, prinsip koordinasi didasari pemikiran bahwa BOKS 7.1 | PROTOKOL MANAJEMEN KRISIS BANK INDONESIA PMK Bank Indonesia merupakan bagian dari PMK Nasional. Adapun prinsip komunikasi yang efekti f ditujukan untuk mengembalikan kepercayaan masyarakat dan dalam upaya mendukung pemulihan perekonomian dari kondisi krisis. Dalam konteks harmonisasi dengan PMK Nasional, PMK Bank Indonesia secara umum terdiri dari ti ga unsur utama, yaitu mekanisme kerja internal, office dan indikator surveillance.",https://www.bi.go.id/id/publikasi/laporan/Pages/lpi_2011.aspx
2011,62,exchange_rate,95,"Mekanisme kerja internal mengatur tanggung jawab dari masing- masing satuan kerja dalam kerangka pencegahan dan penanganan krisis. Office berfungsi sebagai sekretariat penghubung antar protokol di ti ngkat nasional. Adapun indikator surveillance merupakan trigger mechanism dari proses pengambilan keputusan di internal Bank Indonesia, kebijakan yang ditempuh dan koordinasi dengan Pemerintah. Dalam kegiatan surveillance, dilakukan identi fikasi risiko serta asesmen dan perumusan ti ngkat tekanan. Identi fikasi risiko dilakukan terhadap berbagai indikator kuanti tati f makroekonomi, moneter dan keuangan-perbankan di lingkungan ekonomi global maupun domesti k yang dapat memicu tekanan pada nilai tukar Rupiah dan sistem perbankan.",https://www.bi.go.id/id/publikasi/laporan/Pages/lpi_2011.aspx
2011,63,exchange_rate,92,"Indikator surveillance tersebut ditujukan untuk memotret kerentanan (vulnerabiliti es) dan faktor pemicu krisis, namun bukanlah alat untuk memprediksi waktu (ti ming) dan jenis krisis. Indikator kuanti tati f tersebut dilengkapi dengan informasi kualitati f sehingga proses asesmen menjadi lebih komprehensif. Berdasarkan indikator surveillance tersebut, dilakukan asesmen terhadap ti ngkat kerentanan yang berpotensi menyebabkan keti dakstabilan nilai tukar Rupiah dan sistem perbankan. Selanjutnya, dilakukan perumusan ti ngkat tekanan yang dibedakan menjadi kondisi normal dan ti dak normal (Waspada, Siaga, dan Ditengarai Krisis). Berdasarkan hasil dari tahapan surveillance tersebut diputuskan respons kebijakan yang sesuai.",https://www.bi.go.id/id/publikasi/laporan/Pages/lpi_2011.aspx
2011,64,decision,149,"Dalam hal indikator surveillance mengindikasikan kondisi ti dak normal yaitu Waspada, Siaga dan Ditengarai Krisis, maka Bank Indonesia memiliki kewenangan untuk melakukan respons kebijakan pencegahan krisis secara internal. Selain itu, Bank Indonesia akan menginformasikan kondisi ti dak normal tersebut kepada Pemerintah, insti tusi terkait dan/atau Forum Koordinasi Stabilitas Sistem Keuangan (FKSSK) dan menyusun rekomendasi kebijakan yang memerlukan koordinasi antar insti tusi ataupun secara nasional. RISIKO GLOBAL - PASAR KEUANGAN - EKONOMI DOMESTIK - PASAR & LEMB. KEUANGAN - EKONOMI Mengidenti/f_ikasi Mengkaji Merumuskan Memutuskan KETAHANAN EKSTERNAL ANCAMAN RISIKO IDENTIFIKASI SKALA TEKANAN PASAR DAN LEMBAGA KEUANGAN EKONOMI PROTOKOL MANAJEMEN KRISIS KONDISI NORMAL AWARE ALERT CRISIS RESPONS KEBIJAKAN MONITORING CRISIS PREVENTION Di Tingkat Institusi CRISIS PREVENTION Aksi Bersama/Concerted CRISIS RESOLUTION Penetapan Kondisi Krisis K O M U N I K A S I Gambar 1. Protokol Manajemen Krisis Dalam pelaksanaannya, keberhasilan PMK sangat ditentukan oleh pelaksanaan koordinasi yang efekti f antar otoritas.",https://www.bi.go.id/id/publikasi/laporan/Pages/lpi_2011.aspx
2011,65,other,60,"Koordinasi tersebut diperlukan untuk mendukung sinkronisasi dan harmonisasi kebijakan serta ti ndakan bersama yang efekti f, transparan dan akuntabel dengan didukung oleh data dan informasi yang memadai dan akurat. Dukungan data dan informasi tersebut dilakukan dalam bentuk pertukaran data dan informasi mengenai indikator- indikator makro dan mikro ekonomi serta data dan informasi lain yang diperlukan dalam pelaksanaan tugas masing-masing otoritas.",https://www.bi.go.id/id/publikasi/laporan/Pages/lpi_2011.aspx
